player_id,team_id,general_position,minutes_played,data
0Oq624oPq6,jYQJ19EqGR,FB,1618,"[{'action_type': 'Dribbling', 'goals_added_raw': -0.063, 'goals_added_above_avg': -0.1759, 'count_actions': 246}, {'action_type': 'Fouling', 'goals_added_raw': 0.2947, 'goals_added_above_avg': 0.3653, 'count_actions': 27}, {'action_type': 'Interrupting', 'goals_added_raw': 1.2114, 'goals_added_above_avg': 0.1771, 'count_actions': 175}, {'action_type': 'Passing', 'goals_added_raw': 0.3255, 'goals_added_above_avg': -0.2909, 'count_actions': 897}, {'action_type': 'Receiving', 'goals_added_raw': 0.7305, 'goals_added_above_avg': 0.316, 'count_actions': 667}, {'action_type': 'Shooting', 'goals_added_raw': 0.5856, 'goals_added_above_avg': 0.3731, 'count_actions': 18}]"
0Oq624zdq6,APk5LGOMOW,W,1167,"[{'action_type': 'Dribbling', 'goals_added_raw': 0.1327, 'goals_added_above_avg': -0.0795, 'count_actions': 230}, {'action_type': 'Fouling', 'goals_added_raw': -0.3048, 'goals_added_above_avg': -0.3919, 'count_actions': 21}, {'action_type': 'Interrupting', 'goals_added_raw': 0.4102, 'goals_added_above_avg': -0.1674, 'count_actions': 67}, {'action_type': 'Passing', 'goals_added_raw': -0.4024, 'goals_added_above_avg': -0.472, 'count_actions': 337}, {'action_type': 'Receiving', 'goals_added_raw': 1.2726, 'goals_added_above_avg': 0.1565, 'count_actions': 330}, {'action_type': 'Shooting', 'goals_added_raw': 0.4726, 'goals_added_above_avg': -0.0768, 'count_actions': 18}]"
0Oq62JVPq6,a2lqRX2Mr0,FB,103,"[{'action_type': 'Dribbling', 'goals_added_raw': -0.055, 'goals_added_above_avg': -0.0625, 'count_actions': 19}, {'action_type': 'Fouling', 'goals_added_raw': -0.2456, 'goals_added_above_avg': -0.2414, 'count_actions': 3}, {'action_type': 'Interrupting', 'goals_added_raw': 0.0252, 'goals_added_above_avg': -0.0399, 'count_actions': 15}, {'action_type': 'Passing', 'goals_added_raw': -0.0518, 'goals_added_above_avg': -0.0902, 'count_actions': 37}, {'action_type': 'Receiving', 'goals_added_raw': -0.0049, 'goals_added_above_avg': -0.0314, 'count_actions': 23}, {'action_type': 'Shooting', 'goals_added_raw': 0, 'goals_added_above_avg': -0.0136, 'count_actions': 0}]"
0Oq6320dQ6,Vj58weDM8n,DM,1402,"[{'action_type': 'Dribbling', 'goals_added_raw': -0.154, 'goals_added_above_avg': -0.2537, 'count_actions': 172}, {'action_type': 'Fouling', 'goals_added_raw': -0.0119, 'goals_added_above_avg': 0.0773, 'count_actions': 26}, {'action_type': 'Interrupting', 'goals_added_raw': 1.3789, 'goals_added_above_avg': 0.307, 'count_actions': 148}, {'action_type': 'Passing', 'goals_added_raw': 1.0068, 'goals_added_above_avg': 0.327, 'count_actions': 936}, {'action_type': 'Receiving', 'goals_added_raw': 0.1009, 'goals_added_above_avg': -0.2712, 'count_actions': 742}, {'action_type': 'Shooting', 'goals_added_raw': 0.2123, 'goals_added_above_avg': -0.0117, 'count_actions': 8}]"
0Oq633dAQ6,19vQ2095K6,W,952,"[{'action_type': 'Dribbling', 'goals_added_raw': 0.0006, 'goals_added_above_avg': -0.1631, 'count_actions': 184}, {'action_type': 'Fouling', 'goals_added_raw': 0.0261, 'goals_added_above_avg': -0.056, 'count_actions': 25}, {'action_type': 'Interrupting', 'goals_added_raw': 0.0368, 'goals_added_above_avg': -0.421, 'count_actions': 91}, {'action_type': 'Passing', 'goals_added_raw': -0.2104, 'goals_added_above_avg': -0.2259, 'count_actions': 281}, {'action_type': 'Receiving', 'goals_added_raw': 0.822, 'goals_added_above_avg': -0.2079, 'count_actions': 291}, {'action_type': 'Shooting', 'goals_added_raw': 0.4911, 'goals_added_above_avg': -0.0013, 'count_actions': 18}]"
0Oq63DL6Q6,"['jYQJ19EqGR', '19vQ2095K6']",FB,243,"[{'action_type': 'Dribbling', 'goals_added_raw': 0.0423, 'goals_added_above_avg': 0.0169, 'count_actions': 27}, {'action_type': 'Fouling', 'goals_added_raw': 0.0064, 'goals_added_above_avg': 0.009, 'count_actions': 9}, {'action_type': 'Interrupting', 'goals_added_raw': 0.0784, 'goals_added_above_avg': -0.07, 'count_actions': 21}, {'action_type': 'Passing', 'goals_added_raw': -0.0543, 'goals_added_above_avg': -0.1271, 'count_actions': 124}, {'action_type': 'Receiving', 'goals_added_raw': 0.0494, 'goals_added_above_avg': -0.0578, 'count_actions': 94}, {'action_type': 'Shooting', 'goals_added_raw': 0.015, 'goals_added_above_avg': -0.0399, 'count_actions': 1}]"
0Oq63P32Q6,eVq3ya6MWO,CB,1939,"[{'action_type': 'Dribbling', 'goals_added_raw': -0.0675, 'goals_added_above_avg': -0.1089, 'count_actions': 220}, {'action_type': 'Fouling', 'goals_added_raw': -0.2636, 'goals_added_above_avg': -0.0682, 'count_actions': 14}, {'action_type': 'Interrupting', 'goals_added_raw': 1.972, 'goals_added_above_avg': 0.4517, 'count_actions': 225}, {'action_type': 'Passing', 'goals_added_raw': 1.2373, 'goals_added_above_avg': 0.1538, 'count_actions': 1054}, {'action_type': 'Receiving', 'goals_added_raw': 0.5446, 'goals_added_above_avg': 0.1197, 'count_actions': 889}, {'action_type': 'Shooting', 'goals_added_raw': 0.2229, 'goals_added_above_avg': 0.0086, 'count_actions': 16}]"
0Oq63YndQ6,zeQZBOzQKw,CM,2160,"[{'action_type': 'Dribbling', 'goals_added_raw': 0.4251, 'goals_added_above_avg': 0.3201, 'count_actions': 327}, {'action_type': 'Fouling', 'goals_added_raw': 0.0941, 'goals_added_above_avg': 0.0295, 'count_actions': 64}, {'action_type': 'Interrupting', 'goals_added_raw': 0.9038, 'goals_added_above_avg': -0.3795, 'count_actions': 152}, {'action_type': 'Passing', 'goals_added_raw': 0.2081, 'goals_added_above_avg': -0.2572, 'count_actions': 1131}, {'action_type': 'Receiving', 'goals_added_raw': 1.9873, 'goals_added_above_avg': 0.3259, 'count_actions': 1034}, {'action_type': 'Shooting', 'goals_added_raw': 0.8181, 'goals_added_above_avg': 0.0235, 'count_actions': 28}]"
0Oq6712Q6D,NPqxKXZ59d,DM,2099,"[{'action_type': 'Dribbling', 'goals_added_raw': 0.1177, 'goals_added_above_avg': -0.0981, 'count_actions': 266}, {'action_type': 'Fouling', 'goals_added_raw': 0.0032, 'goals_added_above_avg': 0.0795, 'count_actions': 27}, {'action_type': 'Interrupting', 'goals_added_raw': 1.1395, 'goals_added_above_avg': -0.4252, 'count_actions': 115}, {'action_type': 'Passing', 'goals_added_raw': 2.5957, 'goals_added_above_avg': 1.7, 'count_actions': 1333}, {'action_type': 'Receiving', 'goals_added_raw': 0.3185, 'goals_added_above_avg': -0.3264, 'count_actions': 1043}, {'action_type': 'Shooting', 'goals_added_raw': 0.3043, 'goals_added_above_avg': -0.1109, 'count_actions': 11}]"
0Oq6ENn256,jYQJ19EqGR,ST,979,"[{'action_type': 'Dribbling', 'goals_added_raw': -0.5226, 'goals_added_above_avg': -0.3626, 'count_actions': 79}, {'action_type': 'Fouling', 'goals_added_raw': -0.0085, 'goals_added_above_avg': -0.1391, 'count_actions': 21}, {'action_type': 'Interrupting', 'goals_added_raw': 0.2345, 'goals_added_above_avg': -0.102, 'count_actions': 27}, {'action_type': 'Passing', 'goals_added_raw': -1.1204, 'goals_added_above_avg': -0.7787, 'count_actions': 151}, {'action_type': 'Receiving', 'goals_added_raw': 1.9078, 'goals_added_above_avg': -0.1023, 'count_actions': 177}, {'action_type': 'Shooting', 'goals_added_raw': 0.7269, 'goals_added_above_avg': 0.0078, 'count_actions': 22}]"
0Oq6L8EgM6,NWMWlBK5lz,ST,690,"[{'action_type': 'Dribbling', 'goals_added_raw': -0.2731, 'goals_added_above_avg': -0.159, 'count_actions': 96}, {'action_type': 'Fouling', 'goals_added_raw': 0.0333, 'goals_added_above_avg': -0.0589, 'count_actions': 37}, {'action_type': 'Interrupting', 'goals_added_raw': 0.313, 'goals_added_above_avg': 0.0763, 'count_actions': 46}, {'action_type': 'Passing', 'goals_added_raw': -0.1165, 'goals_added_above_avg': 0.1256, 'count_actions': 130}, {'action_type': 'Receiving', 'goals_added_raw': 1.7162, 'goals_added_above_avg': 0.2959, 'count_actions': 171}, {'action_type': 'Shooting', 'goals_added_raw': 0.5143, 'goals_added_above_avg': 0.0067, 'count_actions': 14}]"
0Oq6L8n2M6,Z2vQ1xlqrA,CB,629,"[{'action_type': 'Dribbling', 'goals_added_raw': 0.1282, 'goals_added_above_avg': 0.1147, 'count_actions': 67}, {'action_type': 'Fouling', 'goals_added_raw': -0.0431, 'goals_added_above_avg': 0.0203, 'count_actions': 7}, {'action_type': 'Interrupting', 'goals_added_raw': 0.1961, 'goals_added_above_avg': -0.2971, 'count_actions': 63}, {'action_type': 'Passing', 'goals_added_raw': 0.1726, 'goals_added_above_avg': -0.1789, 'count_actions': 250}, {'action_type': 'Receiving', 'goals_added_raw': 0.0271, 'goals_added_above_avg': -0.1108, 'count_actions': 192}, {'action_type': 'Shooting', 'goals_added_raw': 0.0217, 'goals_added_above_avg': -0.0478, 'count_actions': 3}]"
0Oq6LeJ7M6,a2lqR4JMr0,CB,1593,"[{'action_type': 'Dribbling', 'goals_added_raw': 0.1024, 'goals_added_above_avg': 0.0683, 'count_actions': 234}, {'action_type': 'Fouling', 'goals_added_raw': -0.0778, 'goals_added_above_avg': 0.0827, 'count_actions': 13}, {'action_type': 'Interrupting', 'goals_added_raw': 1.5542, 'goals_added_above_avg': 0.3052, 'count_actions': 207}, {'action_type': 'Passing', 'goals_added_raw': 0.4848, 'goals_added_above_avg': -0.4054, 'count_actions': 956}, {'action_type': 'Receiving', 'goals_added_raw': 0.2212, 'goals_added_above_avg': -0.1279, 'count_actions': 731}, {'action_type': 'Shooting', 'goals_added_raw': 0.016, 'goals_added_above_avg': -0.1601, 'count_actions': 2}]"
0Oq6LgZgM6,jYQJ8EW5GR,ST,1331,"[{'action_type': 'Dribbling', 'goals_added_raw': 0.9665, 'goals_added_above_avg': 1.0216, 'count_actions': 270}, {'action_type': 'Fouling', 'goals_added_raw': -0.0057, 'goals_added_above_avg': -0.167, 'count_actions': 26}, {'action_type': 'Interrupting', 'goals_added_raw': 0.2649, 'goals_added_above_avg': -0.2502, 'count_actions': 46}, {'action_type': 'Passing', 'goals_added_raw': 1.2726, 'goals_added_above_avg': 1.5193, 'count_actions': 497}, {'action_type': 'Receiving', 'goals_added_raw': 1.3987, 'goals_added_above_avg': -0.8601, 'count_actions': 489}, {'action_type': 'Shooting', 'goals_added_raw': 0.9264, 'goals_added_above_avg': 0.0473, 'count_actions': 29}]"
0Oq6LpK2M6,pzeQZ6xQKw,DM,1668,"[{'action_type': 'Dribbling', 'goals_added_raw': -0.2099, 'goals_added_above_avg': -0.3652, 'count_actions': 239}, {'action_type': 'Fouling', 'goals_added_raw': 0.0739, 'goals_added_above_avg': 0.0818, 'count_actions': 45}, {'action_type': 'Interrupting', 'goals_added_raw': 0.6353, 'goals_added_above_avg': -0.4843, 'count_actions': 122}, {'action_type': 'Passing', 'goals_added_raw': -0.4453, 'goals_added_above_avg': -1.0203, 'count_actions': 546}, {'action_type': 'Receiving', 'goals_added_raw': 1.0804, 'goals_added_above_avg': 0.2381, 'count_actions': 495}, {'action_type': 'Shooting', 'goals_added_raw': 0.4227, 'goals_added_above_avg': -0.0344, 'count_actions': 14}]"
0Oq6lyNdM6,kRQand1MKZ,CM,1769,"[{'action_type': 'Dribbling', 'goals_added_raw': 0.1006, 'goals_added_above_avg': -0.056, 'count_actions': 232}, {'action_type': 'Fouling', 'goals_added_raw': -0.0047, 'goals_added_above_avg': 0.0016, 'count_actions': 28}, {'action_type': 'Interrupting', 'goals_added_raw': 0.8697, 'goals_added_above_avg': -0.3143, 'count_actions': 123}, {'action_type': 'Passing', 'goals_added_raw': 0.5962, 'goals_added_above_avg': 0.0121, 'count_actions': 912}, {'action_type': 'Receiving', 'goals_added_raw': 0.1296, 'goals_added_above_avg': -0.6675, 'count_actions': 758}, {'action_type': 'Shooting', 'goals_added_raw': 0.0512, 'goals_added_above_avg': -0.4192, 'count_actions': 3}]"
0Oq6w30XQ6,KAqBN0Vqbg,ST,285,"[{'action_type': 'Dribbling', 'goals_added_raw': -0.1017, 'goals_added_above_avg': -0.0494, 'count_actions': 26}, {'action_type': 'Fouling', 'goals_added_raw': 0.2936, 'goals_added_above_avg': 0.255, 'count_actions': 18}, {'action_type': 'Interrupting', 'goals_added_raw': 0.0521, 'goals_added_above_avg': -0.0439, 'count_actions': 7}, {'action_type': 'Passing', 'goals_added_raw': -0.3645, 'goals_added_above_avg': -0.2593, 'count_actions': 52}, {'action_type': 'Receiving', 'goals_added_raw': 0.4175, 'goals_added_above_avg': -0.1832, 'count_actions': 58}, {'action_type': 'Shooting', 'goals_added_raw': 0.1706, 'goals_added_above_avg': -0.042, 'count_actions': 8}]"
0Oq6wjlzQ6,0KPqjA456v,W,793,"[{'action_type': 'Dribbling', 'goals_added_raw': -0.4726, 'goals_added_above_avg': -0.6003, 'count_actions': 122}, {'action_type': 'Fouling', 'goals_added_raw': 0.0004, 'goals_added_above_avg': -0.0617, 'count_actions': 10}, {'action_type': 'Interrupting', 'goals_added_raw': 0.2543, 'goals_added_above_avg': -0.1381, 'count_actions': 43}, {'action_type': 'Passing', 'goals_added_raw': -0.434, 'goals_added_above_avg': -0.4659, 'count_actions': 229}, {'action_type': 'Receiving', 'goals_added_raw': 1.7286, 'goals_added_above_avg': 0.9221, 'count_actions': 218}, {'action_type': 'Shooting', 'goals_added_raw': 0.385, 'goals_added_above_avg': -0.0032, 'count_actions': 11}]"
0Oq6wmbrQ6,EKXMeX3Q64,CB,1816,"[{'action_type': 'Dribbling', 'goals_added_raw': 0.0164, 'goals_added_above_avg': -0.0224, 'count_actions': 122}, {'action_type': 'Fouling', 'goals_added_raw': -0.061, 'goals_added_above_avg': 0.122, 'count_actions': 18}, {'action_type': 'Interrupting', 'goals_added_raw': 2.4348, 'goals_added_above_avg': 1.0109, 'count_actions': 293}, {'action_type': 'Passing', 'goals_added_raw': 0.8951, 'goals_added_above_avg': -0.1198, 'count_actions': 658}, {'action_type': 'Receiving', 'goals_added_raw': 0.6544, 'goals_added_above_avg': 0.2564, 'count_actions': 433}, {'action_type': 'Shooting', 'goals_added_raw': 0.2458, 'goals_added_above_avg': 0.0451, 'count_actions': 9}]"
0Oq6wvbgQ6,0KPqjA456v,FB,410,"[{'action_type': 'Dribbling', 'goals_added_raw': -0.2974, 'goals_added_above_avg': -0.327, 'count_actions': 48}, {'action_type': 'Fouling', 'goals_added_raw': -0.0024, 'goals_added_above_avg': 0.0143, 'count_actions': 10}, {'action_type': 'Interrupting', 'goals_added_raw': -0.3212, 'goals_added_above_avg': -0.5804, 'count_actions': 55}, {'action_type': 'Passing', 'goals_added_raw': 0.0523, 'goals_added_above_avg': -0.1003, 'count_actions': 208}, {'action_type': 'Receiving', 'goals_added_raw': 0.169, 'goals_added_above_avg': 0.0632, 'count_actions': 142}, {'action_type': 'Shooting', 'goals_added_raw': 0, 'goals_added_above_avg': -0.0543, 'count_actions': 0}]"
0x5g213RM7,zeQZkL1MKw,FB,797,"[{'action_type': 'Dribbling', 'goals_added_raw': -0.0312, 'goals_added_above_avg': -0.0887, 'count_actions': 100}, {'action_type': 'Fouling', 'goals_added_raw': -0.2843, 'goals_added_above_avg': -0.2518, 'count_actions': 20}, {'action_type': 'Interrupting', 'goals_added_raw': 1.0422, 'goals_added_above_avg': 0.5385, 'count_actions': 76}, {'action_type': 'Passing', 'goals_added_raw': 0.404, 'goals_added_above_avg': 0.1075, 'count_actions': 486}, {'action_type': 'Receiving', 'goals_added_raw': 0.275, 'goals_added_above_avg': 0.0694, 'count_actions': 372}, {'action_type': 'Shooting', 'goals_added_raw': 0.1711, 'goals_added_above_avg': 0.0656, 'count_actions': 7}]"
0x5g2BmPM7,KAqBN0Vqbg,CB,1583,"[{'action_type': 'Dribbling', 'goals_added_raw': 0.2158, 'goals_added_above_avg': 0.182, 'count_actions': 289}, {'action_type': 'Fouling', 'goals_added_raw': -0.3527, 'goals_added_above_avg': -0.1932, 'count_actions': 24}, {'action_type': 'Interrupting', 'goals_added_raw': 0.867, 'goals_added_above_avg': -0.3742, 'count_actions': 193}, {'action_type': 'Passing', 'goals_added_raw': 0.9471, 'goals_added_above_avg': 0.0625, 'count_actions': 1068}, {'action_type': 'Receiving', 'goals_added_raw': 0.2616, 'goals_added_above_avg': -0.0853, 'count_actions': 890}, {'action_type': 'Shooting', 'goals_added_raw': 0.2305, 'goals_added_above_avg': 0.0555, 'count_actions': 8}]"
0x5g2EKLM7,9z5k7Yg5A3,W,1711,"[{'action_type': 'Dribbling', 'goals_added_raw': -0.1015, 'goals_added_above_avg': -0.4394, 'count_actions': 228}, {'action_type': 'Fouling', 'goals_added_raw': -0.252, 'goals_added_above_avg': -0.4138, 'count_actions': 36}, {'action_type': 'Interrupting', 'goals_added_raw': 0.2715, 'goals_added_above_avg': -0.5349, 'count_actions': 84}, {'action_type': 'Passing', 'goals_added_raw': 0.1562, 'goals_added_above_avg': 0.1194, 'count_actions': 559}, {'action_type': 'Receiving', 'goals_added_raw': 1.0145, 'goals_added_above_avg': -0.8158, 'count_actions': 477}, {'action_type': 'Shooting', 'goals_added_raw': 0.4417, 'goals_added_above_avg': -0.46, 'count_actions': 18}]"
0x5g2RXXM7,a2lqR4JMr0,CM,1219,"[{'action_type': 'Dribbling', 'goals_added_raw': 0.1559, 'goals_added_above_avg': 0.0516, 'count_actions': 185}, {'action_type': 'Fouling', 'goals_added_raw': -0.0887, 'goals_added_above_avg': -0.0802, 'count_actions': 36}, {'action_type': 'Interrupting', 'goals_added_raw': 0.5504, 'goals_added_above_avg': -0.2724, 'count_actions': 138}, {'action_type': 'Passing', 'goals_added_raw': 0.9329, 'goals_added_above_avg': 0.5376, 'count_actions': 738}, {'action_type': 'Receiving', 'goals_added_raw': 0.4521, 'goals_added_above_avg': -0.0762, 'count_actions': 600}, {'action_type': 'Shooting', 'goals_added_raw': 0.3624, 'goals_added_above_avg': 0.048, 'count_actions': 15}]"
0x5g2pW7M7,mKAqBBmqbg,CB,2408,"[{'action_type': 'Dribbling', 'goals_added_raw': 0.8071, 'goals_added_above_avg': 0.7199, 'count_actions': 237}, {'action_type': 'Fouling', 'goals_added_raw': -0.3197, 'goals_added_above_avg': -0.1192, 'count_actions': 49}, {'action_type': 'Interrupting', 'goals_added_raw': 1.8419, 'goals_added_above_avg': 0.0606, 'count_actions': 278}, {'action_type': 'Passing', 'goals_added_raw': 0.7546, 'goals_added_above_avg': -0.4599, 'count_actions': 973}, {'action_type': 'Receiving', 'goals_added_raw': 0.1947, 'goals_added_above_avg': -0.3603, 'count_actions': 705}, {'action_type': 'Shooting', 'goals_added_raw': 0.293, 'goals_added_above_avg': 0.0115, 'count_actions': 8}]"
0x5g2xoXM7,kRQabn8MKZ,FB,855,"[{'action_type': 'Dribbling', 'goals_added_raw': -0.1965, 'goals_added_above_avg': -0.2549, 'count_actions': 126}, {'action_type': 'Fouling', 'goals_added_raw': -0.1127, 'goals_added_above_avg': -0.0739, 'count_actions': 27}, {'action_type': 'Interrupting', 'goals_added_raw': 0.4923, 'goals_added_above_avg': -0.0581, 'count_actions': 128}, {'action_type': 'Passing', 'goals_added_raw': 0.194, 'goals_added_above_avg': -0.1364, 'count_actions': 421}, {'action_type': 'Receiving', 'goals_added_raw': 0.1793, 'goals_added_above_avg': -0.0388, 'count_actions': 282}, {'action_type': 'Shooting', 'goals_added_raw': 0.08, 'goals_added_above_avg': -0.0317, 'count_actions': 4}]"
0x5gJBgZM7,pzeQZ6xQKw,W,231,"[{'action_type': 'Dribbling', 'goals_added_raw': -0.0353, 'goals_added_above_avg': -0.0779, 'count_actions': 20}, {'action_type': 'Fouling', 'goals_added_raw': 0.2539, 'goals_added_above_avg': 0.2375, 'count_actions': 5}, {'action_type': 'Interrupting', 'goals_added_raw': 0.0999, 'goals_added_above_avg': -0.0203, 'count_actions': 12}, {'action_type': 'Passing', 'goals_added_raw': 0.1238, 'goals_added_above_avg': 0.105, 'count_actions': 69}, {'action_type': 'Receiving', 'goals_added_raw': 0.0964, 'goals_added_above_avg': -0.1208, 'count_actions': 73}, {'action_type': 'Shooting', 'goals_added_raw': 0.0992, 'goals_added_above_avg': -0.0093, 'count_actions': 4}]"
0x5gJEVLM7,EKXMeX3Q64,ST,135,"[{'action_type': 'Dribbling', 'goals_added_raw': -0.0163, 'goals_added_above_avg': 0.0035, 'count_actions': 12}, {'action_type': 'Fouling', 'goals_added_raw': 0.0009, 'goals_added_above_avg': -0.0144, 'count_actions': 3}, {'action_type': 'Interrupting', 'goals_added_raw': 0.0817, 'goals_added_above_avg': 0.0291, 'count_actions': 5}, {'action_type': 'Passing', 'goals_added_raw': 0.014, 'goals_added_above_avg': 0.05, 'count_actions': 17}, {'action_type': 'Receiving', 'goals_added_raw': 0.0911, 'goals_added_above_avg': -0.1626, 'count_actions': 19}, {'action_type': 'Shooting', 'goals_added_raw': 0, 'goals_added_above_avg': -0.0912, 'count_actions': 0}]"
0x5gJJWPM7,a2lqR4JMr0,ST,176,"[{'action_type': 'Dribbling', 'goals_added_raw': -0.0556, 'goals_added_above_avg': -0.0232, 'count_actions': 13}, {'action_type': 'Fouling', 'goals_added_raw': -0.0022, 'goals_added_above_avg': -0.026, 'count_actions': 1}, {'action_type': 'Interrupting', 'goals_added_raw': 0.0455, 'goals_added_above_avg': -0.0137, 'count_actions': 8}, {'action_type': 'Passing', 'goals_added_raw': -0.0816, 'goals_added_above_avg': -0.0167, 'count_actions': 28}, {'action_type': 'Receiving', 'goals_added_raw': 0.3821, 'goals_added_above_avg': 0.0112, 'count_actions': 31}, {'action_type': 'Shooting', 'goals_added_raw': 0.1063, 'goals_added_above_avg': -0.025, 'count_actions': 3}]"
0x5gJWwjM7,APk5LGOMOW,FB,1641,"[{'action_type': 'Dribbling', 'goals_added_raw': -0.2748, 'goals_added_above_avg': -0.3932, 'count_actions': 166}, {'action_type': 'Fouling', 'goals_added_raw': 0.2256, 'goals_added_above_avg': 0.2925, 'count_actions': 35}, {'action_type': 'Interrupting', 'goals_added_raw': 0.8872, 'goals_added_above_avg': -0.1498, 'count_actions': 160}, {'action_type': 'Passing', 'goals_added_raw': -0.0094, 'goals_added_above_avg': -0.62, 'count_actions': 703}, {'action_type': 'Receiving', 'goals_added_raw': 0.393, 'goals_added_above_avg': -0.0305, 'count_actions': 458}, {'action_type': 'Shooting', 'goals_added_raw': 0.2827, 'goals_added_above_avg': 0.0655, 'count_actions': 13}]"
0x5gJY2rM7,lgpMOvnQzy,W,718,"[{'action_type': 'Dribbling', 'goals_added_raw': 1.5789, 'goals_added_above_avg': 1.4352, 'count_actions': 198}, {'action_type': 'Fouling', 'goals_added_raw': 0.2769, 'goals_added_above_avg': 0.2095, 'count_actions': 18}, {'action_type': 'Interrupting', 'goals_added_raw': 0.0543, 'goals_added_above_avg': -0.2847, 'count_actions': 32}, {'action_type': 'Passing', 'goals_added_raw': -0.0361, 'goals_added_above_avg': -0.0415, 'count_actions': 202}, {'action_type': 'Receiving', 'goals_added_raw': 0.8826, 'goals_added_above_avg': 0.1123, 'count_actions': 235}, {'action_type': 'Shooting', 'goals_added_raw': 0.8426, 'goals_added_above_avg': 0.4641, 'count_actions': 32}]"
0x5gJg07M7,Vj58weDM8n,W,523,"[{'action_type': 'Dribbling', 'goals_added_raw': 0.433, 'goals_added_above_avg': 0.3427, 'count_actions': 100}, {'action_type': 'Fouling', 'goals_added_raw': 0.2395, 'goals_added_above_avg': 0.1889, 'count_actions': 16}, {'action_type': 'Interrupting', 'goals_added_raw': 0.2547, 'goals_added_above_avg': 0.0129, 'count_actions': 41}, {'action_type': 'Passing', 'goals_added_raw': -0.3369, 'goals_added_above_avg': -0.3268, 'count_actions': 120}, {'action_type': 'Receiving', 'goals_added_raw': 0.9093, 'goals_added_above_avg': 0.3095, 'count_actions': 133}, {'action_type': 'Shooting', 'goals_added_raw': 0.4414, 'goals_added_above_avg': 0.1575, 'count_actions': 15}]"
0x5gLEbRq7,EKXMeX3Q64,ST,1519,"[{'action_type': 'Dribbling', 'goals_added_raw': -0.2067, 'goals_added_above_avg': -0.0105, 'count_actions': 166}, {'action_type': 'Fouling', 'goals_added_raw': 0.22, 'goals_added_above_avg': 0.0224, 'count_actions': 59}, {'action_type': 'Interrupting', 'goals_added_raw': 0.1702, 'goals_added_above_avg': -0.3704, 'count_actions': 39}, {'action_type': 'Passing', 'goals_added_raw': -0.2064, 'goals_added_above_avg': 0.2428, 'count_actions': 288}, {'action_type': 'Receiving', 'goals_added_raw': 2.488, 'goals_added_above_avg': -0.4723, 'count_actions': 330}, {'action_type': 'Shooting', 'goals_added_raw': 1.092, 'goals_added_above_avg': 0.0089, 'count_actions': 55}]"
0x5gLj27q7,mvzqoLZQap,CM,720,"[{'action_type': 'Dribbling', 'goals_added_raw': -0.0005, 'goals_added_above_avg': -0.0439, 'count_actions': 139}, {'action_type': 'Fouling', 'goals_added_raw': 0.0008, 'goals_added_above_avg': -0.0099, 'count_actions': 32}, {'action_type': 'Interrupting', 'goals_added_raw': 0.3688, 'goals_added_above_avg': -0.0815, 'count_actions': 77}, {'action_type': 'Passing', 'goals_added_raw': -0.3457, 'goals_added_above_avg': -0.5081, 'count_actions': 420}, {'action_type': 'Receiving', 'goals_added_raw': 0.507, 'goals_added_above_avg': 0.0225, 'count_actions': 370}, {'action_type': 'Shooting', 'goals_added_raw': 0.166, 'goals_added_above_avg': -0.0725, 'count_actions': 6}]"
0x5gLm2bq7,EKXMeX3Q64,W,1729,"[{'action_type': 'Dribbling', 'goals_added_raw': -0.0721, 'goals_added_above_avg': -0.161, 'count_actions': 261}, {'action_type': 'Fouling', 'goals_added_raw': -0.2939, 'goals_added_above_avg': -0.476, 'count_actions': 43}, {'action_type': 'Interrupting', 'goals_added_raw': 0.9072, 'goals_added_above_avg': 0.1642, 'count_actions': 120}, {'action_type': 'Passing', 'goals_added_raw': -0.0304, 'goals_added_above_avg': 0.1778, 'count_actions': 448}, {'action_type': 'Receiving', 'goals_added_raw': 2.1706, 'goals_added_above_avg': -0.3092, 'count_actions': 398}, {'action_type': 'Shooting', 'goals_added_raw': 0.9647, 'goals_added_above_avg': -0.0693, 'count_actions': 31}]"
0x5gLogrq7,mvzqoLZQap,ST,172,"[{'action_type': 'Dribbling', 'goals_added_raw': -0.0948, 'goals_added_above_avg': -0.0632, 'count_actions': 20}, {'action_type': 'Fouling', 'goals_added_raw': -0.008, 'goals_added_above_avg': -0.0313, 'count_actions': 8}, {'action_type': 'Interrupting', 'goals_added_raw': -0.0172, 'goals_added_above_avg': -0.0751, 'count_actions': 8}, {'action_type': 'Passing', 'goals_added_raw': 0.3178, 'goals_added_above_avg': 0.3812, 'count_actions': 41}, {'action_type': 'Receiving', 'goals_added_raw': 0.7635, 'goals_added_above_avg': 0.4009, 'count_actions': 46}, {'action_type': 'Shooting', 'goals_added_raw': 0.1698, 'goals_added_above_avg': 0.0415, 'count_actions': 9}]"
0x5gLpbwq7,EKXMeX3Q64,W,132,"[{'action_type': 'Dribbling', 'goals_added_raw': -0.0583, 'goals_added_above_avg': -0.0814, 'count_actions': 13}, {'action_type': 'Fouling', 'goals_added_raw': -0.0061, 'goals_added_above_avg': -0.0148, 'count_actions': 6}, {'action_type': 'Interrupting', 'goals_added_raw': 0.0936, 'goals_added_above_avg': 0.0254, 'count_actions': 13}, {'action_type': 'Passing', 'goals_added_raw': 0.0111, 'goals_added_above_avg': -0.0003, 'count_actions': 49}, {'action_type': 'Receiving', 'goals_added_raw': 0.074, 'goals_added_above_avg': -0.0515, 'count_actions': 38}, {'action_type': 'Shooting', 'goals_added_raw': 0.0432, 'goals_added_above_avg': -0.0185, 'count_actions': 1}]"
0x5gP3gXq7,NWMWlBK5lz,CB,1094,"[{'action_type': 'Dribbling', 'goals_added_raw': -0.0005, 'goals_added_above_avg': -0.0239, 'count_actions': 119}, {'action_type': 'Fouling', 'goals_added_raw': -0.3132, 'goals_added_above_avg': -0.203, 'count_actions': 16}, {'action_type': 'Interrupting', 'goals_added_raw': 0.4436, 'goals_added_above_avg': -0.4142, 'count_actions': 121}, {'action_type': 'Passing', 'goals_added_raw': 0.4478, 'goals_added_above_avg': -0.1635, 'count_actions': 585}, {'action_type': 'Receiving', 'goals_added_raw': -0.041, 'goals_added_above_avg': -0.2807, 'count_actions': 471}, {'action_type': 'Shooting', 'goals_added_raw': 0.1012, 'goals_added_above_avg': -0.0197, 'count_actions': 4}]"
0x5gPv8mq7,YgOMngl5wN,FB,669,"[{'action_type': 'Dribbling', 'goals_added_raw': 0.1473, 'goals_added_above_avg': 0.0899, 'count_actions': 92}, {'action_type': 'Fouling', 'goals_added_raw': 0.0177, 'goals_added_above_avg': 0.0357, 'count_actions': 15}, {'action_type': 'Interrupting', 'goals_added_raw': 0.4187, 'goals_added_above_avg': 0.0034, 'count_actions': 92}, {'action_type': 'Passing', 'goals_added_raw': 0.0211, 'goals_added_above_avg': -0.2037, 'count_actions': 267}, {'action_type': 'Receiving', 'goals_added_raw': 0.1985, 'goals_added_above_avg': -0.0451, 'count_actions': 187}, {'action_type': 'Shooting', 'goals_added_raw': 0.1288, 'goals_added_above_avg': 0.0061, 'count_actions': 4}]"
0x5gWWz757,mKAqBBmqbg,FB,1666,"[{'action_type': 'Dribbling', 'goals_added_raw': -0.2446, 'goals_added_above_avg': -0.3648, 'count_actions': 154}, {'action_type': 'Fouling', 'goals_added_raw': -0.2784, 'goals_added_above_avg': -0.2105, 'count_actions': 41}, {'action_type': 'Interrupting', 'goals_added_raw': -0.183, 'goals_added_above_avg': -1.2359, 'count_actions': 128}, {'action_type': 'Passing', 'goals_added_raw': 0.1561, 'goals_added_above_avg': -0.4637, 'count_actions': 576}, {'action_type': 'Receiving', 'goals_added_raw': 0.6044, 'goals_added_above_avg': 0.1745, 'count_actions': 399}, {'action_type': 'Shooting', 'goals_added_raw': 0.2243, 'goals_added_above_avg': 0.0038, 'count_actions': 9}]"
0x5gWlZb57,NWMWlBK5lz,CB,1875,"[{'action_type': 'Dribbling', 'goals_added_raw': 0.084, 'goals_added_above_avg': -0.0038, 'count_actions': 378}, {'action_type': 'Fouling', 'goals_added_raw': -0.2117, 'goals_added_above_avg': -0.1144, 'count_actions': 43}, {'action_type': 'Interrupting', 'goals_added_raw': 1.0987, 'goals_added_above_avg': -0.2652, 'count_actions': 241}, {'action_type': 'Passing', 'goals_added_raw': 1.145, 'goals_added_above_avg': 0.3424, 'count_actions': 1180}, {'action_type': 'Receiving', 'goals_added_raw': 0.0975, 'goals_added_above_avg': -0.6092, 'count_actions': 960}, {'action_type': 'Shooting', 'goals_added_raw': 0.069, 'goals_added_above_avg': -0.2983, 'count_actions': 4}]"
0x5gk2PL57,9z5k7Yg5A3,ST,880,"[{'action_type': 'Dribbling', 'goals_added_raw': -0.5469, 'goals_added_above_avg': -0.4114, 'count_actions': 97}, {'action_type': 'Fouling', 'goals_added_raw': 0.0283, 'goals_added_above_avg': -0.0836, 'count_actions': 25}, {'action_type': 'Interrupting', 'goals_added_raw': 0.1006, 'goals_added_above_avg': -0.2145, 'count_actions': 31}, {'action_type': 'Passing', 'goals_added_raw': -0.2993, 'goals_added_above_avg': -0.0175, 'count_actions': 219}, {'action_type': 'Receiving', 'goals_added_raw': 1.362, 'goals_added_above_avg': -0.3844, 'count_actions': 217}, {'action_type': 'Shooting', 'goals_added_raw': 0.3032, 'goals_added_above_avg': -0.3251, 'count_actions': 13}]"
2lqR72mAQr,lgpMOvnQzy,W,382,"[{'action_type': 'Dribbling', 'goals_added_raw': 0.3353, 'goals_added_above_avg': 0.2682, 'count_actions': 81}, {'action_type': 'Fouling', 'goals_added_raw': 0.0492, 'goals_added_above_avg': 0.0177, 'count_actions': 8}, {'action_type': 'Interrupting', 'goals_added_raw': 0.2313, 'goals_added_above_avg': 0.0403, 'count_actions': 34}, {'action_type': 'Passing', 'goals_added_raw': 0.2502, 'goals_added_above_avg': 0.2002, 'count_actions': 192}, {'action_type': 'Receiving', 'goals_added_raw': 0.1906, 'goals_added_above_avg': -0.1792, 'count_actions': 180}, {'action_type': 'Shooting', 'goals_added_raw': 0.0347, 'goals_added_above_avg': -0.1518, 'count_actions': 2}]"
2lqR7A8JQr,jYQJ8EW5GR,FB,353,"[{'action_type': 'Dribbling', 'goals_added_raw': 0.0346, 'goals_added_above_avg': 0.0226, 'count_actions': 47}, {'action_type': 'Fouling', 'goals_added_raw': 0.0051, 'goals_added_above_avg': 0.0144, 'count_actions': 4}, {'action_type': 'Interrupting', 'goals_added_raw': 0.1866, 'goals_added_above_avg': -0.0301, 'count_actions': 33}, {'action_type': 'Passing', 'goals_added_raw': 0.0398, 'goals_added_above_avg': -0.0671, 'count_actions': 220}, {'action_type': 'Receiving', 'goals_added_raw': 0.115, 'goals_added_above_avg': -0.056, 'count_actions': 167}, {'action_type': 'Shooting', 'goals_added_raw': 0.0502, 'goals_added_above_avg': -0.0226, 'count_actions': 1}]"
2lqR7V9AQr,"['jYQJ19EqGR', 'pzeQZ6xQKw']",W,1572,"[{'action_type': 'Dribbling', 'goals_added_raw': 1.3129, 'goals_added_above_avg': 1.0348, 'count_actions': 415}, {'action_type': 'Fouling', 'goals_added_raw': -0.2247, 'goals_added_above_avg': -0.3776, 'count_actions': 51}, {'action_type': 'Interrupting', 'goals_added_raw': 0.3341, 'goals_added_above_avg': -0.3955, 'count_actions': 65}, {'action_type': 'Passing', 'goals_added_raw': -0.8076, 'goals_added_above_avg': -0.8403, 'count_actions': 424}, {'action_type': 'Receiving', 'goals_added_raw': 1.5394, 'goals_added_above_avg': -0.2104, 'count_actions': 522}, {'action_type': 'Shooting', 'goals_added_raw': 0.5923, 'goals_added_above_avg': -0.2515, 'count_actions': 27}]"
2lqR7YEaQr,pzeQZ6xQKw,FB,900,"[{'action_type': 'Dribbling', 'goals_added_raw': 0.0076, 'goals_added_above_avg': -0.0615, 'count_actions': 121}, {'action_type': 'Fouling', 'goals_added_raw': 0.0265, 'goals_added_above_avg': 0.0534, 'count_actions': 24}, {'action_type': 'Interrupting', 'goals_added_raw': 0.4751, 'goals_added_above_avg': -0.0821, 'count_actions': 82}, {'action_type': 'Passing', 'goals_added_raw': -0.1007, 'goals_added_above_avg': -0.4336, 'count_actions': 503}, {'action_type': 'Receiving', 'goals_added_raw': 0.068, 'goals_added_above_avg': -0.2118, 'count_actions': 357}, {'action_type': 'Shooting', 'goals_added_raw': 0.0205, 'goals_added_above_avg': -0.1238, 'count_actions': 2}]"
2lqR7wZaQr,mvzqoLZQap,W,1642,"[{'action_type': 'Dribbling', 'goals_added_raw': 0.0772, 'goals_added_above_avg': -0.1896, 'count_actions': 355}, {'action_type': 'Fouling', 'goals_added_raw': -0.0269, 'goals_added_above_avg': -0.116, 'count_actions': 38}, {'action_type': 'Interrupting', 'goals_added_raw': 0.4524, 'goals_added_above_avg': -0.4001, 'count_actions': 127}, {'action_type': 'Passing', 'goals_added_raw': -0.5476, 'goals_added_above_avg': -0.736, 'count_actions': 775}, {'action_type': 'Receiving', 'goals_added_raw': 1.7635, 'goals_added_above_avg': 0.3955, 'count_actions': 706}, {'action_type': 'Shooting', 'goals_added_raw': 0.5008, 'goals_added_above_avg': -0.174, 'count_actions': 21}]"
2lqR7yoAQr,wvq9B9wQWn,FB,134,"[{'action_type': 'Dribbling', 'goals_added_raw': -0.0726, 'goals_added_above_avg': -0.084, 'count_actions': 16}, {'action_type': 'Fouling', 'goals_added_raw': -0.0109, 'goals_added_above_avg': -0.0095, 'count_actions': 6}, {'action_type': 'Interrupting', 'goals_added_raw': 0.0584, 'goals_added_above_avg': -0.0215, 'count_actions': 6}, {'action_type': 'Passing', 'goals_added_raw': -0.0116, 'goals_added_above_avg': -0.0607, 'count_actions': 39}, {'action_type': 'Receiving', 'goals_added_raw': 0.095, 'goals_added_above_avg': 0.0406, 'count_actions': 30}, {'action_type': 'Shooting', 'goals_added_raw': 0.0644, 'goals_added_above_avg': 0.0362, 'count_actions': 2}]"
2lqRJ0l4qr,EKXMeX3Q64,W,213,"[{'action_type': 'Dribbling', 'goals_added_raw': 0.226, 'goals_added_above_avg': 0.2021, 'count_actions': 53}, {'action_type': 'Fouling', 'goals_added_raw': 0.0009, 'goals_added_above_avg': -0.0187, 'count_actions': 5}, {'action_type': 'Interrupting', 'goals_added_raw': 0.0828, 'goals_added_above_avg': -0.0163, 'count_actions': 22}, {'action_type': 'Passing', 'goals_added_raw': 0.0618, 'goals_added_above_avg': 0.0695, 'count_actions': 35}, {'action_type': 'Receiving', 'goals_added_raw': 0.197, 'goals_added_above_avg': -0.062, 'count_actions': 39}, {'action_type': 'Shooting', 'goals_added_raw': 0.0641, 'goals_added_above_avg': -0.0518, 'count_actions': 2}]"
2lqRJVwJqr,NPqxKXZ59d,CB,1808,"[{'action_type': 'Dribbling', 'goals_added_raw': 0.2121, 'goals_added_above_avg': 0.1572, 'count_actions': 222}, {'action_type': 'Fouling', 'goals_added_raw': -0.0369, 'goals_added_above_avg': 0.1277, 'count_actions': 34}, {'action_type': 'Interrupting', 'goals_added_raw': 1.5936, 'goals_added_above_avg': 0.2041, 'count_actions': 223}, {'action_type': 'Passing', 'goals_added_raw': 1.2877, 'goals_added_above_avg': 0.3272, 'count_actions': 986}, {'action_type': 'Receiving', 'goals_added_raw': 1.1126, 'goals_added_above_avg': 0.6392, 'count_actions': 841}, {'action_type': 'Shooting', 'goals_added_raw': 0.5176, 'goals_added_above_avg': 0.2801, 'count_actions': 15}]"
2lqRR4Rxqr,"['zeQZBOzQKw', 'kRQabn8MKZ']",W,697,"[{'action_type': 'Dribbling', 'goals_added_raw': 0.3309, 'goals_added_above_avg': 0.2806, 'count_actions': 74}, {'action_type': 'Fouling', 'goals_added_raw': -0.0138, 'goals_added_above_avg': -0.0889, 'count_actions': 5}, {'action_type': 'Interrupting', 'goals_added_raw': 0.1478, 'goals_added_above_avg': -0.1498, 'count_actions': 20}, {'action_type': 'Passing', 'goals_added_raw': -0.0558, 'goals_added_above_avg': 0.0264, 'count_actions': 214}, {'action_type': 'Receiving', 'goals_added_raw': 0.7218, 'goals_added_above_avg': -0.2664, 'count_actions': 192}, {'action_type': 'Shooting', 'goals_added_raw': 0.4017, 'goals_added_above_avg': -0.0165, 'count_actions': 16}]"
2lqRRZy2qr,gpMOLwl5zy,CM,1219,"[{'action_type': 'Dribbling', 'goals_added_raw': 0.4232, 'goals_added_above_avg': 0.3075, 'count_actions': 100}, {'action_type': 'Fouling', 'goals_added_raw': -0.0007, 'goals_added_above_avg': 0.0141, 'count_actions': 21}, {'action_type': 'Interrupting', 'goals_added_raw': 1.2761, 'goals_added_above_avg': 0.4345, 'count_actions': 89}, {'action_type': 'Passing', 'goals_added_raw': -0.0789, 'goals_added_above_avg': -0.5235, 'count_actions': 570}, {'action_type': 'Receiving', 'goals_added_raw': 0.3864, 'goals_added_above_avg': -0.1189, 'count_actions': 464}, {'action_type': 'Shooting', 'goals_added_raw': 0.2851, 'goals_added_above_avg': -0.018, 'count_actions': 8}]"
2lqRj3Zxqr,APk5LGOMOW,W,485,"[{'action_type': 'Dribbling', 'goals_added_raw': 0.1243, 'goals_added_above_avg': 0.0564, 'count_actions': 61}, {'action_type': 'Fouling', 'goals_added_raw': 0.0373, 'goals_added_above_avg': 0.0147, 'count_actions': 13}, {'action_type': 'Interrupting', 'goals_added_raw': 0.1233, 'goals_added_above_avg': -0.1498, 'count_actions': 28}, {'action_type': 'Passing', 'goals_added_raw': -0.0338, 'goals_added_above_avg': -0.1465, 'count_actions': 122}, {'action_type': 'Receiving', 'goals_added_raw': 0.2902, 'goals_added_above_avg': -0.0895, 'count_actions': 105}, {'action_type': 'Shooting', 'goals_added_raw': 0.2643, 'goals_added_above_avg': 0.0684, 'count_actions': 10}]"
2lqRj7nDqr,"['X0Oq66zq6D', 'a2lqR4JMr0']",ST,173,"[{'action_type': 'Dribbling', 'goals_added_raw': -0.0272, 'goals_added_above_avg': -0.0206, 'count_actions': 14}, {'action_type': 'Fouling', 'goals_added_raw': -0.0184, 'goals_added_above_avg': -0.0346, 'count_actions': 6}, {'action_type': 'Interrupting', 'goals_added_raw': 0.0594, 'goals_added_above_avg': -0.0142, 'count_actions': 4}, {'action_type': 'Passing', 'goals_added_raw': 0.0005, 'goals_added_above_avg': 0.018, 'count_actions': 28}, {'action_type': 'Receiving', 'goals_added_raw': 0.1786, 'goals_added_above_avg': -0.0779, 'count_actions': 32}, {'action_type': 'Shooting', 'goals_added_raw': 0.0135, 'goals_added_above_avg': -0.0859, 'count_actions': 3}]"
2lqRj90Jqr,kRQabn8MKZ,CB,925,"[{'action_type': 'Dribbling', 'goals_added_raw': 0.0157, 'goals_added_above_avg': -0.0404, 'count_actions': 85}, {'action_type': 'Fouling', 'goals_added_raw': -0.334, 'goals_added_above_avg': -0.2824, 'count_actions': 7}, {'action_type': 'Interrupting', 'goals_added_raw': 0.8115, 'goals_added_above_avg': 0.1764, 'count_actions': 110}, {'action_type': 'Passing', 'goals_added_raw': 0.1071, 'goals_added_above_avg': -0.2849, 'count_actions': 418}, {'action_type': 'Receiving', 'goals_added_raw': 0.4011, 'goals_added_above_avg': 0.1103, 'count_actions': 297}, {'action_type': 'Shooting', 'goals_added_raw': 0.2103, 'goals_added_above_avg': 0.0638, 'count_actions': 8}]"
2lqRjDAAqr,zeQZkL1MKw,FB,1610,"[{'action_type': 'Dribbling', 'goals_added_raw': -0.0329, 'goals_added_above_avg': -0.1328, 'count_actions': 232}, {'action_type': 'Fouling', 'goals_added_raw': 0.0499, 'goals_added_above_avg': 0.1349, 'count_actions': 53}, {'action_type': 'Interrupting', 'goals_added_raw': 1.5752, 'goals_added_above_avg': 0.5088, 'count_actions': 166}, {'action_type': 'Passing', 'goals_added_raw': 0.0407, 'goals_added_above_avg': -0.6185, 'count_actions': 761}, {'action_type': 'Receiving', 'goals_added_raw': 1.4826, 'goals_added_above_avg': 1.0796, 'count_actions': 626}, {'action_type': 'Shooting', 'goals_added_raw': 0.3565, 'goals_added_above_avg': 0.1504, 'count_actions': 11}]"
2lqRjL12qr,APk5LGOMOW,CB,602,"[{'action_type': 'Dribbling', 'goals_added_raw': 0.037, 'goals_added_above_avg': 0.0199, 'count_actions': 71}, {'action_type': 'Fouling', 'goals_added_raw': 0.0019, 'goals_added_above_avg': 0.0597, 'count_actions': 10}, {'action_type': 'Interrupting', 'goals_added_raw': 0.0001, 'goals_added_above_avg': -0.4708, 'count_actions': 63}, {'action_type': 'Passing', 'goals_added_raw': 0.6189, 'goals_added_above_avg': 0.288, 'count_actions': 357}, {'action_type': 'Receiving', 'goals_added_raw': 0.1038, 'goals_added_above_avg': -0.0311, 'count_actions': 283}, {'action_type': 'Shooting', 'goals_added_raw': 0.1036, 'goals_added_above_avg': 0.0334, 'count_actions': 6}]"
2lqRjYLWqr,kRQabn8MKZ,CB,1225,"[{'action_type': 'Dribbling', 'goals_added_raw': 0.036, 'goals_added_above_avg': 0.0098, 'count_actions': 133}, {'action_type': 'Fouling', 'goals_added_raw': -0.0074, 'goals_added_above_avg': 0.116, 'count_actions': 9}, {'action_type': 'Interrupting', 'goals_added_raw': 0.6012, 'goals_added_above_avg': -0.3593, 'count_actions': 118}, {'action_type': 'Passing', 'goals_added_raw': 0.3444, 'goals_added_above_avg': -0.3402, 'count_actions': 589}, {'action_type': 'Receiving', 'goals_added_raw': 0.0375, 'goals_added_above_avg': -0.231, 'count_actions': 489}, {'action_type': 'Shooting', 'goals_added_raw': 0.1661, 'goals_added_above_avg': 0.0307, 'count_actions': 6}]"
2lqRjZAaqr,X0Oq66zq6D,AM,68,"[{'action_type': 'Dribbling', 'goals_added_raw': 0.0061, 'goals_added_above_avg': -0.0054, 'count_actions': 13}, {'action_type': 'Fouling', 'goals_added_raw': -0.0061, 'goals_added_above_avg': -0.013, 'count_actions': 2}, {'action_type': 'Interrupting', 'goals_added_raw': 0, 'goals_added_above_avg': -0.0314, 'count_actions': 0}, {'action_type': 'Passing', 'goals_added_raw': -0.0509, 'goals_added_above_avg': -0.0627, 'count_actions': 28}, {'action_type': 'Receiving', 'goals_added_raw': 0.0227, 'goals_added_above_avg': -0.0478, 'count_actions': 24}, {'action_type': 'Shooting', 'goals_added_raw': 0, 'goals_added_above_avg': -0.0357, 'count_actions': 0}]"
2lqRk034Qr,19vQ2095K6,CB,90,"[{'action_type': 'Dribbling', 'goals_added_raw': 0.0039, 'goals_added_above_avg': 0.0019, 'count_actions': 16}, {'action_type': 'Fouling', 'goals_added_raw': 0.0024, 'goals_added_above_avg': 0.0115, 'count_actions': 3}, {'action_type': 'Interrupting', 'goals_added_raw': 0.0458, 'goals_added_above_avg': -0.0247, 'count_actions': 12}, {'action_type': 'Passing', 'goals_added_raw': -0.0153, 'goals_added_above_avg': -0.0656, 'count_actions': 47}, {'action_type': 'Receiving', 'goals_added_raw': -0.0008, 'goals_added_above_avg': -0.0205, 'count_actions': 38}, {'action_type': 'Shooting', 'goals_added_raw': 0, 'goals_added_above_avg': -0.0099, 'count_actions': 0}]"
2lqRk1raQr,WBLMvYAQxe,CB,1670,"[{'action_type': 'Dribbling', 'goals_added_raw': 0.182, 'goals_added_above_avg': 0.1372, 'count_actions': 224}, {'action_type': 'Fouling', 'goals_added_raw': -0.0802, 'goals_added_above_avg': 0.0758, 'count_actions': 28}, {'action_type': 'Interrupting', 'goals_added_raw': 0.9404, 'goals_added_above_avg': -0.3482, 'count_actions': 240}, {'action_type': 'Passing', 'goals_added_raw': 1.7675, 'goals_added_above_avg': 0.8678, 'count_actions': 1056}, {'action_type': 'Receiving', 'goals_added_raw': 0.2916, 'goals_added_above_avg': -0.0945, 'count_actions': 827}, {'action_type': 'Shooting', 'goals_added_raw': 0.069, 'goals_added_above_avg': -0.129, 'count_actions': 1}]"
2lqRk3NWQr,kRQand1MKZ,FB,1706,"[{'action_type': 'Dribbling', 'goals_added_raw': 0.4821, 'goals_added_above_avg': 0.359, 'count_actions': 252}, {'action_type': 'Fouling', 'goals_added_raw': -0.6064, 'goals_added_above_avg': -0.5369, 'count_actions': 50}, {'action_type': 'Interrupting', 'goals_added_raw': 1.8263, 'goals_added_above_avg': 0.7481, 'count_actions': 161}, {'action_type': 'Passing', 'goals_added_raw': 0.0372, 'goals_added_above_avg': -0.5975, 'count_actions': 686}, {'action_type': 'Receiving', 'goals_added_raw': 1.2979, 'goals_added_above_avg': 0.8577, 'count_actions': 533}, {'action_type': 'Shooting', 'goals_added_raw': 0.2929, 'goals_added_above_avg': 0.0671, 'count_actions': 12}]"
2lqRk3lnQr,Vj58weDM8n,DM,1200,"[{'action_type': 'Dribbling', 'goals_added_raw': 0.0208, 'goals_added_above_avg': -0.1092, 'count_actions': 145}, {'action_type': 'Fouling', 'goals_added_raw': -0.2708, 'goals_added_above_avg': -0.2356, 'count_actions': 39}, {'action_type': 'Interrupting', 'goals_added_raw': 0.7971, 'goals_added_above_avg': -0.0797, 'count_actions': 105}, {'action_type': 'Passing', 'goals_added_raw': -0.2248, 'goals_added_above_avg': -0.7097, 'count_actions': 631}, {'action_type': 'Receiving', 'goals_added_raw': 1.2316, 'goals_added_above_avg': 0.8128, 'count_actions': 550}, {'action_type': 'Shooting', 'goals_added_raw': 0.3054, 'goals_added_above_avg': 0.0465, 'count_actions': 12}]"
2lqRkOwnQr,eVq3ya6MWO,CB,1980,"[{'action_type': 'Dribbling', 'goals_added_raw': 0.1408, 'goals_added_above_avg': 0.0985, 'count_actions': 209}, {'action_type': 'Fouling', 'goals_added_raw': -0.3777, 'goals_added_above_avg': -0.1781, 'count_actions': 34}, {'action_type': 'Interrupting', 'goals_added_raw': 1.8663, 'goals_added_above_avg': 0.3138, 'count_actions': 272}, {'action_type': 'Passing', 'goals_added_raw': 2.0003, 'goals_added_above_avg': 0.8939, 'count_actions': 1231}, {'action_type': 'Receiving', 'goals_added_raw': 0.8724, 'goals_added_above_avg': 0.4385, 'count_actions': 1019}, {'action_type': 'Shooting', 'goals_added_raw': 0.1843, 'goals_added_above_avg': -0.0346, 'count_actions': 12}]"
2lqRkWG0Qr,wvq9B9wQWn,FB,1198,"[{'action_type': 'Dribbling', 'goals_added_raw': -0.107, 'goals_added_above_avg': -0.1934, 'count_actions': 144}, {'action_type': 'Fouling', 'goals_added_raw': -0.0293, 'goals_added_above_avg': 0.0196, 'count_actions': 28}, {'action_type': 'Interrupting', 'goals_added_raw': 0.7176, 'goals_added_above_avg': -0.0396, 'count_actions': 107}, {'action_type': 'Passing', 'goals_added_raw': -0.3833, 'goals_added_above_avg': -0.829, 'count_actions': 525}, {'action_type': 'Receiving', 'goals_added_raw': 0.3137, 'goals_added_above_avg': 0.0045, 'count_actions': 394}, {'action_type': 'Shooting', 'goals_added_raw': 0.467, 'goals_added_above_avg': 0.3084, 'count_actions': 17}]"
2lqRkYZnQr,vzqoOgNqap,CM,722,"[{'action_type': 'Dribbling', 'goals_added_raw': 0.0143, 'goals_added_above_avg': -0.0561, 'count_actions': 51}, {'action_type': 'Fouling', 'goals_added_raw': -0.0109, 'goals_added_above_avg': -0.0012, 'count_actions': 20}, {'action_type': 'Interrupting', 'goals_added_raw': 0.3894, 'goals_added_above_avg': -0.1121, 'count_actions': 65}, {'action_type': 'Passing', 'goals_added_raw': 0.134, 'goals_added_above_avg': -0.1371, 'count_actions': 401}, {'action_type': 'Receiving', 'goals_added_raw': 0.1085, 'goals_added_above_avg': -0.1871, 'count_actions': 320}, {'action_type': 'Shooting', 'goals_added_raw': 0.1591, 'goals_added_above_avg': -0.0187, 'count_actions': 5}]"
2lqRkZXDQr,vzqoOgNqap,W,1644,"[{'action_type': 'Dribbling', 'goals_added_raw': 1.2497, 'goals_added_above_avg': 0.9207, 'count_actions': 244}, {'action_type': 'Fouling', 'goals_added_raw': -0.0536, 'goals_added_above_avg': -0.2079, 'count_actions': 33}, {'action_type': 'Interrupting', 'goals_added_raw': 0.6406, 'goals_added_above_avg': -0.1356, 'count_actions': 80}, {'action_type': 'Passing', 'goals_added_raw': -0.4107, 'goals_added_above_avg': -0.4231, 'count_actions': 705}, {'action_type': 'Receiving', 'goals_added_raw': 1.3829, 'goals_added_above_avg': -0.3808, 'count_actions': 590}, {'action_type': 'Shooting', 'goals_added_raw': 0.6609, 'goals_added_above_avg': -0.2057, 'count_actions': 26}]"
2lqRkbN4Qr,jYQJ19EqGR,W,1954,"[{'action_type': 'Dribbling', 'goals_added_raw': 0.087, 'goals_added_above_avg': -0.2927, 'count_actions': 338}, {'action_type': 'Fouling', 'goals_added_raw': 0.3978, 'goals_added_above_avg': 0.2264, 'count_actions': 78}, {'action_type': 'Interrupting', 'goals_added_raw': 1.6516, 'goals_added_above_avg': 0.7149, 'count_actions': 145}, {'action_type': 'Passing', 'goals_added_raw': -0.5904, 'goals_added_above_avg': -0.6375, 'count_actions': 575}, {'action_type': 'Receiving', 'goals_added_raw': 1.7455, 'goals_added_above_avg': -0.2784, 'count_actions': 531}, {'action_type': 'Shooting', 'goals_added_raw': 0.8018, 'goals_added_above_avg': -0.1931, 'count_actions': 31}]"
2lqRked4Qr,"['wvq9B9wQWn', '0KPqjA456v']",AM,1038,"[{'action_type': 'Dribbling', 'goals_added_raw': -0.1864, 'goals_added_above_avg': -0.3079, 'count_actions': 184}, {'action_type': 'Fouling', 'goals_added_raw': -0.0533, 'goals_added_above_avg': -0.1377, 'count_actions': 27}, {'action_type': 'Interrupting', 'goals_added_raw': 0.5024, 'goals_added_above_avg': -0.018, 'count_actions': 53}, {'action_type': 'Passing', 'goals_added_raw': 0.3672, 'goals_added_above_avg': 0.1214, 'count_actions': 553}, {'action_type': 'Receiving', 'goals_added_raw': 0.4124, 'goals_added_above_avg': -0.5676, 'count_actions': 501}, {'action_type': 'Shooting', 'goals_added_raw': 0.5997, 'goals_added_above_avg': 0.1069, 'count_actions': 28}]"
2lqRknk2Qr,jYQJ19EqGR,CB,198,"[{'action_type': 'Dribbling', 'goals_added_raw': 0.0004, 'goals_added_above_avg': -0.0039, 'count_actions': 12}, {'action_type': 'Fouling', 'goals_added_raw': -0.0029, 'goals_added_above_avg': 0.0171, 'count_actions': 3}, {'action_type': 'Interrupting', 'goals_added_raw': 0.141, 'goals_added_above_avg': -0.0143, 'count_actions': 33}, {'action_type': 'Passing', 'goals_added_raw': 0.2772, 'goals_added_above_avg': 0.1665, 'count_actions': 101}, {'action_type': 'Receiving', 'goals_added_raw': 0.1176, 'goals_added_above_avg': 0.0742, 'count_actions': 72}, {'action_type': 'Shooting', 'goals_added_raw': 0.0544, 'goals_added_above_avg': 0.0326, 'count_actions': 4}]"
2lqRkoADQr,19vQ2095K6,W,600,"[{'action_type': 'Dribbling', 'goals_added_raw': 0.5489, 'goals_added_above_avg': 0.4288, 'count_actions': 197}, {'action_type': 'Fouling', 'goals_added_raw': 0.2867, 'goals_added_above_avg': 0.2304, 'count_actions': 15}, {'action_type': 'Interrupting', 'goals_added_raw': 0.0103, 'goals_added_above_avg': -0.273, 'count_actions': 21}, {'action_type': 'Passing', 'goals_added_raw': 0.1797, 'goals_added_above_avg': 0.1752, 'count_actions': 318}, {'action_type': 'Receiving', 'goals_added_raw': 0.386, 'goals_added_above_avg': -0.2577, 'count_actions': 325}, {'action_type': 'Shooting', 'goals_added_raw': 0.2755, 'goals_added_above_avg': -0.0408, 'count_actions': 13}]"
2lqRlEaWMr,jYQJ8EW5GR,ST,118,"[{'action_type': 'Dribbling', 'goals_added_raw': -0.0438, 'goals_added_above_avg': -0.0375, 'count_actions': 33}, {'action_type': 'Fouling', 'goals_added_raw': -0.0378, 'goals_added_above_avg': -0.0477, 'count_actions': 9}, {'action_type': 'Interrupting', 'goals_added_raw': 0.0182, 'goals_added_above_avg': -0.0344, 'count_actions': 8}, {'action_type': 'Passing', 'goals_added_raw': -0.1133, 'goals_added_above_avg': -0.1003, 'count_actions': 39}, {'action_type': 'Receiving', 'goals_added_raw': 0.212, 'goals_added_above_avg': 0.0402, 'count_actions': 36}, {'action_type': 'Shooting', 'goals_added_raw': 0.0895, 'goals_added_above_avg': 0.0237, 'count_actions': 2}]"
2lqRlGWnMr,zeQZBOzQKw,W,203,"[{'action_type': 'Dribbling', 'goals_added_raw': 0.0851, 'goals_added_above_avg': 0.0618, 'count_actions': 27}, {'action_type': 'Fouling', 'goals_added_raw': 0.0423, 'goals_added_above_avg': 0.0214, 'count_actions': 10}, {'action_type': 'Interrupting', 'goals_added_raw': 0.2337, 'goals_added_above_avg': 0.144, 'count_actions': 8}, {'action_type': 'Passing', 'goals_added_raw': -0.14, 'goals_added_above_avg': -0.1245, 'count_actions': 45}, {'action_type': 'Receiving', 'goals_added_raw': 0.1873, 'goals_added_above_avg': -0.0772, 'count_actions': 52}, {'action_type': 'Shooting', 'goals_added_raw': 0.0905, 'goals_added_above_avg': -0.0264, 'count_actions': 3}]"
2vQ14E1Kqr,lgpMOvnQzy,CB,63,"[{'action_type': 'Dribbling', 'goals_added_raw': 0.0239, 'goals_added_above_avg': 0.0218, 'count_actions': 12}, {'action_type': 'Fouling', 'goals_added_raw': 0.0018, 'goals_added_above_avg': 0.0072, 'count_actions': 1}, {'action_type': 'Interrupting', 'goals_added_raw': 0.0176, 'goals_added_above_avg': -0.0294, 'count_actions': 17}, {'action_type': 'Passing', 'goals_added_raw': 0.0496, 'goals_added_above_avg': 0.0173, 'count_actions': 29}, {'action_type': 'Receiving', 'goals_added_raw': 0.0004, 'goals_added_above_avg': -0.014, 'count_actions': 19}, {'action_type': 'Shooting', 'goals_added_raw': 0, 'goals_added_above_avg': -0.0073, 'count_actions': 0}]"
2vQ14dDKqr,eVq3ya6MWO,W,17,"[{'action_type': 'Dribbling', 'goals_added_raw': 0, 'goals_added_above_avg': -0.0034, 'count_actions': 0}, {'action_type': 'Fouling', 'goals_added_raw': 0.0017, 'goals_added_above_avg': 0.0001, 'count_actions': 1}, {'action_type': 'Interrupting', 'goals_added_raw': -0.0007, 'goals_added_above_avg': -0.0088, 'count_actions': 2}, {'action_type': 'Passing', 'goals_added_raw': 0.0082, 'goals_added_above_avg': 0.008, 'count_actions': 7}, {'action_type': 'Receiving', 'goals_added_raw': 0.0057, 'goals_added_above_avg': -0.0125, 'count_actions': 5}, {'action_type': 'Shooting', 'goals_added_raw': 0, 'goals_added_above_avg': -0.009, 'count_actions': 0}]"
2vQ14xl0qr,mvzqoLZQap,CM,1349,"[{'action_type': 'Dribbling', 'goals_added_raw': 0.4019, 'goals_added_above_avg': 0.2808, 'count_actions': 235}, {'action_type': 'Fouling', 'goals_added_raw': -0.2872, 'goals_added_above_avg': -0.2806, 'count_actions': 22}, {'action_type': 'Interrupting', 'goals_added_raw': 0.5249, 'goals_added_above_avg': -0.3825, 'count_actions': 107}, {'action_type': 'Passing', 'goals_added_raw': 2.0533, 'goals_added_above_avg': 1.5994, 'count_actions': 1175}, {'action_type': 'Receiving', 'goals_added_raw': 0.2801, 'goals_added_above_avg': -0.3204, 'count_actions': 969}, {'action_type': 'Shooting', 'goals_added_raw': 0.3079, 'goals_added_above_avg': -0.0473, 'count_actions': 16}]"
2vQ1LYxbqr,jYQJ19EqGR,W,446,"[{'action_type': 'Dribbling', 'goals_added_raw': 0.1202, 'goals_added_above_avg': 0.0522, 'count_actions': 70}, {'action_type': 'Fouling', 'goals_added_raw': 0.0372, 'goals_added_above_avg': 0.0021, 'count_actions': 8}, {'action_type': 'Interrupting', 'goals_added_raw': 0.2691, 'goals_added_above_avg': 0.0492, 'count_actions': 34}, {'action_type': 'Passing', 'goals_added_raw': 0.0547, 'goals_added_above_avg': 0.0269, 'count_actions': 151}, {'action_type': 'Receiving', 'goals_added_raw': 0.9212, 'goals_added_above_avg': 0.4634, 'count_actions': 141}, {'action_type': 'Shooting', 'goals_added_raw': 0.3545, 'goals_added_above_avg': 0.1361, 'count_actions': 9}]"
2vQ1N8GlMr,mvzqoLZQap,CB,92,"[{'action_type': 'Dribbling', 'goals_added_raw': -0.0022, 'goals_added_above_avg': -0.0041, 'count_actions': 16}, {'action_type': 'Fouling', 'goals_added_raw': 0.0037, 'goals_added_above_avg': 0.013, 'count_actions': 2}, {'action_type': 'Interrupting', 'goals_added_raw': -0.0062, 'goals_added_above_avg': -0.0784, 'count_actions': 6}, {'action_type': 'Passing', 'goals_added_raw': 0.0126, 'goals_added_above_avg': -0.0388, 'count_actions': 53}, {'action_type': 'Receiving', 'goals_added_raw': 0.0004, 'goals_added_above_avg': -0.0198, 'count_actions': 49}, {'action_type': 'Shooting', 'goals_added_raw': 0, 'goals_added_above_avg': -0.0102, 'count_actions': 0}]"
2vQ1NBY8Mr,kRQand1MKZ,W,2433,"[{'action_type': 'Dribbling', 'goals_added_raw': 0.131, 'goals_added_above_avg': -0.2659, 'count_actions': 540}, {'action_type': 'Fouling', 'goals_added_raw': 0.0395, 'goals_added_above_avg': -0.187, 'count_actions': 87}, {'action_type': 'Interrupting', 'goals_added_raw': 1.0857, 'goals_added_above_avg': -0.0811, 'count_actions': 171}, {'action_type': 'Passing', 'goals_added_raw': 2.3526, 'goals_added_above_avg': 1.9149, 'count_actions': 1370}, {'action_type': 'Receiving', 'goals_added_raw': 2.0466, 'goals_added_above_avg': -0.36, 'count_actions': 1134}, {'action_type': 'Shooting', 'goals_added_raw': 1.0635, 'goals_added_above_avg': -0.1626, 'count_actions': 46}]"
2vQ1NPw4Mr,lgpMOvnQzy,W,1150,"[{'action_type': 'Dribbling', 'goals_added_raw': 0.2032, 'goals_added_above_avg': -0.0037, 'count_actions': 224}, {'action_type': 'Fouling', 'goals_added_raw': 0.0638, 'goals_added_above_avg': -0.0466, 'count_actions': 52}, {'action_type': 'Interrupting', 'goals_added_raw': 0.5528, 'goals_added_above_avg': 0.018, 'count_actions': 51}, {'action_type': 'Passing', 'goals_added_raw': 0.2795, 'goals_added_above_avg': 0.2936, 'count_actions': 278}, {'action_type': 'Receiving', 'goals_added_raw': 2.0384, 'goals_added_above_avg': 0.742, 'count_actions': 329}, {'action_type': 'Shooting', 'goals_added_raw': 1.1055, 'goals_added_above_avg': 0.4861, 'count_actions': 37}]"
2vQ1R1wOMr,Z2vQ1xlqrA,ST,800,"[{'action_type': 'Dribbling', 'goals_added_raw': -0.1773, 'goals_added_above_avg': -0.1288, 'count_actions': 67}, {'action_type': 'Fouling', 'goals_added_raw': 0.014, 'goals_added_above_avg': -0.0717, 'count_actions': 10}, {'action_type': 'Interrupting', 'goals_added_raw': 0.4259, 'goals_added_above_avg': 0.0934, 'count_actions': 33}, {'action_type': 'Passing', 'goals_added_raw': 0.2834, 'goals_added_above_avg': 0.3943, 'count_actions': 179}, {'action_type': 'Receiving', 'goals_added_raw': 1.2361, 'goals_added_above_avg': -0.0605, 'count_actions': 164}, {'action_type': 'Shooting', 'goals_added_raw': 0.7325, 'goals_added_above_avg': 0.2323, 'count_actions': 20}]"
2vQ1dJAxqr,19vQ2095K6,W,40,"[{'action_type': 'Dribbling', 'goals_added_raw': -0.0198, 'goals_added_above_avg': -0.0204, 'count_actions': 5}, {'action_type': 'Fouling', 'goals_added_raw': 0.0004, 'goals_added_above_avg': -0.0031, 'count_actions': 1}, {'action_type': 'Interrupting', 'goals_added_raw': -0.0052, 'goals_added_above_avg': -0.0241, 'count_actions': 6}, {'action_type': 'Passing', 'goals_added_raw': 0.006, 'goals_added_above_avg': 0.0055, 'count_actions': 15}, {'action_type': 'Receiving', 'goals_added_raw': 0.0015, 'goals_added_above_avg': -0.0511, 'count_actions': 12}, {'action_type': 'Shooting', 'goals_added_raw': 0, 'goals_added_above_avg': -0.0218, 'count_actions': 0}]"
2vQ1dVAwqr,wvq9B9wQWn,AM,134,"[{'action_type': 'Dribbling', 'goals_added_raw': 0.2993, 'goals_added_above_avg': 0.2838, 'count_actions': 35}, {'action_type': 'Fouling', 'goals_added_raw': 0.0036, 'goals_added_above_avg': -0.0045, 'count_actions': 2}, {'action_type': 'Interrupting', 'goals_added_raw': 0.0142, 'goals_added_above_avg': -0.0544, 'count_actions': 12}, {'action_type': 'Passing', 'goals_added_raw': -0.0129, 'goals_added_above_avg': -0.06, 'count_actions': 44}, {'action_type': 'Receiving', 'goals_added_raw': 0.0865, 'goals_added_above_avg': -0.0143, 'count_actions': 50}, {'action_type': 'Shooting', 'goals_added_raw': 0.1512, 'goals_added_above_avg': 0.0985, 'count_actions': 5}]"
2vQ1dZ8Kqr,a2lqR4JMr0,CB,1271,"[{'action_type': 'Dribbling', 'goals_added_raw': 0.1534, 'goals_added_above_avg': 0.1262, 'count_actions': 218}, {'action_type': 'Fouling', 'goals_added_raw': -0.012, 'goals_added_above_avg': 0.1161, 'count_actions': 5}, {'action_type': 'Interrupting', 'goals_added_raw': 1.0724, 'goals_added_above_avg': 0.0758, 'count_actions': 148}, {'action_type': 'Passing', 'goals_added_raw': 0.9182, 'goals_added_above_avg': 0.208, 'count_actions': 913}, {'action_type': 'Receiving', 'goals_added_raw': 0.2952, 'goals_added_above_avg': 0.0167, 'count_actions': 691}, {'action_type': 'Shooting', 'goals_added_raw': 0.2347, 'goals_added_above_avg': 0.0943, 'count_actions': 9}]"
2vQ1dlaOqr,APk5LGOMOW,FB,65,"[{'action_type': 'Dribbling', 'goals_added_raw': -0.0129, 'goals_added_above_avg': -0.0176, 'count_actions': 9}, {'action_type': 'Fouling', 'goals_added_raw': 0.0008, 'goals_added_above_avg': 0.0035, 'count_actions': 1}, {'action_type': 'Interrupting', 'goals_added_raw': 0.0191, 'goals_added_above_avg': -0.022, 'count_actions': 10}, {'action_type': 'Passing', 'goals_added_raw': -0.0072, 'goals_added_above_avg': -0.0314, 'count_actions': 27}, {'action_type': 'Receiving', 'goals_added_raw': 0.0048, 'goals_added_above_avg': -0.0119, 'count_actions': 13}, {'action_type': 'Shooting', 'goals_added_raw': 0, 'goals_added_above_avg': -0.0086, 'count_actions': 0}]"
2vQ1dr8bqr,NWMWlBK5lz,CB,764,"[{'action_type': 'Dribbling', 'goals_added_raw': -0.0678, 'goals_added_above_avg': -0.0842, 'count_actions': 159}, {'action_type': 'Fouling', 'goals_added_raw': 0.0237, 'goals_added_above_avg': 0.1007, 'count_actions': 9}, {'action_type': 'Interrupting', 'goals_added_raw': 0.4645, 'goals_added_above_avg': -0.1345, 'count_actions': 81}, {'action_type': 'Passing', 'goals_added_raw': 0.7136, 'goals_added_above_avg': 0.2867, 'count_actions': 544}, {'action_type': 'Receiving', 'goals_added_raw': 0.0164, 'goals_added_above_avg': -0.151, 'count_actions': 471}, {'action_type': 'Shooting', 'goals_added_raw': 0.1083, 'goals_added_above_avg': 0.0238, 'count_actions': 6}]"
2vQ1eBB8Qr,kaDQ0wRqEv,ST,95,"[{'action_type': 'Dribbling', 'goals_added_raw': -0.1822, 'goals_added_above_avg': -0.1895, 'count_actions': 16}, {'action_type': 'Fouling', 'goals_added_raw': 0.0016, 'goals_added_above_avg': -0.0027, 'count_actions': 2}, {'action_type': 'Interrupting', 'goals_added_raw': 0.0356, 'goals_added_above_avg': -0.016, 'count_actions': 6}, {'action_type': 'Passing', 'goals_added_raw': 0.0062, 'goals_added_above_avg': -0.0044, 'count_actions': 24}, {'action_type': 'Receiving', 'goals_added_raw': 0.0945, 'goals_added_above_avg': 0.0093, 'count_actions': 26}, {'action_type': 'Shooting', 'goals_added_raw': 0.092, 'goals_added_above_avg': 0.0532, 'count_actions': 2}]"
2vQ1zXGMrA,APk5LGOMOW,AM,311,"[{'action_type': 'Dribbling', 'goals_added_raw': 0.0874, 'goals_added_above_avg': 0.0624, 'count_actions': 80}, {'action_type': 'Fouling', 'goals_added_raw': 0.0144, 'goals_added_above_avg': -0.0064, 'count_actions': 10}, {'action_type': 'Interrupting', 'goals_added_raw': 0.0661, 'goals_added_above_avg': -0.0971, 'count_actions': 18}, {'action_type': 'Passing', 'goals_added_raw': 0.2523, 'goals_added_above_avg': 0.1956, 'count_actions': 201}, {'action_type': 'Receiving', 'goals_added_raw': 0.1141, 'goals_added_above_avg': -0.1912, 'count_actions': 173}, {'action_type': 'Shooting', 'goals_added_raw': 0.0379, 'goals_added_above_avg': -0.1053, 'count_actions': 4}]"
315V1k0nM9,lgpMOvnQzy,W,133,"[{'action_type': 'Dribbling', 'goals_added_raw': 0.0247, 'goals_added_above_avg': 0.0122, 'count_actions': 32}, {'action_type': 'Fouling', 'goals_added_raw': 0.0048, 'goals_added_above_avg': -0.0026, 'count_actions': 3}, {'action_type': 'Interrupting', 'goals_added_raw': -0.1489, 'goals_added_above_avg': -0.2158, 'count_actions': 15}, {'action_type': 'Passing', 'goals_added_raw': -0.1436, 'goals_added_above_avg': -0.1524, 'count_actions': 72}, {'action_type': 'Receiving', 'goals_added_raw': 0.1629, 'goals_added_above_avg': 0.0334, 'count_actions': 62}, {'action_type': 'Shooting', 'goals_added_raw': 0.0493, 'goals_added_above_avg': -0.0082, 'count_actions': 2}]"
315V60b59x,NPqxKXZ59d,CB,1797,"[{'action_type': 'Dribbling', 'goals_added_raw': 0.1133, 'goals_added_above_avg': 0.0748, 'count_actions': 282}, {'action_type': 'Fouling', 'goals_added_raw': -0.0622, 'goals_added_above_avg': 0.1189, 'count_actions': 15}, {'action_type': 'Interrupting', 'goals_added_raw': 0.4147, 'goals_added_above_avg': -0.9943, 'count_actions': 165}, {'action_type': 'Passing', 'goals_added_raw': 1.4224, 'goals_added_above_avg': 0.4182, 'count_actions': 1016}, {'action_type': 'Receiving', 'goals_added_raw': 0.064, 'goals_added_above_avg': -0.3298, 'count_actions': 848}, {'action_type': 'Shooting', 'goals_added_raw': 0.0409, 'goals_added_above_avg': -0.1577, 'count_actions': 1}]"
315V7AgEq9,19vQ2095K6,W,1779,"[{'action_type': 'Dribbling', 'goals_added_raw': 0.4026, 'goals_added_above_avg': 0.1105, 'count_actions': 256}, {'action_type': 'Fouling', 'goals_added_raw': 0.5209, 'goals_added_above_avg': 0.4271, 'count_actions': 31}, {'action_type': 'Interrupting', 'goals_added_raw': 0.8881, 'goals_added_above_avg': -0.0583, 'count_actions': 129}, {'action_type': 'Passing', 'goals_added_raw': -0.0768, 'goals_added_above_avg': -0.2996, 'count_actions': 587}, {'action_type': 'Receiving', 'goals_added_raw': 3.2615, 'goals_added_above_avg': 1.7909, 'count_actions': 553}, {'action_type': 'Shooting', 'goals_added_raw': 1.388, 'goals_added_above_avg': 0.6559, 'count_actions': 50}]"
315V7V1Yq9,X0Oq66zq6D,FB,972,"[{'action_type': 'Dribbling', 'goals_added_raw': 0.0465, 'goals_added_above_avg': -0.0236, 'count_actions': 138}, {'action_type': 'Fouling', 'goals_added_raw': -0.0164, 'goals_added_above_avg': 0.0232, 'count_actions': 14}, {'action_type': 'Interrupting', 'goals_added_raw': 0.4234, 'goals_added_above_avg': -0.1909, 'count_actions': 90}, {'action_type': 'Passing', 'goals_added_raw': 0.1149, 'goals_added_above_avg': -0.2467, 'count_actions': 454}, {'action_type': 'Receiving', 'goals_added_raw': 0.2164, 'goals_added_above_avg': -0.0344, 'count_actions': 296}, {'action_type': 'Shooting', 'goals_added_raw': 0.1389, 'goals_added_above_avg': 0.0103, 'count_actions': 5}]"
315V7Z2Vq9,19vQ2095K6,ST,2211,"[{'action_type': 'Dribbling', 'goals_added_raw': 0.2229, 'goals_added_above_avg': 0.5948, 'count_actions': 231}, {'action_type': 'Fouling', 'goals_added_raw': 0.6098, 'goals_added_above_avg': 0.3138, 'count_actions': 48}, {'action_type': 'Interrupting', 'goals_added_raw': 0.7097, 'goals_added_above_avg': -0.0463, 'count_actions': 68}, {'action_type': 'Passing', 'goals_added_raw': -1.7053, 'goals_added_above_avg': -0.923, 'count_actions': 320}, {'action_type': 'Receiving', 'goals_added_raw': 5.3179, 'goals_added_above_avg': 0.7492, 'count_actions': 368}, {'action_type': 'Shooting', 'goals_added_raw': 1.4778, 'goals_added_above_avg': -0.1524, 'count_actions': 57}]"
315V7bLYq9,0KPqjA456v,CB,2192,"[{'action_type': 'Dribbling', 'goals_added_raw': 0.085, 'goals_added_above_avg': 0.0381, 'count_actions': 217}, {'action_type': 'Fouling', 'goals_added_raw': -0.0909, 'goals_added_above_avg': 0.13, 'count_actions': 28}, {'action_type': 'Interrupting', 'goals_added_raw': 0.5033, 'goals_added_above_avg': -1.2154, 'count_actions': 258}, {'action_type': 'Passing', 'goals_added_raw': 1.4474, 'goals_added_above_avg': 0.2225, 'count_actions': 1181}, {'action_type': 'Receiving', 'goals_added_raw': 0.3844, 'goals_added_above_avg': -0.096, 'count_actions': 907}, {'action_type': 'Shooting', 'goals_added_raw': 0.3347, 'goals_added_above_avg': 0.0924, 'count_actions': 10}]"
315V7ox6q9,pzeQZ6xQKw,W,304,"[{'action_type': 'Dribbling', 'goals_added_raw': 0.141, 'goals_added_above_avg': 0.0971, 'count_actions': 77}, {'action_type': 'Fouling', 'goals_added_raw': -0.0046, 'goals_added_above_avg': -0.0164, 'count_actions': 12}, {'action_type': 'Interrupting', 'goals_added_raw': 0.1381, 'goals_added_above_avg': -0.0299, 'count_actions': 26}, {'action_type': 'Passing', 'goals_added_raw': 0.1457, 'goals_added_above_avg': 0.0957, 'count_actions': 120}, {'action_type': 'Receiving', 'goals_added_raw': 0.2089, 'goals_added_above_avg': -0.0143, 'count_actions': 120}, {'action_type': 'Shooting', 'goals_added_raw': 0.0737, 'goals_added_above_avg': -0.039, 'count_actions': 4}]"
315V7yb6q9,vzqoOgNqap,AM,56,"[{'action_type': 'Dribbling', 'goals_added_raw': -0.0458, 'goals_added_above_avg': -0.0508, 'count_actions': 10}, {'action_type': 'Fouling', 'goals_added_raw': 0.0088, 'goals_added_above_avg': 0.0028, 'count_actions': 3}, {'action_type': 'Interrupting', 'goals_added_raw': -0.0061, 'goals_added_above_avg': -0.0303, 'count_actions': 7}, {'action_type': 'Passing', 'goals_added_raw': -0.0166, 'goals_added_above_avg': -0.0165, 'count_actions': 17}, {'action_type': 'Receiving', 'goals_added_raw': 0.0592, 'goals_added_above_avg': -0.0143, 'count_actions': 17}, {'action_type': 'Shooting', 'goals_added_raw': 0, 'goals_added_above_avg': -0.0325, 'count_actions': 0}]"
315VPKlXQ9,APk5LGOMOW,W,918,"[{'action_type': 'Dribbling', 'goals_added_raw': 1.1671, 'goals_added_above_avg': 0.9883, 'count_actions': 218}, {'action_type': 'Fouling', 'goals_added_raw': 0.3957, 'goals_added_above_avg': 0.3082, 'count_actions': 35}, {'action_type': 'Interrupting', 'goals_added_raw': 0.2712, 'goals_added_above_avg': -0.1607, 'count_actions': 36}, {'action_type': 'Passing', 'goals_added_raw': 0.1587, 'goals_added_above_avg': 0.1262, 'count_actions': 279}, {'action_type': 'Receiving', 'goals_added_raw': 0.6859, 'goals_added_above_avg': -0.2933, 'count_actions': 267}, {'action_type': 'Shooting', 'goals_added_raw': 0.7509, 'goals_added_above_avg': 0.2673, 'count_actions': 27}]"
315VPPBEQ9,Vj58weDM8n,FB,2085,"[{'action_type': 'Dribbling', 'goals_added_raw': 0.0536, 'goals_added_above_avg': -0.0921, 'count_actions': 295}, {'action_type': 'Fouling', 'goals_added_raw': -0.1077, 'goals_added_above_avg': -0.017, 'count_actions': 43}, {'action_type': 'Interrupting', 'goals_added_raw': 1.1064, 'goals_added_above_avg': -0.2257, 'count_actions': 229}, {'action_type': 'Passing', 'goals_added_raw': 0.8306, 'goals_added_above_avg': 0.0372, 'count_actions': 1332}, {'action_type': 'Receiving', 'goals_added_raw': 0.296, 'goals_added_above_avg': -0.2383, 'count_actions': 999}, {'action_type': 'Shooting', 'goals_added_raw': 0.2848, 'goals_added_above_avg': 0.0109, 'count_actions': 12}]"
315VPR6vQ9,mKAqBBmqbg,ST,1842,"[{'action_type': 'Dribbling', 'goals_added_raw': 1.181, 'goals_added_above_avg': 1.4948, 'count_actions': 235}, {'action_type': 'Fouling', 'goals_added_raw': 0.2327, 'goals_added_above_avg': -0.0021, 'count_actions': 39}, {'action_type': 'Interrupting', 'goals_added_raw': 1.1029, 'goals_added_above_avg': 0.4475, 'count_actions': 102}, {'action_type': 'Passing', 'goals_added_raw': -0.6838, 'goals_added_above_avg': -0.0729, 'count_actions': 475}, {'action_type': 'Receiving', 'goals_added_raw': 5.1877, 'goals_added_above_avg': 1.4584, 'count_actions': 501}, {'action_type': 'Shooting', 'goals_added_raw': 2.3145, 'goals_added_above_avg': 0.9872, 'count_actions': 78}]"
315VPVXbQ9,YgOMngl5wN,W,637,"[{'action_type': 'Dribbling', 'goals_added_raw': 0.3492, 'goals_added_above_avg': 0.2579, 'count_actions': 76}, {'action_type': 'Fouling', 'goals_added_raw': -0.1154, 'goals_added_above_avg': -0.1528, 'count_actions': 14}, {'action_type': 'Interrupting', 'goals_added_raw': 0.4423, 'goals_added_above_avg': 0.118, 'count_actions': 61}, {'action_type': 'Passing', 'goals_added_raw': -0.3141, 'goals_added_above_avg': -0.3701, 'count_actions': 140}, {'action_type': 'Receiving', 'goals_added_raw': 0.3632, 'goals_added_above_avg': -0.2126, 'count_actions': 126}, {'action_type': 'Shooting', 'goals_added_raw': 0.2182, 'goals_added_above_avg': -0.0555, 'count_actions': 9}]"
315VPZmnQ9,"['lgpMOvnQzy', 'kRQand1MKZ']",W,622,"[{'action_type': 'Dribbling', 'goals_added_raw': -0.0525, 'goals_added_above_avg': -0.1671, 'count_actions': 171}, {'action_type': 'Fouling', 'goals_added_raw': 0.5563, 'goals_added_above_avg': 0.5041, 'count_actions': 20}, {'action_type': 'Interrupting', 'goals_added_raw': 0.3545, 'goals_added_above_avg': 0.0535, 'count_actions': 47}, {'action_type': 'Passing', 'goals_added_raw': 0.0015, 'goals_added_above_avg': -0.0394, 'count_actions': 211}, {'action_type': 'Receiving', 'goals_added_raw': 0.2861, 'goals_added_above_avg': -0.3351, 'count_actions': 230}, {'action_type': 'Shooting', 'goals_added_raw': 0.4605, 'goals_added_above_avg': 0.1533, 'count_actions': 17}]"
315VWBjEq9,KAqBN0Vqbg,DM,207,"[{'action_type': 'Dribbling', 'goals_added_raw': 0.0444, 'goals_added_above_avg': 0.0223, 'count_actions': 26}, {'action_type': 'Fouling', 'goals_added_raw': 0.0031, 'goals_added_above_avg': 0.012, 'count_actions': 3}, {'action_type': 'Interrupting', 'goals_added_raw': 0.066, 'goals_added_above_avg': -0.0916, 'count_actions': 29}, {'action_type': 'Passing', 'goals_added_raw': 0.1539, 'goals_added_above_avg': 0.0608, 'count_actions': 135}, {'action_type': 'Receiving', 'goals_added_raw': 0.0271, 'goals_added_above_avg': -0.0307, 'count_actions': 115}, {'action_type': 'Shooting', 'goals_added_raw': 0.0797, 'goals_added_above_avg': 0.0415, 'count_actions': 4}]"
315VX4PEQ9,NPqxKXZ59d,DM,1046,"[{'action_type': 'Dribbling', 'goals_added_raw': 0.0524, 'goals_added_above_avg': -0.0601, 'count_actions': 136}, {'action_type': 'Fouling', 'goals_added_raw': -0.0122, 'goals_added_above_avg': 0.0093, 'count_actions': 15}, {'action_type': 'Interrupting', 'goals_added_raw': 0.558, 'goals_added_above_avg': -0.1869, 'count_actions': 68}, {'action_type': 'Passing', 'goals_added_raw': -0.2005, 'goals_added_above_avg': -0.6121, 'count_actions': 492}, {'action_type': 'Receiving', 'goals_added_raw': 0.2538, 'goals_added_above_avg': -0.152, 'count_actions': 409}, {'action_type': 'Shooting', 'goals_added_raw': 0.1449, 'goals_added_above_avg': -0.1003, 'count_actions': 7}]"
315VXO8XQ9,wvq9B9wQWn,FB,1618,"[{'action_type': 'Dribbling', 'goals_added_raw': 0.323, 'goals_added_above_avg': 0.2062, 'count_actions': 151}, {'action_type': 'Fouling', 'goals_added_raw': 0.0597, 'goals_added_above_avg': 0.1257, 'count_actions': 37}, {'action_type': 'Interrupting', 'goals_added_raw': 0.8771, 'goals_added_above_avg': -0.1455, 'count_actions': 147}, {'action_type': 'Passing', 'goals_added_raw': -0.2211, 'goals_added_above_avg': -0.8231, 'count_actions': 622}, {'action_type': 'Receiving', 'goals_added_raw': 0.9491, 'goals_added_above_avg': 0.5316, 'count_actions': 450}, {'action_type': 'Shooting', 'goals_added_raw': 0.2383, 'goals_added_above_avg': 0.0242, 'count_actions': 10}]"
315VXyJXQ9,X0Oq66zq6D,FB,1617,"[{'action_type': 'Dribbling', 'goals_added_raw': -0.0988, 'goals_added_above_avg': -0.2154, 'count_actions': 133}, {'action_type': 'Fouling', 'goals_added_raw': 0.2294, 'goals_added_above_avg': 0.2953, 'count_actions': 33}, {'action_type': 'Interrupting', 'goals_added_raw': 0.0558, 'goals_added_above_avg': -0.9662, 'count_actions': 176}, {'action_type': 'Passing', 'goals_added_raw': 0.7525, 'goals_added_above_avg': 0.1509, 'count_actions': 780}, {'action_type': 'Receiving', 'goals_added_raw': 0.7772, 'goals_added_above_avg': 0.3599, 'count_actions': 538}, {'action_type': 'Shooting', 'goals_added_raw': 0.352, 'goals_added_above_avg': 0.1379, 'count_actions': 14}]"
315VkJ1Yq9,"['pzeQZ6xQKw', 'zeQZBOzQKw']",CB,556,"[{'action_type': 'Dribbling', 'goals_added_raw': -0.3549, 'goals_added_above_avg': -0.3739, 'count_actions': 63}, {'action_type': 'Fouling', 'goals_added_raw': 0.0016, 'goals_added_above_avg': 0.0493, 'count_actions': 3}, {'action_type': 'Interrupting', 'goals_added_raw': 0.3409, 'goals_added_above_avg': -0.0739, 'count_actions': 46}, {'action_type': 'Passing', 'goals_added_raw': 0.2872, 'goals_added_above_avg': 0.0025, 'count_actions': 352}, {'action_type': 'Receiving', 'goals_added_raw': 0.0077, 'goals_added_above_avg': -0.1196, 'count_actions': 313}, {'action_type': 'Shooting', 'goals_added_raw': 0, 'goals_added_above_avg': -0.0645, 'count_actions': 0}]"
4JMARyP65K,Vj58weDM8n,W,198,"[{'action_type': 'Dribbling', 'goals_added_raw': -0.0353, 'goals_added_above_avg': -0.0497, 'count_actions': 28}, {'action_type': 'Fouling', 'goals_added_raw': 0.0069, 'goals_added_above_avg': -0.0074, 'count_actions': 6}, {'action_type': 'Interrupting', 'goals_added_raw': 0.0702, 'goals_added_above_avg': -0.0304, 'count_actions': 12}, {'action_type': 'Passing', 'goals_added_raw': 0.027, 'goals_added_above_avg': 0.014, 'count_actions': 61}, {'action_type': 'Receiving', 'goals_added_raw': 0.1257, 'goals_added_above_avg': -0.0969, 'count_actions': 51}, {'action_type': 'Shooting', 'goals_added_raw': 0.0596, 'goals_added_above_avg': -0.0386, 'count_actions': 2}]"
4JMAaRwPMK,YgOMngl5wN,CM,1538,"[{'action_type': 'Dribbling', 'goals_added_raw': 0.1934, 'goals_added_above_avg': 0.0511, 'count_actions': 305}, {'action_type': 'Fouling', 'goals_added_raw': -0.324, 'goals_added_above_avg': -0.2948, 'count_actions': 42}, {'action_type': 'Interrupting', 'goals_added_raw': 0.6055, 'goals_added_above_avg': -0.4768, 'count_actions': 106}, {'action_type': 'Passing', 'goals_added_raw': 0.3653, 'goals_added_above_avg': -0.1976, 'count_actions': 1056}, {'action_type': 'Receiving', 'goals_added_raw': 0.5847, 'goals_added_above_avg': -0.0028, 'count_actions': 905}, {'action_type': 'Shooting', 'goals_added_raw': 0.3423, 'goals_added_above_avg': -0.0167, 'count_actions': 15}]"
4JMAk1lYqK,a2lqRX2Mr0,CM,124,"[{'action_type': 'Dribbling', 'goals_added_raw': 0.1317, 'goals_added_above_avg': 0.1211, 'count_actions': 33}, {'action_type': 'Fouling', 'goals_added_raw': -0.0282, 'goals_added_above_avg': -0.0274, 'count_actions': 3}, {'action_type': 'Interrupting', 'goals_added_raw': 0.235, 'goals_added_above_avg': 0.1513, 'count_actions': 9}, {'action_type': 'Passing', 'goals_added_raw': 0.0328, 'goals_added_above_avg': -0.0074, 'count_actions': 69}, {'action_type': 'Receiving', 'goals_added_raw': 0.094, 'goals_added_above_avg': 0.0402, 'count_actions': 58}, {'action_type': 'Shooting', 'goals_added_raw': 0.0111, 'goals_added_above_avg': -0.0209, 'count_actions': 1}]"
4JMAk2EkqK,zeQZkL1MKw,CM,107,"[{'action_type': 'Dribbling', 'goals_added_raw': -0.1293, 'goals_added_above_avg': -0.1413, 'count_actions': 19}, {'action_type': 'Fouling', 'goals_added_raw': -0.0019, 'goals_added_above_avg': -0.0026, 'count_actions': 2}, {'action_type': 'Interrupting', 'goals_added_raw': 0.0492, 'goals_added_above_avg': -0.0205, 'count_actions': 7}, {'action_type': 'Passing', 'goals_added_raw': -0.0392, 'goals_added_above_avg': -0.0698, 'count_actions': 46}, {'action_type': 'Receiving', 'goals_added_raw': 0.0287, 'goals_added_above_avg': -0.028, 'count_actions': 39}, {'action_type': 'Shooting', 'goals_added_raw': 0.0339, 'goals_added_above_avg': 0.0021, 'count_actions': 2}]"
4JMAk7nkqK,"['a2lqRX2Mr0', 'kRQand1MKZ']",CB,827,"[{'action_type': 'Dribbling', 'goals_added_raw': -0.124, 'goals_added_above_avg': -0.166, 'count_actions': 95}, {'action_type': 'Fouling', 'goals_added_raw': 0.0274, 'goals_added_above_avg': 0.082, 'count_actions': 17}, {'action_type': 'Interrupting', 'goals_added_raw': 0.3525, 'goals_added_above_avg': -0.2231, 'count_actions': 96}, {'action_type': 'Passing', 'goals_added_raw': 0.063, 'goals_added_above_avg': -0.3097, 'count_actions': 354}, {'action_type': 'Receiving', 'goals_added_raw': 0.6238, 'goals_added_above_avg': 0.4239, 'count_actions': 240}, {'action_type': 'Shooting', 'goals_added_raw': 0.1558, 'goals_added_above_avg': 0.0539, 'count_actions': 6}]"
4JMAkkK1qK,0KPqjA456v,ST,1839,"[{'action_type': 'Dribbling', 'goals_added_raw': 0.3921, 'goals_added_above_avg': 0.7297, 'count_actions': 165}, {'action_type': 'Fouling', 'goals_added_raw': 0.6406, 'goals_added_above_avg': 0.3913, 'count_actions': 61}, {'action_type': 'Interrupting', 'goals_added_raw': 0.4839, 'goals_added_above_avg': -0.135, 'count_actions': 27}, {'action_type': 'Passing', 'goals_added_raw': -0.7694, 'goals_added_above_avg': -0.091, 'count_actions': 208}, {'action_type': 'Receiving', 'goals_added_raw': 5.2911, 'goals_added_above_avg': 1.4149, 'count_actions': 280}, {'action_type': 'Shooting', 'goals_added_raw': 1.8823, 'goals_added_above_avg': 0.5103, 'count_actions': 65}]"
4JMAkzjkqK,gpMOLwl5zy,CM,761,"[{'action_type': 'Dribbling', 'goals_added_raw': 0.304, 'goals_added_above_avg': 0.2025, 'count_actions': 117}, {'action_type': 'Fouling', 'goals_added_raw': -0.0638, 'goals_added_above_avg': -0.0905, 'count_actions': 18}, {'action_type': 'Interrupting', 'goals_added_raw': 0.3689, 'goals_added_above_avg': -0.0805, 'count_actions': 67}, {'action_type': 'Passing', 'goals_added_raw': 0.1928, 'goals_added_above_avg': 0.0464, 'count_actions': 359}, {'action_type': 'Receiving', 'goals_added_raw': 0.0672, 'goals_added_above_avg': -0.4654, 'count_actions': 301}, {'action_type': 'Shooting', 'goals_added_raw': 0.1205, 'goals_added_above_avg': -0.1611, 'count_actions': 4}]"
4JMAnx65Kg,lgpMOvnQzy,AM,1648,"[{'action_type': 'Dribbling', 'goals_added_raw': 0.0986, 'goals_added_above_avg': -0.1321, 'count_actions': 256}, {'action_type': 'Fouling', 'goals_added_raw': 0.2629, 'goals_added_above_avg': 0.0822, 'count_actions': 22}, {'action_type': 'Interrupting', 'goals_added_raw': 0.3167, 'goals_added_above_avg': -0.4301, 'count_actions': 67}, {'action_type': 'Passing', 'goals_added_raw': 0.8582, 'goals_added_above_avg': 0.3228, 'count_actions': 776}, {'action_type': 'Receiving', 'goals_added_raw': 1.3234, 'goals_added_above_avg': -0.329, 'count_actions': 713}, {'action_type': 'Shooting', 'goals_added_raw': 0.8446, 'goals_added_above_avg': -0.0183, 'count_actions': 35}]"
4JMAoJgYqK,a2lqRX2Mr0,W,1630,"[{'action_type': 'Dribbling', 'goals_added_raw': 0.7409, 'goals_added_above_avg': 0.4147, 'count_actions': 372}, {'action_type': 'Fouling', 'goals_added_raw': 0.0026, 'goals_added_above_avg': -0.1504, 'count_actions': 28}, {'action_type': 'Interrupting', 'goals_added_raw': 0.6988, 'goals_added_above_avg': -0.0708, 'count_actions': 104}, {'action_type': 'Passing', 'goals_added_raw': -0.119, 'goals_added_above_avg': -0.1313, 'count_actions': 534}, {'action_type': 'Receiving', 'goals_added_raw': 1.9073, 'goals_added_above_avg': 0.1586, 'count_actions': 598}, {'action_type': 'Shooting', 'goals_added_raw': 1.2202, 'goals_added_above_avg': 0.361, 'count_actions': 41}]"
4JMAoR9lqK,mKAqBBmqbg,CB,2047,"[{'action_type': 'Dribbling', 'goals_added_raw': -0.0977, 'goals_added_above_avg': -0.1415, 'count_actions': 206}, {'action_type': 'Fouling', 'goals_added_raw': -0.321, 'goals_added_above_avg': -0.1147, 'count_actions': 65}, {'action_type': 'Interrupting', 'goals_added_raw': 1.259, 'goals_added_above_avg': -0.346, 'count_actions': 331}, {'action_type': 'Passing', 'goals_added_raw': 0.4628, 'goals_added_above_avg': -0.6812, 'count_actions': 740}, {'action_type': 'Receiving', 'goals_added_raw': 0.7505, 'goals_added_above_avg': 0.3019, 'count_actions': 537}, {'action_type': 'Shooting', 'goals_added_raw': 0.2289, 'goals_added_above_avg': 0.0027, 'count_actions': 12}]"
4JMAolz1qK,"['gpMOLwl5zy', 'APk5LGOMOW']",DM,889,"[{'action_type': 'Dribbling', 'goals_added_raw': 0.0579, 'goals_added_above_avg': -0.04, 'count_actions': 181}, {'action_type': 'Fouling', 'goals_added_raw': 0.0143, 'goals_added_above_avg': 0.04, 'count_actions': 31}, {'action_type': 'Interrupting', 'goals_added_raw': 0.5536, 'goals_added_above_avg': -0.0957, 'count_actions': 66}, {'action_type': 'Passing', 'goals_added_raw': 0.4589, 'goals_added_above_avg': 0.1003, 'count_actions': 534}, {'action_type': 'Receiving', 'goals_added_raw': 0.1533, 'goals_added_above_avg': -0.1603, 'count_actions': 473}, {'action_type': 'Shooting', 'goals_added_raw': 0.0937, 'goals_added_above_avg': -0.0993, 'count_actions': 6}]"
4JMAormOqK,WBLMvYAQxe,AM,1905,"[{'action_type': 'Dribbling', 'goals_added_raw': 1.1753, 'goals_added_above_avg': 0.9902, 'count_actions': 417}, {'action_type': 'Fouling', 'goals_added_raw': -0.0405, 'goals_added_above_avg': -0.1467, 'count_actions': 28}, {'action_type': 'Interrupting', 'goals_added_raw': 0.7305, 'goals_added_above_avg': -0.3226, 'count_actions': 75}, {'action_type': 'Passing', 'goals_added_raw': 0.2057, 'goals_added_above_avg': -0.3649, 'count_actions': 967}, {'action_type': 'Receiving', 'goals_added_raw': 1.1943, 'goals_added_above_avg': -0.2963, 'count_actions': 915}, {'action_type': 'Shooting', 'goals_added_raw': 0.663, 'goals_added_above_avg': -0.1135, 'count_actions': 23}]"
4wM42Belqj,eVq3ya6MWO,CM,1893,"[{'action_type': 'Dribbling', 'goals_added_raw': -0.0122, 'goals_added_above_avg': -0.1874, 'count_actions': 306}, {'action_type': 'Fouling', 'goals_added_raw': 0.0691, 'goals_added_above_avg': 0.105, 'count_actions': 36}, {'action_type': 'Interrupting', 'goals_added_raw': 1.3143, 'goals_added_above_avg': -0.0178, 'count_actions': 179}, {'action_type': 'Passing', 'goals_added_raw': 1.5222, 'goals_added_above_avg': 0.8293, 'count_actions': 1229}, {'action_type': 'Receiving', 'goals_added_raw': 0.6007, 'goals_added_above_avg': -0.1224, 'count_actions': 1061}, {'action_type': 'Shooting', 'goals_added_raw': 0.3075, 'goals_added_above_avg': -0.1344, 'count_actions': 13}]"
4wM46RpqjB,a2lqRX2Mr0,CM,1828,"[{'action_type': 'Dribbling', 'goals_added_raw': 0.5083, 'goals_added_above_avg': 0.3404, 'count_actions': 271}, {'action_type': 'Fouling', 'goals_added_raw': 0.0168, 'goals_added_above_avg': 0.0166, 'count_actions': 30}, {'action_type': 'Interrupting', 'goals_added_raw': 0.3951, 'goals_added_above_avg': -0.817, 'count_actions': 76}, {'action_type': 'Passing', 'goals_added_raw': 0.9544, 'goals_added_above_avg': 0.339, 'count_actions': 673}, {'action_type': 'Receiving', 'goals_added_raw': 1.8337, 'goals_added_above_avg': 0.976, 'count_actions': 600}, {'action_type': 'Shooting', 'goals_added_raw': 1.1786, 'goals_added_above_avg': 0.6766, 'count_actions': 40}]"
4wM4E1og5j,19vQ2095K6,W,68,"[{'action_type': 'Dribbling', 'goals_added_raw': 0.0123, 'goals_added_above_avg': -0.0013, 'count_actions': 12}, {'action_type': 'Fouling', 'goals_added_raw': -0.003, 'goals_added_above_avg': -0.0094, 'count_actions': 1}, {'action_type': 'Interrupting', 'goals_added_raw': 0.0026, 'goals_added_above_avg': -0.0295, 'count_actions': 5}, {'action_type': 'Passing', 'goals_added_raw': -0.0537, 'goals_added_above_avg': -0.0542, 'count_actions': 28}, {'action_type': 'Receiving', 'goals_added_raw': 0.017, 'goals_added_above_avg': -0.056, 'count_actions': 23}, {'action_type': 'Shooting', 'goals_added_raw': 0, 'goals_added_above_avg': -0.0358, 'count_actions': 0}]"
4wM4EBbB5j,EKXMeX3Q64,ST,55,"[{'action_type': 'Dribbling', 'goals_added_raw': -0.0056, 'goals_added_above_avg': -0.0004, 'count_actions': 4}, {'action_type': 'Fouling', 'goals_added_raw': 0, 'goals_added_above_avg': -0.0048, 'count_actions': 0}, {'action_type': 'Interrupting', 'goals_added_raw': 0.0152, 'goals_added_above_avg': -0.0096, 'count_actions': 4}, {'action_type': 'Passing', 'goals_added_raw': 0.004, 'goals_added_above_avg': 0.0115, 'count_actions': 14}, {'action_type': 'Receiving', 'goals_added_raw': 0.0191, 'goals_added_above_avg': -0.0662, 'count_actions': 9}, {'action_type': 'Shooting', 'goals_added_raw': 0.0001, 'goals_added_above_avg': -0.0319, 'count_actions': 1}]"
4wM4EmLl5j,zeQZkL1MKw,W,486,"[{'action_type': 'Dribbling', 'goals_added_raw': 0.0973, 'goals_added_above_avg': 0.0285, 'count_actions': 51}, {'action_type': 'Fouling', 'goals_added_raw': -0.0324, 'goals_added_above_avg': -0.0694, 'count_actions': 14}, {'action_type': 'Interrupting', 'goals_added_raw': 0.208, 'goals_added_above_avg': -0.0281, 'count_actions': 34}, {'action_type': 'Passing', 'goals_added_raw': -0.4214, 'goals_added_above_avg': -0.4529, 'count_actions': 135}, {'action_type': 'Receiving', 'goals_added_raw': 1.1123, 'goals_added_above_avg': 0.618, 'count_actions': 125}, {'action_type': 'Shooting', 'goals_added_raw': 0.2194, 'goals_added_above_avg': -0.0135, 'count_actions': 7}]"
4wM4J0D4qj,jYQJ19EqGR,FB,8,"[{'action_type': 'Dribbling', 'goals_added_raw': 0, 'goals_added_above_avg': -0.0006, 'count_actions': 0}, {'action_type': 'Fouling', 'goals_added_raw': 0, 'goals_added_above_avg': 0.0003, 'count_actions': 0}, {'action_type': 'Interrupting', 'goals_added_raw': 0.0147, 'goals_added_above_avg': 0.0097, 'count_actions': 1}, {'action_type': 'Passing', 'goals_added_raw': -0.0031, 'goals_added_above_avg': -0.0061, 'count_actions': 2}, {'action_type': 'Receiving', 'goals_added_raw': 0, 'goals_added_above_avg': -0.0021, 'count_actions': 0}, {'action_type': 'Shooting', 'goals_added_raw': 0, 'goals_added_above_avg': -0.0011, 'count_actions': 0}]"
4wM4J0KNqj,EKXMeX3Q64,W,1954,"[{'action_type': 'Dribbling', 'goals_added_raw': 0.1803, 'goals_added_above_avg': -0.1537, 'count_actions': 289}, {'action_type': 'Fouling', 'goals_added_raw': -0.0342, 'goals_added_above_avg': -0.2027, 'count_actions': 49}, {'action_type': 'Interrupting', 'goals_added_raw': 0.77, 'goals_added_above_avg': -0.1776, 'count_actions': 200}, {'action_type': 'Passing', 'goals_added_raw': 1.0736, 'goals_added_above_avg': 1.0349, 'count_actions': 755}, {'action_type': 'Receiving', 'goals_added_raw': 1.2061, 'goals_added_above_avg': -0.8675, 'count_actions': 592}, {'action_type': 'Shooting', 'goals_added_raw': 0.7424, 'goals_added_above_avg': -0.2578, 'count_actions': 36}]"
4wM4J8bNqj,gpMOLwl5zy,CM,424,"[{'action_type': 'Dribbling', 'goals_added_raw': 0.012, 'goals_added_above_avg': -0.0248, 'count_actions': 78}, {'action_type': 'Fouling', 'goals_added_raw': 0.0414, 'goals_added_above_avg': 0.0199, 'count_actions': 19}, {'action_type': 'Interrupting', 'goals_added_raw': 0.2638, 'goals_added_above_avg': 0.0288, 'count_actions': 40}, {'action_type': 'Passing', 'goals_added_raw': -0.147, 'goals_added_above_avg': -0.2151, 'count_actions': 197}, {'action_type': 'Receiving', 'goals_added_raw': 0.1164, 'goals_added_above_avg': -0.2539, 'count_actions': 175}, {'action_type': 'Shooting', 'goals_added_raw': 0, 'goals_added_above_avg': -0.1778, 'count_actions': 0}]"
4wM4JGblqj,EKXMeX3Q64,CB,365,"[{'action_type': 'Dribbling', 'goals_added_raw': 0.0055, 'goals_added_above_avg': -0.0018, 'count_actions': 36}, {'action_type': 'Fouling', 'goals_added_raw': 0.0034, 'goals_added_above_avg': 0.0192, 'count_actions': 6}, {'action_type': 'Interrupting', 'goals_added_raw': 0.2714, 'goals_added_above_avg': 0.0166, 'count_actions': 53}, {'action_type': 'Passing', 'goals_added_raw': 0.0678, 'goals_added_above_avg': -0.07, 'count_actions': 148}, {'action_type': 'Receiving', 'goals_added_raw': 0.015, 'goals_added_above_avg': -0.1677, 'count_actions': 108}, {'action_type': 'Shooting', 'goals_added_raw': 0, 'goals_added_above_avg': -0.084, 'count_actions': 0}]"
4wM4JZezqj,"['APk5LGOMOW', 'zeQZBOzQKw']",W,992,"[{'action_type': 'Dribbling', 'goals_added_raw': 0.1635, 'goals_added_above_avg': 0.0242, 'count_actions': 139}, {'action_type': 'Fouling', 'goals_added_raw': -0.0314, 'goals_added_above_avg': -0.0622, 'count_actions': 24}, {'action_type': 'Interrupting', 'goals_added_raw': 0.6659, 'goals_added_above_avg': 0.1235, 'count_actions': 79}, {'action_type': 'Passing', 'goals_added_raw': -0.5952, 'goals_added_above_avg': -0.7715, 'count_actions': 419}, {'action_type': 'Receiving', 'goals_added_raw': 0.3227, 'goals_added_above_avg': -0.3644, 'count_actions': 310}, {'action_type': 'Shooting', 'goals_added_raw': 0.1697, 'goals_added_above_avg': -0.1705, 'count_actions': 8}]"
4wM4Jgkgqj,"['zeQZkL1MKw', 'KAqBN0Vqbg']",CM,764,"[{'action_type': 'Dribbling', 'goals_added_raw': -0.0221, 'goals_added_above_avg': -0.1113, 'count_actions': 121}, {'action_type': 'Fouling', 'goals_added_raw': 0.0002, 'goals_added_above_avg': -0.0154, 'count_actions': 33}, {'action_type': 'Interrupting', 'goals_added_raw': 0.5307, 'goals_added_above_avg': 0.0573, 'count_actions': 81}, {'action_type': 'Passing', 'goals_added_raw': 0.1066, 'goals_added_above_avg': -0.0752, 'count_actions': 366}, {'action_type': 'Receiving', 'goals_added_raw': 0.4347, 'goals_added_above_avg': -0.0297, 'count_actions': 330}, {'action_type': 'Shooting', 'goals_added_raw': 0.3456, 'goals_added_above_avg': 0.0925, 'count_actions': 18}]"
4wM4JmKAqj,mKAqBBmqbg,AM,1054,"[{'action_type': 'Dribbling', 'goals_added_raw': 0.7451, 'goals_added_above_avg': 0.6538, 'count_actions': 226}, {'action_type': 'Fouling', 'goals_added_raw': -0.1065, 'goals_added_above_avg': -0.2106, 'count_actions': 23}, {'action_type': 'Interrupting', 'goals_added_raw': 0.534, 'goals_added_above_avg': 0.052, 'count_actions': 73}, {'action_type': 'Passing', 'goals_added_raw': 0.5499, 'goals_added_above_avg': 0.447, 'count_actions': 473}, {'action_type': 'Receiving', 'goals_added_raw': 0.8772, 'goals_added_above_avg': -0.3732, 'count_actions': 405}, {'action_type': 'Shooting', 'goals_added_raw': 0.6103, 'goals_added_above_avg': 0.0385, 'count_actions': 21}]"
4wM4JrbBqj,NWMWlBK5lz,CM,2221,"[{'action_type': 'Dribbling', 'goals_added_raw': 0.0668, 'goals_added_above_avg': -0.109, 'count_actions': 346}, {'action_type': 'Fouling', 'goals_added_raw': 0.239, 'goals_added_above_avg': 0.2904, 'count_actions': 27}, {'action_type': 'Interrupting', 'goals_added_raw': 0.9099, 'goals_added_above_avg': -0.5436, 'count_actions': 196}, {'action_type': 'Passing', 'goals_added_raw': -0.3084, 'goals_added_above_avg': -1.0794, 'count_actions': 984}, {'action_type': 'Receiving', 'goals_added_raw': 1.0067, 'goals_added_above_avg': 0.2303, 'count_actions': 819}, {'action_type': 'Shooting', 'goals_added_raw': 0.673, 'goals_added_above_avg': 0.2336, 'count_actions': 22}]"
4wM4Jwdzqj,a2lqRX2Mr0,FB,1604,"[{'action_type': 'Dribbling', 'goals_added_raw': 0.4245, 'goals_added_above_avg': 0.3088, 'count_actions': 354}, {'action_type': 'Fouling', 'goals_added_raw': -0.0069, 'goals_added_above_avg': 0.0585, 'count_actions': 24}, {'action_type': 'Interrupting', 'goals_added_raw': 1.0953, 'goals_added_above_avg': 0.0816, 'count_actions': 203}, {'action_type': 'Passing', 'goals_added_raw': 0.6603, 'goals_added_above_avg': 0.0635, 'count_actions': 1072}, {'action_type': 'Receiving', 'goals_added_raw': 0.2375, 'goals_added_above_avg': -0.1763, 'count_actions': 772}, {'action_type': 'Shooting', 'goals_added_raw': 0.1692, 'goals_added_above_avg': -0.0431, 'count_actions': 12}]"
4wM4JxwBqj,0KPqjA456v,CB,2345,"[{'action_type': 'Dribbling', 'goals_added_raw': -0.8359, 'goals_added_above_avg': -0.8861, 'count_actions': 296}, {'action_type': 'Fouling', 'goals_added_raw': -0.0608, 'goals_added_above_avg': 0.1756, 'count_actions': 16}, {'action_type': 'Interrupting', 'goals_added_raw': 1.1646, 'goals_added_above_avg': -0.6741, 'count_actions': 234}, {'action_type': 'Passing', 'goals_added_raw': 1.0973, 'goals_added_above_avg': -0.2131, 'count_actions': 1275}, {'action_type': 'Receiving', 'goals_added_raw': 1.8058, 'goals_added_above_avg': 1.2919, 'count_actions': 975}, {'action_type': 'Shooting', 'goals_added_raw': 0.5298, 'goals_added_above_avg': 0.2706, 'count_actions': 15}]"
4wM4aNJN5j,"['eVq3ya6MWO', 'mvzqoLZQap']",FB,1149,"[{'action_type': 'Dribbling', 'goals_added_raw': -0.2187, 'goals_added_above_avg': -0.2902, 'count_actions': 185}, {'action_type': 'Fouling', 'goals_added_raw': -0.3068, 'goals_added_above_avg': -0.2479, 'count_actions': 20}, {'action_type': 'Interrupting', 'goals_added_raw': 0.3368, 'goals_added_above_avg': -0.4303, 'count_actions': 157}, {'action_type': 'Passing', 'goals_added_raw': 0.4135, 'goals_added_above_avg': -0.0561, 'count_actions': 720}, {'action_type': 'Receiving', 'goals_added_raw': 0.3007, 'goals_added_above_avg': -0.0006, 'count_actions': 577}, {'action_type': 'Shooting', 'goals_added_raw': 0.0222, 'goals_added_above_avg': -0.1348, 'count_actions': 3}]"
4wM4aomy5j,pzeQZ6xQKw,FB,1106,"[{'action_type': 'Dribbling', 'goals_added_raw': 0.1916, 'goals_added_above_avg': 0.1193, 'count_actions': 142}, {'action_type': 'Fouling', 'goals_added_raw': 0.0271, 'goals_added_above_avg': 0.0811, 'count_actions': 27}, {'action_type': 'Interrupting', 'goals_added_raw': 0.5146, 'goals_added_above_avg': -0.2068, 'count_actions': 95}, {'action_type': 'Passing', 'goals_added_raw': 0.0587, 'goals_added_above_avg': -0.3803, 'count_actions': 677}, {'action_type': 'Receiving', 'goals_added_raw': 0.1978, 'goals_added_above_avg': -0.0819, 'count_actions': 490}, {'action_type': 'Shooting', 'goals_added_raw': 0.1281, 'goals_added_above_avg': -0.0151, 'count_actions': 3}]"
4wM4ep9N5j,a2lqRX2Mr0,ST,302,"[{'action_type': 'Dribbling', 'goals_added_raw': -0.0094, 'goals_added_above_avg': 0.0325, 'count_actions': 17}, {'action_type': 'Fouling', 'goals_added_raw': 0.0395, 'goals_added_above_avg': 0.0057, 'count_actions': 6}, {'action_type': 'Interrupting', 'goals_added_raw': -0.0444, 'goals_added_above_avg': -0.1631, 'count_actions': 10}, {'action_type': 'Passing', 'goals_added_raw': -0.3452, 'goals_added_above_avg': -0.2686, 'count_actions': 49}, {'action_type': 'Receiving', 'goals_added_raw': 0.6753, 'goals_added_above_avg': 0.123, 'count_actions': 42}, {'action_type': 'Shooting', 'goals_added_raw': 0.1582, 'goals_added_above_avg': -0.0425, 'count_actions': 7}]"
4wM4pewlMj,9z5k7Yg5A3,ST,19,"[{'action_type': 'Dribbling', 'goals_added_raw': 0.0125, 'goals_added_above_avg': 0.016, 'count_actions': 1}, {'action_type': 'Fouling', 'goals_added_raw': 0, 'goals_added_above_avg': -0.0026, 'count_actions': 0}, {'action_type': 'Interrupting', 'goals_added_raw': 0, 'goals_added_above_avg': -0.0064, 'count_actions': 0}, {'action_type': 'Passing', 'goals_added_raw': -0.004, 'goals_added_above_avg': 0.003, 'count_actions': 5}, {'action_type': 'Receiving', 'goals_added_raw': 0.0047, 'goals_added_above_avg': -0.0353, 'count_actions': 4}, {'action_type': 'Shooting', 'goals_added_raw': 0, 'goals_added_above_avg': -0.0142, 'count_actions': 0}]"
7VqG008YQv,eVq3ya6MWO,DM,672,"[{'action_type': 'Dribbling', 'goals_added_raw': 0.074, 'goals_added_above_avg': 0.008, 'count_actions': 116}, {'action_type': 'Fouling', 'goals_added_raw': -0.2058, 'goals_added_above_avg': -0.1866, 'count_actions': 16}, {'action_type': 'Interrupting', 'goals_added_raw': 0.6349, 'goals_added_above_avg': 0.1466, 'count_actions': 79}, {'action_type': 'Passing', 'goals_added_raw': 0.1519, 'goals_added_above_avg': -0.1165, 'count_actions': 516}, {'action_type': 'Receiving', 'goals_added_raw': 0.1281, 'goals_added_above_avg': -0.101, 'count_actions': 435}, {'action_type': 'Shooting', 'goals_added_raw': 0.124, 'goals_added_above_avg': -0.0197, 'count_actions': 6}]"
7VqG080xQv,kRQabn8MKZ,CB,168,"[{'action_type': 'Dribbling', 'goals_added_raw': 0.0369, 'goals_added_above_avg': 0.0316, 'count_actions': 23}, {'action_type': 'Fouling', 'goals_added_raw': 0, 'goals_added_above_avg': 0.0149, 'count_actions': 0}, {'action_type': 'Interrupting', 'goals_added_raw': -0.1109, 'goals_added_above_avg': -0.2375, 'count_actions': 20}, {'action_type': 'Passing', 'goals_added_raw': 0.0662, 'goals_added_above_avg': -0.0214, 'count_actions': 89}, {'action_type': 'Receiving', 'goals_added_raw': 0.0348, 'goals_added_above_avg': -0.0033, 'count_actions': 75}, {'action_type': 'Shooting', 'goals_added_raw': 0.0395, 'goals_added_above_avg': 0.0202, 'count_actions': 1}]"
7VqG08vjQv,zeQZkL1MKw,DM,393,"[{'action_type': 'Dribbling', 'goals_added_raw': 0.0303, 'goals_added_above_avg': -0.007, 'count_actions': 67}, {'action_type': 'Fouling', 'goals_added_raw': -0.0149, 'goals_added_above_avg': -0.0058, 'count_actions': 10}, {'action_type': 'Interrupting', 'goals_added_raw': 0.2393, 'goals_added_above_avg': -0.0411, 'count_actions': 33}, {'action_type': 'Passing', 'goals_added_raw': 0.1881, 'goals_added_above_avg': 0.0388, 'count_actions': 221}, {'action_type': 'Receiving', 'goals_added_raw': 0.0194, 'goals_added_above_avg': -0.124, 'count_actions': 175}, {'action_type': 'Shooting', 'goals_added_raw': 0.038, 'goals_added_above_avg': -0.0506, 'count_actions': 3}]"
7VqG08wXQv,APk5LGOMOW,W,1073,"[{'action_type': 'Dribbling', 'goals_added_raw': -0.222, 'goals_added_above_avg': -0.3853, 'count_actions': 165}, {'action_type': 'Fouling', 'goals_added_raw': 0.0985, 'goals_added_above_avg': 0.0239, 'count_actions': 29}, {'action_type': 'Interrupting', 'goals_added_raw': 0.5003, 'goals_added_above_avg': -0.0569, 'count_actions': 66}, {'action_type': 'Passing', 'goals_added_raw': 0.2668, 'goals_added_above_avg': 0.0501, 'count_actions': 352}, {'action_type': 'Receiving', 'goals_added_raw': 0.7867, 'goals_added_above_avg': -0.146, 'count_actions': 297}, {'action_type': 'Shooting', 'goals_added_raw': 0.5722, 'goals_added_above_avg': 0.0933, 'count_actions': 26}]"
7VqG0GzzQv,WBLMvYAQxe,W,579,"[{'action_type': 'Dribbling', 'goals_added_raw': 0.4136, 'goals_added_above_avg': 0.3707, 'count_actions': 120}, {'action_type': 'Fouling', 'goals_added_raw': -0.0181, 'goals_added_above_avg': -0.0724, 'count_actions': 13}, {'action_type': 'Interrupting', 'goals_added_raw': 0.2614, 'goals_added_above_avg': -0.0052, 'count_actions': 25}, {'action_type': 'Passing', 'goals_added_raw': -0.2359, 'goals_added_above_avg': -0.2324, 'count_actions': 211}, {'action_type': 'Receiving', 'goals_added_raw': 0.3803, 'goals_added_above_avg': -0.3456, 'count_actions': 216}, {'action_type': 'Shooting', 'goals_added_raw': 0.4053, 'goals_added_above_avg': 0.0874, 'count_actions': 17}]"
7VqG0Z6YQv,mvzqoLZQap,CM,618,"[{'action_type': 'Dribbling', 'goals_added_raw': -0.0371, 'goals_added_above_avg': -0.0899, 'count_actions': 75}, {'action_type': 'Fouling', 'goals_added_raw': -0.0435, 'goals_added_above_avg': -0.0391, 'count_actions': 24}, {'action_type': 'Interrupting', 'goals_added_raw': 0.1088, 'goals_added_above_avg': -0.3084, 'count_actions': 70}, {'action_type': 'Passing', 'goals_added_raw': 0.0692, 'goals_added_above_avg': -0.1312, 'count_actions': 333}, {'action_type': 'Receiving', 'goals_added_raw': 0.0438, 'goals_added_above_avg': -0.224, 'count_actions': 287}, {'action_type': 'Shooting', 'goals_added_raw': 0.0453, 'goals_added_above_avg': -0.1141, 'count_actions': 1}]"
7VqG0ZGYQv,a2lqR4JMr0,AM,1350,"[{'action_type': 'Dribbling', 'goals_added_raw': 0.5973, 'goals_added_above_avg': 0.3917, 'count_actions': 300}, {'action_type': 'Fouling', 'goals_added_raw': 0.0959, 'goals_added_above_avg': -0.0281, 'count_actions': 31}, {'action_type': 'Interrupting', 'goals_added_raw': 0.5325, 'goals_added_above_avg': -0.1203, 'count_actions': 62}, {'action_type': 'Passing', 'goals_added_raw': 0.9194, 'goals_added_above_avg': 0.6111, 'count_actions': 797}, {'action_type': 'Receiving', 'goals_added_raw': 1.093, 'goals_added_above_avg': -0.204, 'count_actions': 690}, {'action_type': 'Shooting', 'goals_added_raw': 0.7698, 'goals_added_above_avg': 0.1013, 'count_actions': 33}]"
7VqG0jDzQv,X0Oq66zq6D,W,1857,"[{'action_type': 'Dribbling', 'goals_added_raw': 0.6704, 'goals_added_above_avg': 0.5093, 'count_actions': 286}, {'action_type': 'Fouling', 'goals_added_raw': -0.0535, 'goals_added_above_avg': -0.201, 'count_actions': 28}, {'action_type': 'Interrupting', 'goals_added_raw': 0.8101, 'goals_added_above_avg': -0.078, 'count_actions': 111}, {'action_type': 'Passing', 'goals_added_raw': 0.2833, 'goals_added_above_avg': 0.2037, 'count_actions': 705}, {'action_type': 'Receiving', 'goals_added_raw': 2.2329, 'goals_added_above_avg': 0.1455, 'count_actions': 624}, {'action_type': 'Shooting', 'goals_added_raw': 1.3784, 'goals_added_above_avg': 0.449, 'count_actions': 42}]"
7VqG3Vmjqv,vzqoOgNqap,CM,1072,"[{'action_type': 'Dribbling', 'goals_added_raw': 0.27, 'goals_added_above_avg': 0.1684, 'count_actions': 172}, {'action_type': 'Fouling', 'goals_added_raw': 0.0514, 'goals_added_above_avg': 0.0757, 'count_actions': 27}, {'action_type': 'Interrupting', 'goals_added_raw': 0.6516, 'goals_added_above_avg': -0.1124, 'count_actions': 73}, {'action_type': 'Passing', 'goals_added_raw': 0.136, 'goals_added_above_avg': -0.2703, 'count_actions': 651}, {'action_type': 'Receiving', 'goals_added_raw': 0.4836, 'goals_added_above_avg': 0.0913, 'count_actions': 572}, {'action_type': 'Shooting', 'goals_added_raw': 0.2369, 'goals_added_above_avg': -0.0051, 'count_actions': 11}]"
7VqG3dLjqv,eVq3ya6MWO,FB,205,"[{'action_type': 'Dribbling', 'goals_added_raw': 0.06, 'goals_added_above_avg': 0.0442, 'count_actions': 15}, {'action_type': 'Fouling', 'goals_added_raw': 0.0054, 'goals_added_above_avg': 0.0132, 'count_actions': 9}, {'action_type': 'Interrupting', 'goals_added_raw': 0.0176, 'goals_added_above_avg': -0.1179, 'count_actions': 21}, {'action_type': 'Passing', 'goals_added_raw': 0.0587, 'goals_added_above_avg': -0.0179, 'count_actions': 114}, {'action_type': 'Receiving', 'goals_added_raw': 0.0287, 'goals_added_above_avg': -0.0544, 'count_actions': 80}, {'action_type': 'Shooting', 'goals_added_raw': 0.044, 'goals_added_above_avg': 0.0025, 'count_actions': 2}]"
7VqG3kazqv,19vQ2095K6,FB,9,"[{'action_type': 'Dribbling', 'goals_added_raw': -0.0937, 'goals_added_above_avg': -0.0943, 'count_actions': 4}, {'action_type': 'Fouling', 'goals_added_raw': -0.0024, 'goals_added_above_avg': -0.002, 'count_actions': 1}, {'action_type': 'Interrupting', 'goals_added_raw': 0, 'goals_added_above_avg': -0.0057, 'count_actions': 0}, {'action_type': 'Passing', 'goals_added_raw': -0.0162, 'goals_added_above_avg': -0.0195, 'count_actions': 3}, {'action_type': 'Receiving', 'goals_added_raw': 0.0445, 'goals_added_above_avg': 0.0422, 'count_actions': 4}, {'action_type': 'Shooting', 'goals_added_raw': 0, 'goals_added_above_avg': -0.0012, 'count_actions': 0}]"
7VqG3l0xqv,zeQZBOzQKw,DM,458,"[{'action_type': 'Dribbling', 'goals_added_raw': 0.0416, 'goals_added_above_avg': -0.0029, 'count_actions': 114}, {'action_type': 'Fouling', 'goals_added_raw': -0.0809, 'goals_added_above_avg': -0.0685, 'count_actions': 15}, {'action_type': 'Interrupting', 'goals_added_raw': 0.2369, 'goals_added_above_avg': -0.0942, 'count_actions': 26}, {'action_type': 'Passing', 'goals_added_raw': 0.5719, 'goals_added_above_avg': 0.3916, 'count_actions': 461}, {'action_type': 'Receiving', 'goals_added_raw': 0.1081, 'goals_added_above_avg': -0.0512, 'count_actions': 416}, {'action_type': 'Shooting', 'goals_added_raw': 0.0661, 'goals_added_above_avg': -0.0334, 'count_actions': 3}]"
7VqGLJn6Qv,APk5LGOMOW,W,1145,"[{'action_type': 'Dribbling', 'goals_added_raw': 0.8762, 'goals_added_above_avg': 0.6557, 'count_actions': 192}, {'action_type': 'Fouling', 'goals_added_raw': 0.5519, 'goals_added_above_avg': 0.4535, 'count_actions': 35}, {'action_type': 'Interrupting', 'goals_added_raw': 0.612, 'goals_added_above_avg': 0.0606, 'count_actions': 87}, {'action_type': 'Passing', 'goals_added_raw': 0.0386, 'goals_added_above_avg': 0.0054, 'count_actions': 381}, {'action_type': 'Receiving', 'goals_added_raw': 1.7513, 'goals_added_above_avg': 0.5779, 'count_actions': 359}, {'action_type': 'Shooting', 'goals_added_raw': 1.15, 'goals_added_above_avg': 0.573, 'count_actions': 45}]"
7VqGLa36Qv,pzeQZ6xQKw,W,16,"[{'action_type': 'Dribbling', 'goals_added_raw': -0.0043, 'goals_added_above_avg': -0.0075, 'count_actions': 2}, {'action_type': 'Fouling', 'goals_added_raw': 0, 'goals_added_above_avg': -0.0015, 'count_actions': 0}, {'action_type': 'Interrupting', 'goals_added_raw': 0, 'goals_added_above_avg': -0.0076, 'count_actions': 0}, {'action_type': 'Passing', 'goals_added_raw': -0.0059, 'goals_added_above_avg': -0.006, 'count_actions': 4}, {'action_type': 'Receiving', 'goals_added_raw': 0.0003, 'goals_added_above_avg': -0.0169, 'count_actions': 3}, {'action_type': 'Shooting', 'goals_added_raw': 0, 'goals_added_above_avg': -0.0084, 'count_actions': 0}]"
7VqGZdjW5v,kRQabn8MKZ,W,17,"[{'action_type': 'Dribbling', 'goals_added_raw': -0.0096, 'goals_added_above_avg': -0.013, 'count_actions': 4}, {'action_type': 'Fouling', 'goals_added_raw': 0, 'goals_added_above_avg': -0.0016, 'count_actions': 0}, {'action_type': 'Interrupting', 'goals_added_raw': 0.0116, 'goals_added_above_avg': 0.0035, 'count_actions': 2}, {'action_type': 'Passing', 'goals_added_raw': -0.0171, 'goals_added_above_avg': -0.0172, 'count_actions': 7}, {'action_type': 'Receiving', 'goals_added_raw': 0.0128, 'goals_added_above_avg': -0.0055, 'count_actions': 8}, {'action_type': 'Shooting', 'goals_added_raw': 0, 'goals_added_above_avg': -0.009, 'count_actions': 0}]"
7VqGj3RA5v,APk5LGOMOW,DM,910,"[{'action_type': 'Dribbling', 'goals_added_raw': -0.0354, 'goals_added_above_avg': -0.1318, 'count_actions': 74}, {'action_type': 'Fouling', 'goals_added_raw': -0.0217, 'goals_added_above_avg': 0.0046, 'count_actions': 23}, {'action_type': 'Interrupting', 'goals_added_raw': 0.7704, 'goals_added_above_avg': 0.1051, 'count_actions': 120}, {'action_type': 'Passing', 'goals_added_raw': 0.2951, 'goals_added_above_avg': -0.0936, 'count_actions': 462}, {'action_type': 'Receiving', 'goals_added_raw': 0.0756, 'goals_added_above_avg': -0.237, 'count_actions': 337}, {'action_type': 'Shooting', 'goals_added_raw': 0.0177, 'goals_added_above_avg': -0.1778, 'count_actions': 1}]"
7VqGjBpz5v,EKXMeX3Q64,W,586,"[{'action_type': 'Dribbling', 'goals_added_raw': -0.0029, 'goals_added_above_avg': -0.1051, 'count_actions': 72}, {'action_type': 'Fouling', 'goals_added_raw': -0.062, 'goals_added_above_avg': -0.1019, 'count_actions': 23}, {'action_type': 'Interrupting', 'goals_added_raw': 0.4047, 'goals_added_above_avg': 0.0971, 'count_actions': 62}, {'action_type': 'Passing', 'goals_added_raw': 0.1967, 'goals_added_above_avg': 0.1443, 'count_actions': 164}, {'action_type': 'Receiving', 'goals_added_raw': 0.3399, 'goals_added_above_avg': -0.1953, 'count_actions': 119}, {'action_type': 'Shooting', 'goals_added_raw': 0.2202, 'goals_added_above_avg': -0.049, 'count_actions': 10}]"
7VqGjEpj5v,zeQZkL1MKw,ST,2004,"[{'action_type': 'Dribbling', 'goals_added_raw': -0.7046, 'goals_added_above_avg': -0.5756, 'count_actions': 159}, {'action_type': 'Fouling', 'goals_added_raw': 0.3489, 'goals_added_above_avg': 0.1024, 'count_actions': 54}, {'action_type': 'Interrupting', 'goals_added_raw': 0.6842, 'goals_added_above_avg': -0.0748, 'count_actions': 78}, {'action_type': 'Passing', 'goals_added_raw': -1.5458, 'goals_added_above_avg': -1.077, 'count_actions': 414}, {'action_type': 'Receiving', 'goals_added_raw': 4.8921, 'goals_added_above_avg': 1.3348, 'count_actions': 390}, {'action_type': 'Shooting', 'goals_added_raw': 1.3483, 'goals_added_above_avg': -0.0069, 'count_actions': 48}]"
7VqGjRDY5v,YgOMngl5wN,CM,1001,"[{'action_type': 'Dribbling', 'goals_added_raw': -0.1173, 'goals_added_above_avg': -0.2138, 'count_actions': 103}, {'action_type': 'Fouling', 'goals_added_raw': -0.2587, 'goals_added_above_avg': -0.2446, 'count_actions': 23}, {'action_type': 'Interrupting', 'goals_added_raw': 0.8699, 'goals_added_above_avg': 0.1813, 'count_actions': 93}, {'action_type': 'Passing', 'goals_added_raw': -0.0141, 'goals_added_above_avg': -0.3617, 'count_actions': 362}, {'action_type': 'Receiving', 'goals_added_raw': 0.0636, 'goals_added_above_avg': -0.3482, 'count_actions': 294}, {'action_type': 'Shooting', 'goals_added_raw': 0.0384, 'goals_added_above_avg': -0.2057, 'count_actions': 2}]"
7VqGmYJAMv,mvzqoLZQap,CM,1440,"[{'action_type': 'Dribbling', 'goals_added_raw': 0.1658, 'goals_added_above_avg': 0.041, 'count_actions': 285}, {'action_type': 'Fouling', 'goals_added_raw': -0.0187, 'goals_added_above_avg': -0.0058, 'count_actions': 38}, {'action_type': 'Interrupting', 'goals_added_raw': 1.1234, 'goals_added_above_avg': 0.1445, 'count_actions': 136}, {'action_type': 'Passing', 'goals_added_raw': 0.7802, 'goals_added_above_avg': 0.3032, 'count_actions': 1032}, {'action_type': 'Receiving', 'goals_added_raw': 0.2562, 'goals_added_above_avg': -0.3555, 'count_actions': 891}, {'action_type': 'Shooting', 'goals_added_raw': 0.2357, 'goals_added_above_avg': -0.1298, 'count_actions': 11}]"
7VqGpdjQvW,jYQJ8EW5GR,ST,1002,"[{'action_type': 'Dribbling', 'goals_added_raw': -0.008, 'goals_added_above_avg': 0.0796, 'count_actions': 171}, {'action_type': 'Fouling', 'goals_added_raw': 0.0396, 'goals_added_above_avg': -0.0887, 'count_actions': 15}, {'action_type': 'Interrupting', 'goals_added_raw': 0.5681, 'goals_added_above_avg': 0.1961, 'count_actions': 59}, {'action_type': 'Passing', 'goals_added_raw': 0.248, 'goals_added_above_avg': 0.404, 'count_actions': 546}, {'action_type': 'Receiving', 'goals_added_raw': 2.8317, 'goals_added_above_avg': 1.053, 'count_actions': 476}, {'action_type': 'Shooting', 'goals_added_raw': 1.0842, 'goals_added_above_avg': 0.4036, 'count_actions': 31}]"
7vQ73orEQD,a2lqR4JMr0,CB,1381,"[{'action_type': 'Dribbling', 'goals_added_raw': 0.0205, 'goals_added_above_avg': -0.0214, 'count_actions': 136}, {'action_type': 'Fouling', 'goals_added_raw': -0.0014, 'goals_added_above_avg': 0.1231, 'count_actions': 38}, {'action_type': 'Interrupting', 'goals_added_raw': 1.1346, 'goals_added_above_avg': 0.0889, 'count_actions': 137}, {'action_type': 'Passing', 'goals_added_raw': 0.5534, 'goals_added_above_avg': -0.1729, 'count_actions': 718}, {'action_type': 'Receiving', 'goals_added_raw': 0.0904, 'goals_added_above_avg': -0.2217, 'count_actions': 512}, {'action_type': 'Shooting', 'goals_added_raw': 0.0332, 'goals_added_above_avg': -0.1247, 'count_actions': 4}]"
7vQ7BmAzqD,jYQJ19EqGR,DM,992,"[{'action_type': 'Dribbling', 'goals_added_raw': -0.0977, 'goals_added_above_avg': -0.2022, 'count_actions': 129}, {'action_type': 'Fouling', 'goals_added_raw': -0.0424, 'goals_added_above_avg': -0.0021, 'count_actions': 26}, {'action_type': 'Interrupting', 'goals_added_raw': 0.4366, 'goals_added_above_avg': -0.3131, 'count_actions': 95}, {'action_type': 'Passing', 'goals_added_raw': -0.0209, 'goals_added_above_avg': -0.459, 'count_actions': 514}, {'action_type': 'Receiving', 'goals_added_raw': 0.3758, 'goals_added_above_avg': 0.0892, 'count_actions': 450}, {'action_type': 'Shooting', 'goals_added_raw': 0.1766, 'goals_added_above_avg': -0.011, 'count_actions': 8}]"
7vQ7J8JYqD,kaDQ0wRqEv,W,1700,"[{'action_type': 'Dribbling', 'goals_added_raw': 1.4385, 'goals_added_above_avg': 1.2614, 'count_actions': 366}, {'action_type': 'Fouling', 'goals_added_raw': 0.225, 'goals_added_above_avg': 0.0477, 'count_actions': 66}, {'action_type': 'Interrupting', 'goals_added_raw': 0.448, 'goals_added_above_avg': -0.297, 'count_actions': 66}, {'action_type': 'Passing', 'goals_added_raw': -0.1151, 'goals_added_above_avg': 0.0321, 'count_actions': 458}, {'action_type': 'Receiving', 'goals_added_raw': 2.7058, 'goals_added_above_avg': 0.4421, 'count_actions': 503}, {'action_type': 'Shooting', 'goals_added_raw': 1.195, 'goals_added_above_avg': 0.2059, 'count_actions': 39}]"
7vQ7eNPO5D,a2lqRX2Mr0,W,788,"[{'action_type': 'Dribbling', 'goals_added_raw': 0.4842, 'goals_added_above_avg': 0.3812, 'count_actions': 147}, {'action_type': 'Fouling', 'goals_added_raw': -0.0029, 'goals_added_above_avg': -0.0485, 'count_actions': 40}, {'action_type': 'Interrupting', 'goals_added_raw': 0.3647, 'goals_added_above_avg': -0.0627, 'count_actions': 64}, {'action_type': 'Passing', 'goals_added_raw': -0.1628, 'goals_added_above_avg': -0.2639, 'count_actions': 278}, {'action_type': 'Receiving', 'goals_added_raw': 0.4739, 'goals_added_above_avg': -0.2176, 'count_actions': 275}, {'action_type': 'Shooting', 'goals_added_raw': 0.4236, 'goals_added_above_avg': 0.0813, 'count_actions': 15}]"
7vQ7ew0z5D,NPqxKXZ59d,W,643,"[{'action_type': 'Dribbling', 'goals_added_raw': 0.7002, 'goals_added_above_avg': 0.5715, 'count_actions': 123}, {'action_type': 'Fouling', 'goals_added_raw': 0.0121, 'goals_added_above_avg': -0.0483, 'count_actions': 25}, {'action_type': 'Interrupting', 'goals_added_raw': 0.4997, 'goals_added_above_avg': 0.1961, 'count_actions': 58}, {'action_type': 'Passing', 'goals_added_raw': -0.5065, 'goals_added_above_avg': -0.5114, 'count_actions': 148}, {'action_type': 'Receiving', 'goals_added_raw': 1.2478, 'goals_added_above_avg': 0.558, 'count_actions': 153}, {'action_type': 'Shooting', 'goals_added_raw': 0.3265, 'goals_added_above_avg': -0.0125, 'count_actions': 14}]"
7vQ7rA7YqD,19vQ2095K6,FB,2414,"[{'action_type': 'Dribbling', 'goals_added_raw': 0.4058, 'goals_added_above_avg': 0.2316, 'count_actions': 328}, {'action_type': 'Fouling', 'goals_added_raw': -0.0905, 'goals_added_above_avg': 0.0079, 'count_actions': 68}, {'action_type': 'Interrupting', 'goals_added_raw': 0.7527, 'goals_added_above_avg': -0.7729, 'count_actions': 233}, {'action_type': 'Passing', 'goals_added_raw': -0.1704, 'goals_added_above_avg': -1.0685, 'count_actions': 1005}, {'action_type': 'Receiving', 'goals_added_raw': 0.6019, 'goals_added_above_avg': -0.021, 'count_actions': 757}, {'action_type': 'Shooting', 'goals_added_raw': 0.341, 'goals_added_above_avg': 0.0215, 'count_actions': 14}]"
7vQ7rVvGqD,Vj58weDM8n,FB,1407,"[{'action_type': 'Dribbling', 'goals_added_raw': 0.0516, 'goals_added_above_avg': -0.0634, 'count_actions': 185}, {'action_type': 'Fouling', 'goals_added_raw': -0.2248, 'goals_added_above_avg': -0.1784, 'count_actions': 14}, {'action_type': 'Interrupting', 'goals_added_raw': 0.5316, 'goals_added_above_avg': -0.355, 'count_actions': 126}, {'action_type': 'Passing', 'goals_added_raw': -0.1338, 'goals_added_above_avg': -0.6335, 'count_actions': 849}, {'action_type': 'Receiving', 'goals_added_raw': 0.4183, 'goals_added_above_avg': -0.014, 'count_actions': 637}, {'action_type': 'Shooting', 'goals_added_raw': 0.1321, 'goals_added_above_avg': -0.0911, 'count_actions': 5}]"
7vQ7w3kLQD,0KPqjA456v,CB,457,"[{'action_type': 'Dribbling', 'goals_added_raw': -0.1448, 'goals_added_above_avg': -0.1546, 'count_actions': 60}, {'action_type': 'Fouling', 'goals_added_raw': -0.2491, 'goals_added_above_avg': -0.2031, 'count_actions': 10}, {'action_type': 'Interrupting', 'goals_added_raw': 0.0513, 'goals_added_above_avg': -0.3071, 'count_actions': 76}, {'action_type': 'Passing', 'goals_added_raw': 0.2515, 'goals_added_above_avg': -0.0039, 'count_actions': 225}, {'action_type': 'Receiving', 'goals_added_raw': 0.1742, 'goals_added_above_avg': 0.074, 'count_actions': 190}, {'action_type': 'Shooting', 'goals_added_raw': 0.0137, 'goals_added_above_avg': -0.0368, 'count_actions': 2}]"
7vQ7wYXeQD,Vj58weDM8n,FB,1166,"[{'action_type': 'Dribbling', 'goals_added_raw': 0.0001, 'goals_added_above_avg': -0.0869, 'count_actions': 131}, {'action_type': 'Fouling', 'goals_added_raw': 0.0082, 'goals_added_above_avg': 0.0559, 'count_actions': 12}, {'action_type': 'Interrupting', 'goals_added_raw': 0.1428, 'goals_added_above_avg': -0.6049, 'count_actions': 132}, {'action_type': 'Passing', 'goals_added_raw': 0.1633, 'goals_added_above_avg': -0.277, 'count_actions': 532}, {'action_type': 'Receiving', 'goals_added_raw': 0.1828, 'goals_added_above_avg': -0.1198, 'count_actions': 356}, {'action_type': 'Shooting', 'goals_added_raw': 0, 'goals_added_above_avg': -0.1587, 'count_actions': 0}]"
7vQ7x6aOMD,lgpMOvnQzy,W,1385,"[{'action_type': 'Dribbling', 'goals_added_raw': 0.3712, 'goals_added_above_avg': 0.1633, 'count_actions': 233}, {'action_type': 'Fouling', 'goals_added_raw': 0.5148, 'goals_added_above_avg': 0.456, 'count_actions': 59}, {'action_type': 'Interrupting', 'goals_added_raw': 0.7171, 'goals_added_above_avg': -0.0913, 'count_actions': 88}, {'action_type': 'Passing', 'goals_added_raw': -0.36, 'goals_added_above_avg': -0.7078, 'count_actions': 595}, {'action_type': 'Receiving', 'goals_added_raw': 1.8702, 'goals_added_above_avg': 0.8444, 'count_actions': 548}, {'action_type': 'Shooting', 'goals_added_raw': 0.4344, 'goals_added_above_avg': -0.1049, 'count_actions': 11}]"
7vQ7xGkYMD,zeQZBOzQKw,FB,1837,"[{'action_type': 'Dribbling', 'goals_added_raw': -0.0229, 'goals_added_above_avg': -0.1555, 'count_actions': 176}, {'action_type': 'Fouling', 'goals_added_raw': 0.0465, 'goals_added_above_avg': 0.1214, 'count_actions': 30}, {'action_type': 'Interrupting', 'goals_added_raw': 0.3241, 'goals_added_above_avg': -0.8369, 'count_actions': 120}, {'action_type': 'Passing', 'goals_added_raw': -0.3316, 'goals_added_above_avg': -1.0151, 'count_actions': 969}, {'action_type': 'Receiving', 'goals_added_raw': 0.3867, 'goals_added_above_avg': -0.0874, 'count_actions': 775}, {'action_type': 'Shooting', 'goals_added_raw': 0.1824, 'goals_added_above_avg': -0.0607, 'count_actions': 6}]"
7vQ7xNzdMD,9z5k7Yg5A3,FB,2037,"[{'action_type': 'Dribbling', 'goals_added_raw': 0.252, 'goals_added_above_avg': 0.105, 'count_actions': 226}, {'action_type': 'Fouling', 'goals_added_raw': 0.1242, 'goals_added_above_avg': 0.2073, 'count_actions': 63}, {'action_type': 'Interrupting', 'goals_added_raw': 0.9383, 'goals_added_above_avg': -0.349, 'count_actions': 217}, {'action_type': 'Passing', 'goals_added_raw': 1.6381, 'goals_added_above_avg': 0.8802, 'count_actions': 1056}, {'action_type': 'Receiving', 'goals_added_raw': 0.9515, 'goals_added_above_avg': 0.4259, 'count_actions': 646}, {'action_type': 'Shooting', 'goals_added_raw': 0.5663, 'goals_added_above_avg': 0.2967, 'count_actions': 23}]"
7vQ7xWmYMD,lgpMOvnQzy,FB,1965,"[{'action_type': 'Dribbling', 'goals_added_raw': -0.012, 'goals_added_above_avg': -0.1652, 'count_actions': 363}, {'action_type': 'Fouling', 'goals_added_raw': 0.2534, 'goals_added_above_avg': 0.3215, 'count_actions': 61}, {'action_type': 'Interrupting', 'goals_added_raw': 1.8714, 'goals_added_above_avg': 0.6438, 'count_actions': 200}, {'action_type': 'Passing', 'goals_added_raw': 0.688, 'goals_added_above_avg': -0.0106, 'count_actions': 1071}, {'action_type': 'Receiving', 'goals_added_raw': 0.8038, 'goals_added_above_avg': 0.224, 'count_actions': 830}, {'action_type': 'Shooting', 'goals_added_raw': 0.4151, 'goals_added_above_avg': 0.1197, 'count_actions': 20}]"
7vQ7xgKOMD,X0Oq66zq6D,DM,223,"[{'action_type': 'Dribbling', 'goals_added_raw': 0.1067, 'goals_added_above_avg': 0.0817, 'count_actions': 64}, {'action_type': 'Fouling', 'goals_added_raw': -0.0281, 'goals_added_above_avg': -0.0241, 'count_actions': 8}, {'action_type': 'Interrupting', 'goals_added_raw': 0.0289, 'goals_added_above_avg': -0.1248, 'count_actions': 17}, {'action_type': 'Passing', 'goals_added_raw': 0.3079, 'goals_added_above_avg': 0.2282, 'count_actions': 184}, {'action_type': 'Receiving', 'goals_added_raw': 0.0554, 'goals_added_above_avg': -0.0364, 'count_actions': 170}, {'action_type': 'Shooting', 'goals_added_raw': 0.0257, 'goals_added_above_avg': -0.027, 'count_actions': 1}]"
7vQ7xpBzMD,mvzqoLZQap,CM,1826,"[{'action_type': 'Dribbling', 'goals_added_raw': 0.4964, 'goals_added_above_avg': 0.4117, 'count_actions': 379}, {'action_type': 'Fouling', 'goals_added_raw': 0.2601, 'goals_added_above_avg': 0.1063, 'count_actions': 47}, {'action_type': 'Interrupting', 'goals_added_raw': 1.5436, 'goals_added_above_avg': 0.6686, 'count_actions': 148}, {'action_type': 'Passing', 'goals_added_raw': 0.4068, 'goals_added_above_avg': 0.3218, 'count_actions': 934}, {'action_type': 'Receiving', 'goals_added_raw': 1.101, 'goals_added_above_avg': -1.0892, 'count_actions': 861}, {'action_type': 'Shooting', 'goals_added_raw': 0.5875, 'goals_added_above_avg': -0.3673, 'count_actions': 21}]"
9Yqd4X9qvJ,kRQand1MKZ,AM,220,"[{'action_type': 'Dribbling', 'goals_added_raw': -0.1675, 'goals_added_above_avg': -0.1882, 'count_actions': 48}, {'action_type': 'Fouling', 'goals_added_raw': 0.0181, 'goals_added_above_avg': -0.0066, 'count_actions': 5}, {'action_type': 'Interrupting', 'goals_added_raw': 0.0882, 'goals_added_above_avg': -0.0078, 'count_actions': 11}, {'action_type': 'Passing', 'goals_added_raw': 0.722, 'goals_added_above_avg': 0.6852, 'count_actions': 200}, {'action_type': 'Receiving', 'goals_added_raw': 0.1861, 'goals_added_above_avg': -0.0771, 'count_actions': 170}, {'action_type': 'Shooting', 'goals_added_raw': 0.1235, 'goals_added_above_avg': 0, 'count_actions': 9}]"
9Yqd6yrkMv,KAqBN0Vqbg,ST,118,"[{'action_type': 'Dribbling', 'goals_added_raw': 0.0982, 'goals_added_above_avg': 0.0995, 'count_actions': 16}, {'action_type': 'Fouling', 'goals_added_raw': -0.0042, 'goals_added_above_avg': -0.0158, 'count_actions': 5}, {'action_type': 'Interrupting', 'goals_added_raw': -0.0019, 'goals_added_above_avg': -0.0536, 'count_actions': 1}, {'action_type': 'Passing', 'goals_added_raw': -0.0805, 'goals_added_above_avg': -0.0654, 'count_actions': 20}, {'action_type': 'Receiving', 'goals_added_raw': 0.1734, 'goals_added_above_avg': -0.0017, 'count_actions': 23}, {'action_type': 'Shooting', 'goals_added_raw': 0.0734, 'goals_added_above_avg': 0.0035, 'count_actions': 6}]"
9YqdWjPm5v,jYQJ8EW5GR,DM,1056,"[{'action_type': 'Dribbling', 'goals_added_raw': 0.0048, 'goals_added_above_avg': -0.0972, 'count_actions': 134}, {'action_type': 'Fouling', 'goals_added_raw': -0.3182, 'goals_added_above_avg': -0.2909, 'count_actions': 30}, {'action_type': 'Interrupting', 'goals_added_raw': 0.5415, 'goals_added_above_avg': -0.2191, 'count_actions': 118}, {'action_type': 'Passing', 'goals_added_raw': 0.1346, 'goals_added_above_avg': -0.2774, 'count_actions': 514}, {'action_type': 'Receiving', 'goals_added_raw': 0.1786, 'goals_added_above_avg': -0.1934, 'count_actions': 447}, {'action_type': 'Shooting', 'goals_added_raw': 0.1777, 'goals_added_above_avg': -0.0539, 'count_actions': 7}]"
9YqdY2mRQv,eVq3ya6MWO,CM,1831,"[{'action_type': 'Dribbling', 'goals_added_raw': 0.5479, 'goals_added_above_avg': 0.3684, 'count_actions': 278}, {'action_type': 'Fouling', 'goals_added_raw': 0.0002, 'goals_added_above_avg': 0.0312, 'count_actions': 44}, {'action_type': 'Interrupting', 'goals_added_raw': 1.1953, 'goals_added_above_avg': -0.087, 'count_actions': 152}, {'action_type': 'Passing', 'goals_added_raw': 1.0367, 'goals_added_above_avg': 0.3771, 'count_actions': 1131}, {'action_type': 'Receiving', 'goals_added_raw': 0.4936, 'goals_added_above_avg': -0.2364, 'count_actions': 980}, {'action_type': 'Shooting', 'goals_added_raw': 0.4207, 'goals_added_above_avg': -0.0188, 'count_actions': 19}]"
9YqddY89qv,mvzqoLZQap,CB,393,"[{'action_type': 'Dribbling', 'goals_added_raw': 0.0024, 'goals_added_above_avg': -0.0094, 'count_actions': 80}, {'action_type': 'Fouling', 'goals_added_raw': -0.0031, 'goals_added_above_avg': 0.0325, 'count_actions': 5}, {'action_type': 'Interrupting', 'goals_added_raw': 0.2363, 'goals_added_above_avg': -0.0619, 'count_actions': 35}, {'action_type': 'Passing', 'goals_added_raw': 0.412, 'goals_added_above_avg': 0.2046, 'count_actions': 263}, {'action_type': 'Receiving', 'goals_added_raw': 0.0094, 'goals_added_above_avg': -0.0792, 'count_actions': 222}, {'action_type': 'Shooting', 'goals_added_raw': 0.0546, 'goals_added_above_avg': 0.0097, 'count_actions': 2}]"
9YqdoXJL5v,vzqoOgNqap,ST,303,"[{'action_type': 'Dribbling', 'goals_added_raw': -0.1445, 'goals_added_above_avg': -0.1292, 'count_actions': 25}, {'action_type': 'Fouling', 'goals_added_raw': 0.0048, 'goals_added_above_avg': -0.0225, 'count_actions': 12}, {'action_type': 'Interrupting', 'goals_added_raw': 0.0605, 'goals_added_above_avg': -0.0761, 'count_actions': 14}, {'action_type': 'Passing', 'goals_added_raw': -0.0077, 'goals_added_above_avg': 0.0294, 'count_actions': 44}, {'action_type': 'Receiving', 'goals_added_raw': 0.2852, 'goals_added_above_avg': -0.1705, 'count_actions': 40}, {'action_type': 'Shooting', 'goals_added_raw': 0.1054, 'goals_added_above_avg': -0.0708, 'count_actions': 6}]"
9Yqdwg885v,NWMWlBK5lz,CB,352,"[{'action_type': 'Dribbling', 'goals_added_raw': -0.049, 'goals_added_above_avg': -0.0566, 'count_actions': 43}, {'action_type': 'Fouling', 'goals_added_raw': -0.0719, 'goals_added_above_avg': -0.0365, 'count_actions': 9}, {'action_type': 'Interrupting', 'goals_added_raw': 0.4319, 'goals_added_above_avg': 0.1559, 'count_actions': 68}, {'action_type': 'Passing', 'goals_added_raw': 0.0949, 'goals_added_above_avg': -0.1018, 'count_actions': 191}, {'action_type': 'Receiving', 'goals_added_raw': 0.066, 'goals_added_above_avg': -0.0111, 'count_actions': 138}, {'action_type': 'Shooting', 'goals_added_raw': 1.0472e-06, 'goals_added_above_avg': -0.0389, 'count_actions': 1}]"
9Yqdwlrj5v,jYQJ8EW5GR,W,1051,"[{'action_type': 'Dribbling', 'goals_added_raw': 0.0204, 'goals_added_above_avg': -0.099, 'count_actions': 204}, {'action_type': 'Fouling', 'goals_added_raw': -0.1106, 'goals_added_above_avg': -0.2014, 'count_actions': 20}, {'action_type': 'Interrupting', 'goals_added_raw': 0.2541, 'goals_added_above_avg': -0.2355, 'count_actions': 55}, {'action_type': 'Passing', 'goals_added_raw': 0.0931, 'goals_added_above_avg': 0.0892, 'count_actions': 348}, {'action_type': 'Receiving', 'goals_added_raw': 0.8334, 'goals_added_above_avg': -0.3808, 'count_actions': 355}, {'action_type': 'Shooting', 'goals_added_raw': 0.6164, 'goals_added_above_avg': 0.0708, 'count_actions': 21}]"
9vQ229oLQK,kaDQ0wRqEv,W,765,"[{'action_type': 'Dribbling', 'goals_added_raw': 0.5622, 'goals_added_above_avg': 0.4887, 'count_actions': 142}, {'action_type': 'Fouling', 'goals_added_raw': 0.0732, 'goals_added_above_avg': 0.0327, 'count_actions': 26}, {'action_type': 'Interrupting', 'goals_added_raw': 0.3622, 'goals_added_above_avg': -0.0617, 'count_actions': 51}, {'action_type': 'Passing', 'goals_added_raw': -0.0365, 'goals_added_above_avg': -0.1775, 'count_actions': 360}, {'action_type': 'Receiving', 'goals_added_raw': 0.3309, 'goals_added_above_avg': -0.357, 'count_actions': 344}, {'action_type': 'Shooting', 'goals_added_raw': 0.5568, 'goals_added_above_avg': 0.2291, 'count_actions': 21}]"
9vQ22BR7QK,jYQJ19EqGR,W,1292,"[{'action_type': 'Dribbling', 'goals_added_raw': 0.5084, 'goals_added_above_avg': 0.2726, 'count_actions': 164}, {'action_type': 'Fouling', 'goals_added_raw': -0.0237, 'goals_added_above_avg': -0.1509, 'count_actions': 15}, {'action_type': 'Interrupting', 'goals_added_raw': 0.8525, 'goals_added_above_avg': 0.2497, 'count_actions': 87}, {'action_type': 'Passing', 'goals_added_raw': -0.2727, 'goals_added_above_avg': -0.4024, 'count_actions': 635}, {'action_type': 'Receiving', 'goals_added_raw': 1.0253, 'goals_added_above_avg': -0.3343, 'count_actions': 541}, {'action_type': 'Shooting', 'goals_added_raw': 0.6559, 'goals_added_above_avg': -0.0238, 'count_actions': 22}]"
9vQ22OOoQK,19vQ2095K6,CM,460,"[{'action_type': 'Dribbling', 'goals_added_raw': 0.0313, 'goals_added_above_avg': -0.0095, 'count_actions': 42}, {'action_type': 'Fouling', 'goals_added_raw': -0.0325, 'goals_added_above_avg': -0.0359, 'count_actions': 6}, {'action_type': 'Interrupting', 'goals_added_raw': 0.4547, 'goals_added_above_avg': 0.1573, 'count_actions': 42}, {'action_type': 'Passing', 'goals_added_raw': 0.0974, 'goals_added_above_avg': -0.0246, 'count_actions': 168}, {'action_type': 'Receiving', 'goals_added_raw': 0.3141, 'goals_added_above_avg': 0.038, 'count_actions': 133}, {'action_type': 'Shooting', 'goals_added_raw': 0.1095, 'goals_added_above_avg': -0.0332, 'count_actions': 4}]"
9vQ22jRLQK,vzqoOgNqap,FB,1814,"[{'action_type': 'Dribbling', 'goals_added_raw': 0.0898, 'goals_added_above_avg': -0.0411, 'count_actions': 229}, {'action_type': 'Fouling', 'goals_added_raw': -0.3529, 'goals_added_above_avg': -0.2789, 'count_actions': 38}, {'action_type': 'Interrupting', 'goals_added_raw': 0.7145, 'goals_added_above_avg': -0.4319, 'count_actions': 145}, {'action_type': 'Passing', 'goals_added_raw': 0.5015, 'goals_added_above_avg': -0.1734, 'count_actions': 1034}, {'action_type': 'Receiving', 'goals_added_raw': 0.5581, 'goals_added_above_avg': 0.0901, 'count_actions': 751}, {'action_type': 'Shooting', 'goals_added_raw': 0.1657, 'goals_added_above_avg': -0.0744, 'count_actions': 7}]"
9vQ22nALQK,APk5LGOMOW,ST,905,"[{'action_type': 'Dribbling', 'goals_added_raw': -0.6771, 'goals_added_above_avg': -0.6588, 'count_actions': 112}, {'action_type': 'Fouling', 'goals_added_raw': 0.1747, 'goals_added_above_avg': 0.0823, 'count_actions': 22}, {'action_type': 'Interrupting', 'goals_added_raw': 0.0054, 'goals_added_above_avg': -0.3829, 'count_actions': 35}, {'action_type': 'Passing', 'goals_added_raw': -0.7174, 'goals_added_above_avg': -0.6012, 'count_actions': 224}, {'action_type': 'Receiving', 'goals_added_raw': 2.6897, 'goals_added_above_avg': 1.314, 'count_actions': 246}, {'action_type': 'Shooting', 'goals_added_raw': 0.6495, 'goals_added_above_avg': 0.1036, 'count_actions': 23}]"
9vQ22pVaQK,19vQ2095K6,FB,1502,"[{'action_type': 'Dribbling', 'goals_added_raw': 0.0379, 'goals_added_above_avg': -0.089, 'count_actions': 210}, {'action_type': 'Fouling', 'goals_added_raw': -0.0194, 'goals_added_above_avg': 0.0352, 'count_actions': 26}, {'action_type': 'Interrupting', 'goals_added_raw': 0.8779, 'goals_added_above_avg': -0.1392, 'count_actions': 143}, {'action_type': 'Passing', 'goals_added_raw': 0.7108, 'goals_added_above_avg': 0.1278, 'count_actions': 961}, {'action_type': 'Receiving', 'goals_added_raw': 0.4141, 'goals_added_above_avg': -0.0225, 'count_actions': 786}, {'action_type': 'Shooting', 'goals_added_raw': 0.2898, 'goals_added_above_avg': 0.0393, 'count_actions': 12}]"
9vQ248BL5K,NPqxKXZ59d,ST,2008,"[{'action_type': 'Dribbling', 'goals_added_raw': -0.9588, 'goals_added_above_avg': -0.5902, 'count_actions': 198}, {'action_type': 'Fouling', 'goals_added_raw': 0.3332, 'goals_added_above_avg': 0.061, 'count_actions': 49}, {'action_type': 'Interrupting', 'goals_added_raw': 0.5903, 'goals_added_above_avg': -0.0855, 'count_actions': 76}, {'action_type': 'Passing', 'goals_added_raw': -1.2494, 'goals_added_above_avg': -0.5087, 'count_actions': 298}, {'action_type': 'Receiving', 'goals_added_raw': 5.2444, 'goals_added_above_avg': 1.012, 'count_actions': 353}, {'action_type': 'Shooting', 'goals_added_raw': 1.1669, 'goals_added_above_avg': -0.3312, 'count_actions': 39}]"
9vQ24Gkx5K,Vj58weDM8n,W,2228,"[{'action_type': 'Dribbling', 'goals_added_raw': 1.2405, 'goals_added_above_avg': 0.806, 'count_actions': 336}, {'action_type': 'Fouling', 'goals_added_raw': 0.5242, 'goals_added_above_avg': 0.3271, 'count_actions': 33}, {'action_type': 'Interrupting', 'goals_added_raw': 0.2119, 'goals_added_above_avg': -0.8542, 'count_actions': 111}, {'action_type': 'Passing', 'goals_added_raw': -0.5788, 'goals_added_above_avg': -0.6281, 'count_actions': 709}, {'action_type': 'Receiving', 'goals_added_raw': 2.5899, 'goals_added_above_avg': 0.2723, 'count_actions': 668}, {'action_type': 'Shooting', 'goals_added_raw': 1.0461, 'goals_added_above_avg': -0.0931, 'count_actions': 31}]"
9vQ2N9NYQK,mvzqoLZQap,ST,210,"[{'action_type': 'Dribbling', 'goals_added_raw': -0.2163, 'goals_added_above_avg': -0.1872, 'count_actions': 24}, {'action_type': 'Fouling', 'goals_added_raw': -0.0198, 'goals_added_above_avg': -0.0433, 'count_actions': 5}, {'action_type': 'Interrupting', 'goals_added_raw': 0.2016, 'goals_added_above_avg': 0.1191, 'count_actions': 9}, {'action_type': 'Passing', 'goals_added_raw': -0.0964, 'goals_added_above_avg': -0.0432, 'count_actions': 34}, {'action_type': 'Receiving', 'goals_added_raw': 0.4039, 'goals_added_above_avg': 0.0198, 'count_actions': 35}, {'action_type': 'Shooting', 'goals_added_raw': 0.1714, 'goals_added_above_avg': 0.0318, 'count_actions': 5}]"
9vQ2NW1oQK,Z2vQ1xlqrA,CB,232,"[{'action_type': 'Dribbling', 'goals_added_raw': 0.0513, 'goals_added_above_avg': 0.0463, 'count_actions': 31}, {'action_type': 'Fouling', 'goals_added_raw': -0.019, 'goals_added_above_avg': 0.0044, 'count_actions': 2}, {'action_type': 'Interrupting', 'goals_added_raw': -0.8033, 'goals_added_above_avg': -0.9852, 'count_actions': 33}, {'action_type': 'Passing', 'goals_added_raw': 0.0568, 'goals_added_above_avg': -0.0729, 'count_actions': 106}, {'action_type': 'Receiving', 'goals_added_raw': 0.024, 'goals_added_above_avg': -0.0268, 'count_actions': 85}, {'action_type': 'Shooting', 'goals_added_raw': 0.0107, 'goals_added_above_avg': -0.0149, 'count_actions': 1}]"
9vQ2NWOYQK,jYQJ8EW5GR,W,32,"[{'action_type': 'Dribbling', 'goals_added_raw': -0.065, 'goals_added_above_avg': -0.0714, 'count_actions': 15}, {'action_type': 'Fouling', 'goals_added_raw': 0.0054, 'goals_added_above_avg': 0.0024, 'count_actions': 4}, {'action_type': 'Interrupting', 'goals_added_raw': 0.0042, 'goals_added_above_avg': -0.0109, 'count_actions': 1}, {'action_type': 'Passing', 'goals_added_raw': 0.0327, 'goals_added_above_avg': 0.0325, 'count_actions': 8}, {'action_type': 'Receiving', 'goals_added_raw': 0.0247, 'goals_added_above_avg': -0.0096, 'count_actions': 11}, {'action_type': 'Shooting', 'goals_added_raw': 0, 'goals_added_above_avg': -0.0169, 'count_actions': 0}]"
9vQ2Z3doQK,mKAqBBmqbg,FB,303,"[{'action_type': 'Dribbling', 'goals_added_raw': 0.1385, 'goals_added_above_avg': 0.116, 'count_actions': 28}, {'action_type': 'Fouling', 'goals_added_raw': -0.0185, 'goals_added_above_avg': -0.0101, 'count_actions': 5}, {'action_type': 'Interrupting', 'goals_added_raw': 0.3069, 'goals_added_above_avg': 0.1166, 'count_actions': 35}, {'action_type': 'Passing', 'goals_added_raw': 0.0123, 'goals_added_above_avg': -0.1072, 'count_actions': 91}, {'action_type': 'Receiving', 'goals_added_raw': 0.2259, 'goals_added_above_avg': 0.1174, 'count_actions': 71}, {'action_type': 'Shooting', 'goals_added_raw': 0.1315, 'goals_added_above_avg': 0.0754, 'count_actions': 6}]"
9vQ2ZDwaQK,lgpMOvnQzy,DM,130,"[{'action_type': 'Dribbling', 'goals_added_raw': -0.1321, 'goals_added_above_avg': -0.1486, 'count_actions': 24}, {'action_type': 'Fouling', 'goals_added_raw': -0.0058, 'goals_added_above_avg': -0.0135, 'count_actions': 4}, {'action_type': 'Interrupting', 'goals_added_raw': 0.0224, 'goals_added_above_avg': -0.0497, 'count_actions': 11}, {'action_type': 'Passing', 'goals_added_raw': 0.1729, 'goals_added_above_avg': 0.1238, 'count_actions': 70}, {'action_type': 'Receiving', 'goals_added_raw': 0.1983, 'goals_added_above_avg': 0.0996, 'count_actions': 65}, {'action_type': 'Shooting', 'goals_added_raw': 0.08, 'goals_added_above_avg': 0.0266, 'count_actions': 3}]"
9vQ2ZEYoQK,Vj58weDM8n,FB,98,"[{'action_type': 'Dribbling', 'goals_added_raw': -0.0174, 'goals_added_above_avg': -0.0229, 'count_actions': 11}, {'action_type': 'Fouling', 'goals_added_raw': -0.0005, 'goals_added_above_avg': 0.0054, 'count_actions': 3}, {'action_type': 'Interrupting', 'goals_added_raw': 0.0808, 'goals_added_above_avg': 0.0139, 'count_actions': 9}, {'action_type': 'Passing', 'goals_added_raw': 0.0461, 'goals_added_above_avg': 0.0035, 'count_actions': 85}, {'action_type': 'Receiving', 'goals_added_raw': 0.0029, 'goals_added_above_avg': -0.0211, 'count_actions': 70}, {'action_type': 'Shooting', 'goals_added_raw': 0, 'goals_added_above_avg': -0.0123, 'count_actions': 0}]"
9vQ2ZNGLQK,9z5k7Yg5A3,FB,514,"[{'action_type': 'Dribbling', 'goals_added_raw': -0.2252, 'goals_added_above_avg': -0.2705, 'count_actions': 50}, {'action_type': 'Fouling', 'goals_added_raw': 0.0567, 'goals_added_above_avg': 0.069, 'count_actions': 10}, {'action_type': 'Interrupting', 'goals_added_raw': 0.0969, 'goals_added_above_avg': -0.2177, 'count_actions': 66}, {'action_type': 'Passing', 'goals_added_raw': 0.3995, 'goals_added_above_avg': 0.2316, 'count_actions': 234}, {'action_type': 'Receiving', 'goals_added_raw': 0.1044, 'goals_added_above_avg': -0.0806, 'count_actions': 147}, {'action_type': 'Shooting', 'goals_added_raw': 0.1706, 'goals_added_above_avg': 0.0772, 'count_actions': 6}]"
9vQ2ZjbmQK,gpMOLwl5zy,W,613,"[{'action_type': 'Dribbling', 'goals_added_raw': 0.3042, 'goals_added_above_avg': 0.2044, 'count_actions': 154}, {'action_type': 'Fouling', 'goals_added_raw': 0.0038, 'goals_added_above_avg': -0.0342, 'count_actions': 26}, {'action_type': 'Interrupting', 'goals_added_raw': 0.1212, 'goals_added_above_avg': -0.1991, 'count_actions': 34}, {'action_type': 'Passing', 'goals_added_raw': 0.0072, 'goals_added_above_avg': -0.0713, 'count_actions': 210}, {'action_type': 'Receiving', 'goals_added_raw': 0.3828, 'goals_added_above_avg': -0.1626, 'count_actions': 230}, {'action_type': 'Shooting', 'goals_added_raw': 0.2462, 'goals_added_above_avg': -0.0258, 'count_actions': 9}]"
9vQ2ZlkaQK,KAqBN0Vqbg,FB,813,"[{'action_type': 'Dribbling', 'goals_added_raw': -0.0971, 'goals_added_above_avg': -0.1597, 'count_actions': 96}, {'action_type': 'Fouling', 'goals_added_raw': -0.09, 'goals_added_above_avg': -0.0607, 'count_actions': 16}, {'action_type': 'Interrupting', 'goals_added_raw': 0.3676, 'goals_added_above_avg': -0.1458, 'count_actions': 79}, {'action_type': 'Passing', 'goals_added_raw': -0.2556, 'goals_added_above_avg': -0.5491, 'count_actions': 359}, {'action_type': 'Receiving', 'goals_added_raw': 0.1308, 'goals_added_above_avg': -0.1184, 'count_actions': 273}, {'action_type': 'Shooting', 'goals_added_raw': 0.0348, 'goals_added_above_avg': -0.0918, 'count_actions': 2}]"
9vQ2ZoR7QK,mvzqoLZQap,FB,1066,"[{'action_type': 'Dribbling', 'goals_added_raw': -0.1744, 'goals_added_above_avg': -0.2843, 'count_actions': 122}, {'action_type': 'Fouling', 'goals_added_raw': -0.0258, 'goals_added_above_avg': -0.0182, 'count_actions': 19}, {'action_type': 'Interrupting', 'goals_added_raw': 0.1946, 'goals_added_above_avg': -0.4417, 'count_actions': 88}, {'action_type': 'Passing', 'goals_added_raw': 0.059, 'goals_added_above_avg': -0.2432, 'count_actions': 546}, {'action_type': 'Receiving', 'goals_added_raw': 0.822, 'goals_added_above_avg': 0.3316, 'count_actions': 429}, {'action_type': 'Shooting', 'goals_added_raw': 0.2019, 'goals_added_above_avg': -0.046, 'count_actions': 13}]"
9vQ2d66e5K,KAqBN0Vqbg,CB,1089,"[{'action_type': 'Dribbling', 'goals_added_raw': -0.0521, 'goals_added_above_avg': -0.0754, 'count_actions': 123}, {'action_type': 'Fouling', 'goals_added_raw': -0.0534, 'goals_added_above_avg': 0.0563, 'count_actions': 24}, {'action_type': 'Interrupting', 'goals_added_raw': 1.0339, 'goals_added_above_avg': 0.1801, 'count_actions': 148}, {'action_type': 'Passing', 'goals_added_raw': 0.4081, 'goals_added_above_avg': -0.2005, 'count_actions': 662}, {'action_type': 'Receiving', 'goals_added_raw': 0.2819, 'goals_added_above_avg': 0.0432, 'count_actions': 555}, {'action_type': 'Shooting', 'goals_added_raw': 0.0621, 'goals_added_above_avg': -0.0583, 'count_actions': 4}]"
9z5k33zb5A,Vj58weDM8n,W,650,"[{'action_type': 'Dribbling', 'goals_added_raw': -0.0245, 'goals_added_above_avg': -0.0798, 'count_actions': 98}, {'action_type': 'Fouling', 'goals_added_raw': -0.0016, 'goals_added_above_avg': -0.0707, 'count_actions': 22}, {'action_type': 'Interrupting', 'goals_added_raw': 0.1933, 'goals_added_above_avg': -0.0872, 'count_actions': 37}, {'action_type': 'Passing', 'goals_added_raw': 0.1328, 'goals_added_above_avg': 0.2013, 'count_actions': 131}, {'action_type': 'Receiving', 'goals_added_raw': 0.5698, 'goals_added_above_avg': -0.3293, 'count_actions': 132}, {'action_type': 'Shooting', 'goals_added_raw': 0.1639, 'goals_added_above_avg': -0.2214, 'count_actions': 9}]"
9z5k3nlg5A,zeQZBOzQKw,W,35,"[{'action_type': 'Dribbling', 'goals_added_raw': 0.0027, 'goals_added_above_avg': -0.0023, 'count_actions': 2}, {'action_type': 'Fouling', 'goals_added_raw': 0.0004, 'goals_added_above_avg': -0.0011, 'count_actions': 1}, {'action_type': 'Interrupting', 'goals_added_raw': 0.0059, 'goals_added_above_avg': -0.0141, 'count_actions': 3}, {'action_type': 'Passing', 'goals_added_raw': 0.0503, 'goals_added_above_avg': 0.0445, 'count_actions': 4}, {'action_type': 'Receiving', 'goals_added_raw': 0.0017, 'goals_added_above_avg': -0.0247, 'count_actions': 4}, {'action_type': 'Shooting', 'goals_added_raw': 0.0249, 'goals_added_above_avg': 0.0111, 'count_actions': 1}]"
9z5k3r7a5A,X0Oq66zq6D,CB,58,"[{'action_type': 'Dribbling', 'goals_added_raw': -0.0152, 'goals_added_above_avg': -0.0164, 'count_actions': 13}, {'action_type': 'Fouling', 'goals_added_raw': 0, 'goals_added_above_avg': 0.0058, 'count_actions': 0}, {'action_type': 'Interrupting', 'goals_added_raw': -0.017, 'goals_added_above_avg': -0.0625, 'count_actions': 8}, {'action_type': 'Passing', 'goals_added_raw': 0.0073, 'goals_added_above_avg': -0.0251, 'count_actions': 31}, {'action_type': 'Receiving', 'goals_added_raw': -0.0014, 'goals_added_above_avg': -0.0141, 'count_actions': 27}, {'action_type': 'Shooting', 'goals_added_raw': 0, 'goals_added_above_avg': -0.0064, 'count_actions': 0}]"
9z5k71be5A,0KPqjA456v,FB,904,"[{'action_type': 'Dribbling', 'goals_added_raw': 0.0861, 'goals_added_above_avg': 0.029, 'count_actions': 56}, {'action_type': 'Fouling', 'goals_added_raw': -0.2806, 'goals_added_above_avg': -0.2331, 'count_actions': 11}, {'action_type': 'Interrupting', 'goals_added_raw': 0.2447, 'goals_added_above_avg': -0.3654, 'count_actions': 94}, {'action_type': 'Passing', 'goals_added_raw': 0.4092, 'goals_added_above_avg': 0.0361, 'count_actions': 441}, {'action_type': 'Receiving', 'goals_added_raw': 0.0788, 'goals_added_above_avg': -0.1945, 'count_actions': 315}, {'action_type': 'Shooting', 'goals_added_raw': 0.1141, 'goals_added_above_avg': -0.024, 'count_actions': 4}]"
9z5k76Yd5A,a2lqR4JMr0,FB,800,"[{'action_type': 'Dribbling', 'goals_added_raw': 0.033, 'goals_added_above_avg': -0.0247, 'count_actions': 75}, {'action_type': 'Fouling', 'goals_added_raw': -0.0595, 'goals_added_above_avg': -0.0269, 'count_actions': 22}, {'action_type': 'Interrupting', 'goals_added_raw': -0.1736, 'goals_added_above_avg': -0.6792, 'count_actions': 57}, {'action_type': 'Passing', 'goals_added_raw': 0.0784, 'goals_added_above_avg': -0.2193, 'count_actions': 295}, {'action_type': 'Receiving', 'goals_added_raw': 0.1776, 'goals_added_above_avg': -0.0288, 'count_actions': 220}, {'action_type': 'Shooting', 'goals_added_raw': 0.1358, 'goals_added_above_avg': 0.0299, 'count_actions': 6}]"
9z5k7rej5A,gpMOLwl5zy,ST,821,"[{'action_type': 'Dribbling', 'goals_added_raw': 0.4106, 'goals_added_above_avg': 0.5388, 'count_actions': 66}, {'action_type': 'Fouling', 'goals_added_raw': 0.0091, 'goals_added_above_avg': -0.0998, 'count_actions': 19}, {'action_type': 'Interrupting', 'goals_added_raw': 0.4405, 'goals_added_above_avg': 0.1563, 'count_actions': 33}, {'action_type': 'Passing', 'goals_added_raw': -0.4361, 'goals_added_above_avg': -0.1553, 'count_actions': 119}, {'action_type': 'Receiving', 'goals_added_raw': 2.0245, 'goals_added_above_avg': 0.3548, 'count_actions': 150}, {'action_type': 'Shooting', 'goals_added_raw': 0.5733, 'goals_added_above_avg': -0.0264, 'count_actions': 24}]"
9z5kWANg5A,jYQJ8EW5GR,AM,12,"[{'action_type': 'Dribbling', 'goals_added_raw': 0.035, 'goals_added_above_avg': 0.0334, 'count_actions': 3}, {'action_type': 'Fouling', 'goals_added_raw': 0.0222, 'goals_added_above_avg': 0.0208, 'count_actions': 2}, {'action_type': 'Interrupting', 'goals_added_raw': 0.0018, 'goals_added_above_avg': -0.0036, 'count_actions': 1}, {'action_type': 'Passing', 'goals_added_raw': -0.0119, 'goals_added_above_avg': -0.016, 'count_actions': 2}, {'action_type': 'Receiving', 'goals_added_raw': 0.0112, 'goals_added_above_avg': -0.0008, 'count_actions': 2}, {'action_type': 'Shooting', 'goals_added_raw': 0, 'goals_added_above_avg': -0.0063, 'count_actions': 0}]"
9z5kWdVP5A,zeQZkL1MKw,W,40,"[{'action_type': 'Dribbling', 'goals_added_raw': -0.0702, 'goals_added_above_avg': -0.0782, 'count_actions': 11}, {'action_type': 'Fouling', 'goals_added_raw': 0, 'goals_added_above_avg': -0.0037, 'count_actions': 1}, {'action_type': 'Interrupting', 'goals_added_raw': 0.008, 'goals_added_above_avg': -0.0109, 'count_actions': 1}, {'action_type': 'Passing', 'goals_added_raw': -0.0777, 'goals_added_above_avg': -0.078, 'count_actions': 13}, {'action_type': 'Receiving', 'goals_added_raw': 0.05, 'goals_added_above_avg': 0.0071, 'count_actions': 19}, {'action_type': 'Shooting', 'goals_added_raw': 0.0378, 'goals_added_above_avg': 0.0167, 'count_actions': 2}]"
9z5ka8adQA,lgpMOvnQzy,W,722,"[{'action_type': 'Dribbling', 'goals_added_raw': 0.4991, 'goals_added_above_avg': 0.3729, 'count_actions': 114}, {'action_type': 'Fouling', 'goals_added_raw': 0.2624, 'goals_added_above_avg': 0.1898, 'count_actions': 21}, {'action_type': 'Interrupting', 'goals_added_raw': 0.3741, 'goals_added_above_avg': 0.039, 'count_actions': 70}, {'action_type': 'Passing', 'goals_added_raw': 0.5664, 'goals_added_above_avg': 0.4644, 'count_actions': 463}, {'action_type': 'Receiving', 'goals_added_raw': 1.154, 'goals_added_above_avg': 0.4008, 'count_actions': 367}, {'action_type': 'Shooting', 'goals_added_raw': 0.7269, 'goals_added_above_avg': 0.3474, 'count_actions': 26}]"
9z5ka91bQA,kaDQ0wRqEv,DM,239,"[{'action_type': 'Dribbling', 'goals_added_raw': 0.0452, 'goals_added_above_avg': 0.0197, 'count_actions': 64}, {'action_type': 'Fouling', 'goals_added_raw': -0.0018, 'goals_added_above_avg': 0.0085, 'count_actions': 2}, {'action_type': 'Interrupting', 'goals_added_raw': 0.3341, 'goals_added_above_avg': 0.1522, 'count_actions': 18}, {'action_type': 'Passing', 'goals_added_raw': 0.0983, 'goals_added_above_avg': -0.0091, 'count_actions': 180}, {'action_type': 'Receiving', 'goals_added_raw': 0.0988, 'goals_added_above_avg': 0.0321, 'count_actions': 163}, {'action_type': 'Shooting', 'goals_added_raw': 0.0273, 'goals_added_above_avg': -0.0168, 'count_actions': 4}]"
9z5karAKQA,NWMWlBK5lz,CB,1117,"[{'action_type': 'Dribbling', 'goals_added_raw': -0.078, 'goals_added_above_avg': -0.0866, 'count_actions': 115}, {'action_type': 'Fouling', 'goals_added_raw': 0.0135, 'goals_added_above_avg': 0.1084, 'count_actions': 16}, {'action_type': 'Interrupting', 'goals_added_raw': 0.9646, 'goals_added_above_avg': 0.1221, 'count_actions': 124}, {'action_type': 'Passing', 'goals_added_raw': 0.7665, 'goals_added_above_avg': 0.2114, 'count_actions': 615}, {'action_type': 'Receiving', 'goals_added_raw': 0.5244, 'goals_added_above_avg': 0.139, 'count_actions': 452}, {'action_type': 'Shooting', 'goals_added_raw': 0.2391, 'goals_added_above_avg': 0.0683, 'count_actions': 11}]"
9z5kawdYQA,KAqBN0Vqbg,CB,381,"[{'action_type': 'Dribbling', 'goals_added_raw': 0.0081, 'goals_added_above_avg': -8.2987e-06, 'count_actions': 64}, {'action_type': 'Fouling', 'goals_added_raw': -0.0388, 'goals_added_above_avg': -0.0004, 'count_actions': 9}, {'action_type': 'Interrupting', 'goals_added_raw': 0.8686, 'goals_added_above_avg': 0.5699, 'count_actions': 58}, {'action_type': 'Passing', 'goals_added_raw': 0.1336, 'goals_added_above_avg': -0.0793, 'count_actions': 240}, {'action_type': 'Receiving', 'goals_added_raw': 0.062, 'goals_added_above_avg': -0.0215, 'count_actions': 208}, {'action_type': 'Shooting', 'goals_added_raw': 0.0588, 'goals_added_above_avg': 0.0167, 'count_actions': 2}]"
9z5kb8dJMA,Vj58weDM8n,CB,1447,"[{'action_type': 'Dribbling', 'goals_added_raw': -0.1156, 'goals_added_above_avg': -0.1503, 'count_actions': 281}, {'action_type': 'Fouling', 'goals_added_raw': -0.0461, 'goals_added_above_avg': 0.0954, 'count_actions': 23}, {'action_type': 'Interrupting', 'goals_added_raw': 0.3217, 'goals_added_above_avg': -0.8019, 'count_actions': 187}, {'action_type': 'Passing', 'goals_added_raw': 0.6692, 'goals_added_above_avg': -0.1259, 'count_actions': 1113}, {'action_type': 'Receiving', 'goals_added_raw': 0.2686, 'goals_added_above_avg': -0.0513, 'count_actions': 929}, {'action_type': 'Shooting', 'goals_added_raw': 0.1117, 'goals_added_above_avg': -0.0498, 'count_actions': 7}]"
9z5kbYGaMA,KAqBN0Vqbg,DM,379,"[{'action_type': 'Dribbling', 'goals_added_raw': 0.024, 'goals_added_above_avg': -0.0151, 'count_actions': 64}, {'action_type': 'Fouling', 'goals_added_raw': 0.0117, 'goals_added_above_avg': 0.0256, 'count_actions': 6}, {'action_type': 'Interrupting', 'goals_added_raw': 0.5595, 'goals_added_above_avg': 0.2765, 'count_actions': 40}, {'action_type': 'Passing', 'goals_added_raw': 0.1306, 'goals_added_above_avg': -0.0318, 'count_actions': 203}, {'action_type': 'Receiving', 'goals_added_raw': 0.0148, 'goals_added_above_avg': -0.1008, 'count_actions': 158}, {'action_type': 'Shooting', 'goals_added_raw': 0.045, 'goals_added_above_avg': -0.0296, 'count_actions': 2}]"
9z5kbnmdMA,Z2vQ1xlqrA,CM,1881,"[{'action_type': 'Dribbling', 'goals_added_raw': 0.5378, 'goals_added_above_avg': 0.3631, 'count_actions': 357}, {'action_type': 'Fouling', 'goals_added_raw': -0.018, 'goals_added_above_avg': 0.0188, 'count_actions': 28}, {'action_type': 'Interrupting', 'goals_added_raw': 1.5961, 'goals_added_above_avg': 0.2697, 'count_actions': 184}, {'action_type': 'Passing', 'goals_added_raw': 1.2181, 'goals_added_above_avg': 0.5258, 'count_actions': 1334}, {'action_type': 'Receiving', 'goals_added_raw': 0.2294, 'goals_added_above_avg': -0.4844, 'count_actions': 1030}, {'action_type': 'Shooting', 'goals_added_raw': 0.2659, 'goals_added_above_avg': -0.1709, 'count_actions': 10}]"
BLMv1GlQxe,jYQJ19EqGR,AM,1856,"[{'action_type': 'Dribbling', 'goals_added_raw': 0.7228, 'goals_added_above_avg': 0.5201, 'count_actions': 244}, {'action_type': 'Fouling', 'goals_added_raw': 0.0367, 'goals_added_above_avg': -0.1582, 'count_actions': 12}, {'action_type': 'Interrupting', 'goals_added_raw': 0.3344, 'goals_added_above_avg': -0.5131, 'count_actions': 54}, {'action_type': 'Passing', 'goals_added_raw': 0.761, 'goals_added_above_avg': 0.2658, 'count_actions': 918}, {'action_type': 'Receiving', 'goals_added_raw': 1.284, 'goals_added_above_avg': -0.7026, 'count_actions': 727}, {'action_type': 'Shooting', 'goals_added_raw': 1.0208, 'goals_added_above_avg': 0.04, 'count_actions': 43}]"
BLMv6ZyRMx,0KPqjA456v,AM,1553,"[{'action_type': 'Dribbling', 'goals_added_raw': 0.5756, 'goals_added_above_avg': 0.3675, 'count_actions': 303}, {'action_type': 'Fouling', 'goals_added_raw': 0.3332, 'goals_added_above_avg': 0.1718, 'count_actions': 33}, {'action_type': 'Interrupting', 'goals_added_raw': 0.2843, 'goals_added_above_avg': -0.4372, 'count_actions': 66}, {'action_type': 'Passing', 'goals_added_raw': 0.8017, 'goals_added_above_avg': 0.2726, 'count_actions': 896}, {'action_type': 'Receiving', 'goals_added_raw': 1.0475, 'goals_added_above_avg': -0.4551, 'count_actions': 743}, {'action_type': 'Shooting', 'goals_added_raw': 0.7081, 'goals_added_above_avg': -0.0819, 'count_actions': 28}]"
BLMv6dWAMx,Vj58weDM8n,FB,48,"[{'action_type': 'Dribbling', 'goals_added_raw': 0.0011, 'goals_added_above_avg': -0.0044, 'count_actions': 5}, {'action_type': 'Fouling', 'goals_added_raw': 0.0007, 'goals_added_above_avg': 0.0005, 'count_actions': 1}, {'action_type': 'Interrupting', 'goals_added_raw': 0.0151, 'goals_added_above_avg': -0.0126, 'count_actions': 1}, {'action_type': 'Passing', 'goals_added_raw': 0.0327, 'goals_added_above_avg': 0.0207, 'count_actions': 14}, {'action_type': 'Receiving', 'goals_added_raw': 0.0176, 'goals_added_above_avg': -0.0079, 'count_actions': 10}, {'action_type': 'Shooting', 'goals_added_raw': 0, 'goals_added_above_avg': -0.0127, 'count_actions': 0}]"
BLMv6j1AMx,X0Oq66zq6D,DM,1822,"[{'action_type': 'Dribbling', 'goals_added_raw': 0.2367, 'goals_added_above_avg': 0.0608, 'count_actions': 333}, {'action_type': 'Fouling', 'goals_added_raw': -0.263, 'goals_added_above_avg': -0.2161, 'count_actions': 54}, {'action_type': 'Interrupting', 'goals_added_raw': 1.2275, 'goals_added_above_avg': -0.0842, 'count_actions': 184}, {'action_type': 'Passing', 'goals_added_raw': 0.3346, 'goals_added_above_avg': -0.3752, 'count_actions': 1057}, {'action_type': 'Receiving', 'goals_added_raw': 0.2313, 'goals_added_above_avg': -0.4118, 'count_actions': 876}, {'action_type': 'Shooting', 'goals_added_raw': 0.3269, 'goals_added_above_avg': -0.0732, 'count_actions': 12}]"
BLMv7DLA5x,pzeQZ6xQKw,W,1432,"[{'action_type': 'Dribbling', 'goals_added_raw': 0.0675, 'goals_added_above_avg': -0.036, 'count_actions': 229}, {'action_type': 'Fouling', 'goals_added_raw': 0.0657, 'goals_added_above_avg': -0.0897, 'count_actions': 33}, {'action_type': 'Interrupting', 'goals_added_raw': 0.2285, 'goals_added_above_avg': -0.3831, 'count_actions': 58}, {'action_type': 'Passing', 'goals_added_raw': -0.2038, 'goals_added_above_avg': -0.0804, 'count_actions': 302}, {'action_type': 'Receiving', 'goals_added_raw': 2.2226, 'goals_added_above_avg': 0.2205, 'count_actions': 340}, {'action_type': 'Shooting', 'goals_added_raw': 0.7867, 'goals_added_above_avg': -0.068, 'count_actions': 26}]"
BLMv7oaB5x,NPqxKXZ59d,DM,1317,"[{'action_type': 'Dribbling', 'goals_added_raw': 0.3354, 'goals_added_above_avg': 0.1993, 'count_actions': 176}, {'action_type': 'Fouling', 'goals_added_raw': -0.3801, 'goals_added_above_avg': -0.3427, 'count_actions': 37}, {'action_type': 'Interrupting', 'goals_added_raw': 0.8281, 'goals_added_above_avg': -0.1319, 'count_actions': 124}, {'action_type': 'Passing', 'goals_added_raw': -0.1911, 'goals_added_above_avg': -0.7411, 'count_actions': 533}, {'action_type': 'Receiving', 'goals_added_raw': 1.0044, 'goals_added_above_avg': 0.5513, 'count_actions': 461}, {'action_type': 'Shooting', 'goals_added_raw': 0.2969, 'goals_added_above_avg': 0.0136, 'count_actions': 10}]"
BLMvkAAR5x,9z5k7Yg5A3,CM,2321,"[{'action_type': 'Dribbling', 'goals_added_raw': 0.1061, 'goals_added_above_avg': -0.1166, 'count_actions': 259}, {'action_type': 'Fouling', 'goals_added_raw': -0.0267, 'goals_added_above_avg': -0.0265, 'count_actions': 55}, {'action_type': 'Interrupting', 'goals_added_raw': 1.3235, 'goals_added_above_avg': -0.2122, 'count_actions': 218}, {'action_type': 'Passing', 'goals_added_raw': 0.7125, 'goals_added_above_avg': 0.0091, 'count_actions': 919}, {'action_type': 'Receiving', 'goals_added_raw': 1.917, 'goals_added_above_avg': 0.8022, 'count_actions': 703}, {'action_type': 'Shooting', 'goals_added_raw': 0.5846, 'goals_added_above_avg': -0.059, 'count_actions': 31}]"
BLMvl1JWqx,NPqxKXZ59d,W,546,"[{'action_type': 'Dribbling', 'goals_added_raw': 0.507, 'goals_added_above_avg': 0.3977, 'count_actions': 158}, {'action_type': 'Fouling', 'goals_added_raw': 0.0439, 'goals_added_above_avg': -0.0073, 'count_actions': 15}, {'action_type': 'Interrupting', 'goals_added_raw': 0.1312, 'goals_added_above_avg': -0.1266, 'count_actions': 16}, {'action_type': 'Passing', 'goals_added_raw': 0.7058, 'goals_added_above_avg': 0.7017, 'count_actions': 167}, {'action_type': 'Receiving', 'goals_added_raw': 0.2518, 'goals_added_above_avg': -0.334, 'count_actions': 195}, {'action_type': 'Shooting', 'goals_added_raw': 0.2306, 'goals_added_above_avg': -0.0572, 'count_actions': 14}]"
BLMvrD73Mx,EKXMeX3Q64,W,526,"[{'action_type': 'Dribbling', 'goals_added_raw': 0.1746, 'goals_added_above_avg': 0.0805, 'count_actions': 61}, {'action_type': 'Fouling', 'goals_added_raw': 0.049, 'goals_added_above_avg': 0.0115, 'count_actions': 13}, {'action_type': 'Interrupting', 'goals_added_raw': 0.765, 'goals_added_above_avg': 0.5027, 'count_actions': 63}, {'action_type': 'Passing', 'goals_added_raw': 0.237, 'goals_added_above_avg': 0.2011, 'count_actions': 176}, {'action_type': 'Receiving', 'goals_added_raw': 0.3791, 'goals_added_above_avg': -0.1137, 'count_actions': 134}, {'action_type': 'Shooting', 'goals_added_raw': 0.2277, 'goals_added_above_avg': -0.0149, 'count_actions': 8}]"
BLMvzGl8Mx,19vQ2095K6,ST,189,"[{'action_type': 'Dribbling', 'goals_added_raw': -0.4575, 'goals_added_above_avg': -0.4272, 'count_actions': 20}, {'action_type': 'Fouling', 'goals_added_raw': -0.0013, 'goals_added_above_avg': -0.0239, 'count_actions': 3}, {'action_type': 'Interrupting', 'goals_added_raw': -0.0564, 'goals_added_above_avg': -0.1251, 'count_actions': 9}, {'action_type': 'Passing', 'goals_added_raw': -0.2589, 'goals_added_above_avg': -0.2019, 'count_actions': 19}, {'action_type': 'Receiving', 'goals_added_raw': 0.5265, 'goals_added_above_avg': 0.1599, 'count_actions': 24}, {'action_type': 'Shooting', 'goals_added_raw': 0.0852, 'goals_added_above_avg': -0.0453, 'count_actions': 5}]"
BLMvzyGjMx,KAqBN0Vqbg,ST,1025,"[{'action_type': 'Dribbling', 'goals_added_raw': -0.2154, 'goals_added_above_avg': -0.0485, 'count_actions': 96}, {'action_type': 'Fouling', 'goals_added_raw': 0.0109, 'goals_added_above_avg': -0.115, 'count_actions': 17}, {'action_type': 'Interrupting', 'goals_added_raw': 0.4792, 'goals_added_above_avg': 0.1032, 'count_actions': 40}, {'action_type': 'Passing', 'goals_added_raw': -0.9252, 'goals_added_above_avg': -0.607, 'count_actions': 171}, {'action_type': 'Receiving', 'goals_added_raw': 2.2087, 'goals_added_above_avg': 0.1822, 'count_actions': 164}, {'action_type': 'Shooting', 'goals_added_raw': 0.5816, 'goals_added_above_avg': -0.142, 'count_actions': 24}]"
EGMP1jAA5a,APk5LGOMOW,DM,10,"[{'action_type': 'Dribbling', 'goals_added_raw': 0.003, 'goals_added_above_avg': 0.002, 'count_actions': 1}, {'action_type': 'Fouling', 'goals_added_raw': 0, 'goals_added_above_avg': 0.0004, 'count_actions': 0}, {'action_type': 'Interrupting', 'goals_added_raw': 0, 'goals_added_above_avg': -0.0076, 'count_actions': 0}, {'action_type': 'Passing', 'goals_added_raw': -0.0125, 'goals_added_above_avg': -0.017, 'count_actions': 4}, {'action_type': 'Receiving', 'goals_added_raw': 0.0002, 'goals_added_above_avg': -0.0026, 'count_actions': 3}, {'action_type': 'Shooting', 'goals_added_raw': 0, 'goals_added_above_avg': -0.0018, 'count_actions': 0}]"
EGMP1vxy5a,WBLMvYAQxe,W,2309,"[{'action_type': 'Dribbling', 'goals_added_raw': 1.7515, 'goals_added_above_avg': 1.3324, 'count_actions': 612}, {'action_type': 'Fouling', 'goals_added_raw': 0.2684, 'goals_added_above_avg': 0.0461, 'count_actions': 100}, {'action_type': 'Interrupting', 'goals_added_raw': 1.0173, 'goals_added_above_avg': -0.0579, 'count_actions': 131}, {'action_type': 'Passing', 'goals_added_raw': 0.0123, 'goals_added_above_avg': -0.0011, 'count_actions': 927}, {'action_type': 'Receiving', 'goals_added_raw': 1.9158, 'goals_added_above_avg': -0.6538, 'count_actions': 960}, {'action_type': 'Shooting', 'goals_added_raw': 1.7283, 'goals_added_above_avg': 0.4905, 'count_actions': 69}]"
EGMPR64xqa,pzeQZ6xQKw,CB,515,"[{'action_type': 'Dribbling', 'goals_added_raw': 0.0222, 'goals_added_above_avg': -0.0089, 'count_actions': 82}, {'action_type': 'Fouling', 'goals_added_raw': -0.0012, 'goals_added_above_avg': 0.0296, 'count_actions': 8}, {'action_type': 'Interrupting', 'goals_added_raw': 0.2546, 'goals_added_above_avg': -0.1087, 'count_actions': 54}, {'action_type': 'Passing', 'goals_added_raw': 0.4028, 'goals_added_above_avg': 0.1754, 'count_actions': 322}, {'action_type': 'Receiving', 'goals_added_raw': 0.1321, 'goals_added_above_avg': -0.0266, 'count_actions': 250}, {'action_type': 'Shooting', 'goals_added_raw': 0.042, 'goals_added_above_avg': -0.0398, 'count_actions': 2}]"
EGMPRAgxqa,X0Oq66zq6D,FB,116,"[{'action_type': 'Dribbling', 'goals_added_raw': 0.1213, 'goals_added_above_avg': 0.1055, 'count_actions': 20}, {'action_type': 'Fouling', 'goals_added_raw': -0.0191, 'goals_added_above_avg': -0.0222, 'count_actions': 7}, {'action_type': 'Interrupting', 'goals_added_raw': 0.4142, 'goals_added_above_avg': 0.3502, 'count_actions': 19}, {'action_type': 'Passing', 'goals_added_raw': -0.0931, 'goals_added_above_avg': -0.1151, 'count_actions': 38}, {'action_type': 'Receiving', 'goals_added_raw': 0.0517, 'goals_added_above_avg': -0.0255, 'count_actions': 34}, {'action_type': 'Shooting', 'goals_added_raw': 0.0351, 'goals_added_above_avg': -0.0032, 'count_actions': 3}]"
EGMPREorqa,a2lqR4JMr0,CM,401,"[{'action_type': 'Dribbling', 'goals_added_raw': 0.1834, 'goals_added_above_avg': 0.1491, 'count_actions': 22}, {'action_type': 'Fouling', 'goals_added_raw': -0.0098, 'goals_added_above_avg': -0.007, 'count_actions': 9}, {'action_type': 'Interrupting', 'goals_added_raw': 0.2903, 'goals_added_above_avg': 0.0197, 'count_actions': 35}, {'action_type': 'Passing', 'goals_added_raw': 0.0174, 'goals_added_above_avg': -0.1126, 'count_actions': 152}, {'action_type': 'Receiving', 'goals_added_raw': 0.0332, 'goals_added_above_avg': -0.1406, 'count_actions': 116}, {'action_type': 'Shooting', 'goals_added_raw': 0.143, 'goals_added_above_avg': 0.0396, 'count_actions': 5}]"
EGMPRNwVqa,eVq3ya6MWO,DM,85,"[{'action_type': 'Dribbling', 'goals_added_raw': 0.0117, 'goals_added_above_avg': 0.0035, 'count_actions': 8}, {'action_type': 'Fouling', 'goals_added_raw': -0.0036, 'goals_added_above_avg': -0.0014, 'count_actions': 2}, {'action_type': 'Interrupting', 'goals_added_raw': -0.1084, 'goals_added_above_avg': -0.1695, 'count_actions': 3}, {'action_type': 'Passing', 'goals_added_raw': -0.0088, 'goals_added_above_avg': -0.0417, 'count_actions': 43}, {'action_type': 'Receiving', 'goals_added_raw': 0.0029, 'goals_added_above_avg': -0.0274, 'count_actions': 37}, {'action_type': 'Shooting', 'goals_added_raw': 0, 'goals_added_above_avg': -0.0188, 'count_actions': 0}]"
EGMPRgDAqa,"['19vQ2095K6', 'APk5LGOMOW']",CB,1030,"[{'action_type': 'Dribbling', 'goals_added_raw': 0.1065, 'goals_added_above_avg': 0.062, 'count_actions': 131}, {'action_type': 'Fouling', 'goals_added_raw': -0.1075, 'goals_added_above_avg': -0.0302, 'count_actions': 33}, {'action_type': 'Interrupting', 'goals_added_raw': 0.7828, 'goals_added_above_avg': 0.0423, 'count_actions': 145}, {'action_type': 'Passing', 'goals_added_raw': 0.3801, 'goals_added_above_avg': -0.113, 'count_actions': 541}, {'action_type': 'Receiving', 'goals_added_raw': 0.3469, 'goals_added_above_avg': 0.104, 'count_actions': 430}, {'action_type': 'Shooting', 'goals_added_raw': 0.0938, 'goals_added_above_avg': -0.0297, 'count_actions': 4}]"
EGMPRpB0qa,19vQ2095K6,W,1009,"[{'action_type': 'Dribbling', 'goals_added_raw': 0.6747, 'goals_added_above_avg': 0.4783, 'count_actions': 170}, {'action_type': 'Fouling', 'goals_added_raw': 0.2423, 'goals_added_above_avg': 0.1557, 'count_actions': 16}, {'action_type': 'Interrupting', 'goals_added_raw': 0.327, 'goals_added_above_avg': -0.1666, 'count_actions': 54}, {'action_type': 'Passing', 'goals_added_raw': -0.4787, 'goals_added_above_avg': -0.5125, 'count_actions': 311}, {'action_type': 'Receiving', 'goals_added_raw': 0.924, 'goals_added_above_avg': -0.1113, 'count_actions': 287}, {'action_type': 'Shooting', 'goals_added_raw': 0.7203, 'goals_added_above_avg': 0.2088, 'count_actions': 23}]"
EGMPRw86qa,a2lqRX2Mr0,FB,1695,"[{'action_type': 'Dribbling', 'goals_added_raw': -0.0486, 'goals_added_above_avg': -0.1709, 'count_actions': 263}, {'action_type': 'Fouling', 'goals_added_raw': -0.0054, 'goals_added_above_avg': 0.0638, 'count_actions': 23}, {'action_type': 'Interrupting', 'goals_added_raw': 0.7252, 'goals_added_above_avg': -0.346, 'count_actions': 163}, {'action_type': 'Passing', 'goals_added_raw': 0.3519, 'goals_added_above_avg': -0.2787, 'count_actions': 1090}, {'action_type': 'Receiving', 'goals_added_raw': 0.1166, 'goals_added_above_avg': -0.3208, 'count_actions': 737}, {'action_type': 'Shooting', 'goals_added_raw': 0.1575, 'goals_added_above_avg': -0.0668, 'count_actions': 8}]"
EGMPRxR4qa,zeQZBOzQKw,FB,35,"[{'action_type': 'Dribbling', 'goals_added_raw': -0.0128, 'goals_added_above_avg': -0.0154, 'count_actions': 3}, {'action_type': 'Fouling', 'goals_added_raw': 0, 'goals_added_above_avg': 0.0014, 'count_actions': 0}, {'action_type': 'Interrupting', 'goals_added_raw': 0, 'goals_added_above_avg': -0.0221, 'count_actions': 0}, {'action_type': 'Passing', 'goals_added_raw': 0.0313, 'goals_added_above_avg': 0.0183, 'count_actions': 18}, {'action_type': 'Receiving', 'goals_added_raw': 0.0128, 'goals_added_above_avg': 0.0038, 'count_actions': 15}, {'action_type': 'Shooting', 'goals_added_raw': 0, 'goals_added_above_avg': -0.0046, 'count_actions': 0}]"
EGMPYkGA5a,kRQand1MKZ,FB,17,"[{'action_type': 'Dribbling', 'goals_added_raw': 0.0041, 'goals_added_above_avg': 0.0029, 'count_actions': 1}, {'action_type': 'Fouling', 'goals_added_raw': 0, 'goals_added_above_avg': 0.0007, 'count_actions': 0}, {'action_type': 'Interrupting', 'goals_added_raw': 0.0159, 'goals_added_above_avg': 0.0052, 'count_actions': 2}, {'action_type': 'Passing', 'goals_added_raw': -0.01, 'goals_added_above_avg': -0.0164, 'count_actions': 5}, {'action_type': 'Receiving', 'goals_added_raw': 0.0017, 'goals_added_above_avg': -0.0026, 'count_actions': 5}, {'action_type': 'Shooting', 'goals_added_raw': 0, 'goals_added_above_avg': -0.0023, 'count_actions': 0}]"
EGMPZ0m3qa,WBLMvYAQxe,FB,85,"[{'action_type': 'Dribbling', 'goals_added_raw': 0.0535, 'goals_added_above_avg': 0.0437, 'count_actions': 11}, {'action_type': 'Fouling', 'goals_added_raw': -0.0206, 'goals_added_above_avg': -0.0209, 'count_actions': 4}, {'action_type': 'Interrupting', 'goals_added_raw': 0.0251, 'goals_added_above_avg': -0.024, 'count_actions': 10}, {'action_type': 'Passing', 'goals_added_raw': 0.0442, 'goals_added_above_avg': 0.0229, 'count_actions': 42}, {'action_type': 'Receiving', 'goals_added_raw': 0.0402, 'goals_added_above_avg': -0.0048, 'count_actions': 30}, {'action_type': 'Shooting', 'goals_added_raw': 0.0667, 'goals_added_above_avg': 0.0443, 'count_actions': 2}]"
EGMPZZa3qa,jYQJ19EqGR,FB,897,"[{'action_type': 'Dribbling', 'goals_added_raw': 0.1003, 'goals_added_above_avg': 0.0135, 'count_actions': 97}, {'action_type': 'Fouling', 'goals_added_raw': -0.1074, 'goals_added_above_avg': -0.0854, 'count_actions': 25}, {'action_type': 'Interrupting', 'goals_added_raw': 0.2207, 'goals_added_above_avg': -0.3646, 'count_actions': 85}, {'action_type': 'Passing', 'goals_added_raw': 0.2737, 'goals_added_above_avg': -0.0406, 'count_actions': 423}, {'action_type': 'Receiving', 'goals_added_raw': 0.2128, 'goals_added_above_avg': -0.1138, 'count_actions': 321}, {'action_type': 'Shooting', 'goals_added_raw': 0.1358, 'goals_added_above_avg': -0.0415, 'count_actions': 9}]"
EGMPZlYrqa,Z2vQ1xlqrA,CB,699,"[{'action_type': 'Dribbling', 'goals_added_raw': 0.0008, 'goals_added_above_avg': -0.0238, 'count_actions': 64}, {'action_type': 'Fouling', 'goals_added_raw': -0.0755, 'goals_added_above_avg': -0.0165, 'count_actions': 23}, {'action_type': 'Interrupting', 'goals_added_raw': 0.8451, 'goals_added_above_avg': 0.326, 'count_actions': 88}, {'action_type': 'Passing', 'goals_added_raw': -0.2118, 'goals_added_above_avg': -0.5668, 'count_actions': 272}, {'action_type': 'Receiving', 'goals_added_raw': 0.0853, 'goals_added_above_avg': -0.0753, 'count_actions': 201}, {'action_type': 'Shooting', 'goals_added_raw': 0.0732, 'goals_added_above_avg': -0.0082, 'count_actions': 2}]"
EGMPlOjkMa,WBLMvYAQxe,ST,544,"[{'action_type': 'Dribbling', 'goals_added_raw': -0.1213, 'goals_added_above_avg': -0.0917, 'count_actions': 37}, {'action_type': 'Fouling', 'goals_added_raw': -0.0134, 'goals_added_above_avg': -0.0755, 'count_actions': 13}, {'action_type': 'Interrupting', 'goals_added_raw': 0.2487, 'goals_added_above_avg': 0.0305, 'count_actions': 18}, {'action_type': 'Passing', 'goals_added_raw': -0.3356, 'goals_added_above_avg': -0.2549, 'count_actions': 115}, {'action_type': 'Receiving', 'goals_added_raw': 1.0541, 'goals_added_above_avg': 0.157, 'count_actions': 103}, {'action_type': 'Shooting', 'goals_added_raw': 0.2678, 'goals_added_above_avg': -0.0806, 'count_actions': 11}]"
EGMPn03kqa,kaDQ0wRqEv,DM,343,"[{'action_type': 'Dribbling', 'goals_added_raw': 0.0206, 'goals_added_above_avg': -0.0138, 'count_actions': 51}, {'action_type': 'Fouling', 'goals_added_raw': -0.0055, 'goals_added_above_avg': 0.0056, 'count_actions': 9}, {'action_type': 'Interrupting', 'goals_added_raw': 0.3607, 'goals_added_above_avg': 0.1085, 'count_actions': 26}, {'action_type': 'Passing', 'goals_added_raw': -0.1203, 'goals_added_above_avg': -0.2616, 'count_actions': 198}, {'action_type': 'Receiving', 'goals_added_raw': 0.0508, 'goals_added_above_avg': -0.0608, 'count_actions': 169}, {'action_type': 'Shooting', 'goals_added_raw': 0.0112, 'goals_added_above_avg': -0.0596, 'count_actions': 1}]"
EGMPn164qa,jYQJ8EW5GR,DM,281,"[{'action_type': 'Dribbling', 'goals_added_raw': 0.0583, 'goals_added_above_avg': 0.0321, 'count_actions': 32}, {'action_type': 'Fouling', 'goals_added_raw': -0.0726, 'goals_added_above_avg': -0.0618, 'count_actions': 17}, {'action_type': 'Interrupting', 'goals_added_raw': -0.0931, 'goals_added_above_avg': -0.301, 'count_actions': 46}, {'action_type': 'Passing', 'goals_added_raw': 0.0867, 'goals_added_above_avg': -0.0329, 'count_actions': 147}, {'action_type': 'Receiving', 'goals_added_raw': 0.0244, 'goals_added_above_avg': -0.0643, 'count_actions': 129}, {'action_type': 'Shooting', 'goals_added_raw': 0.0776, 'goals_added_above_avg': 0.022, 'count_actions': 3}]"
EGMPnReVqa,mKAqBBmqbg,ST,106,"[{'action_type': 'Dribbling', 'goals_added_raw': -0.0719, 'goals_added_above_avg': -0.0626, 'count_actions': 4}, {'action_type': 'Fouling', 'goals_added_raw': -0.0121, 'goals_added_above_avg': -0.0253, 'count_actions': 3}, {'action_type': 'Interrupting', 'goals_added_raw': 0.0799, 'goals_added_above_avg': 0.0406, 'count_actions': 6}, {'action_type': 'Passing', 'goals_added_raw': 0.0358, 'goals_added_above_avg': 0.0649, 'count_actions': 9}, {'action_type': 'Receiving', 'goals_added_raw': 0.0344, 'goals_added_above_avg': -0.1616, 'count_actions': 7}, {'action_type': 'Shooting', 'goals_added_raw': 0.0232, 'goals_added_above_avg': -0.0501, 'count_actions': 1}]"
KAqB9DZX5b,kRQabn8MKZ,FB,2063,"[{'action_type': 'Dribbling', 'goals_added_raw': 0.7292, 'goals_added_above_avg': 0.5841, 'count_actions': 310}, {'action_type': 'Fouling', 'goals_added_raw': -0.1599, 'goals_added_above_avg': -0.073, 'count_actions': 98}, {'action_type': 'Interrupting', 'goals_added_raw': 0.9377, 'goals_added_above_avg': -0.3863, 'count_actions': 177}, {'action_type': 'Passing', 'goals_added_raw': 0.1735, 'goals_added_above_avg': -0.6084, 'count_actions': 850}, {'action_type': 'Receiving', 'goals_added_raw': 0.5052, 'goals_added_above_avg': -0.0412, 'count_actions': 596}, {'action_type': 'Shooting', 'goals_added_raw': 0.2277, 'goals_added_above_avg': -0.056, 'count_actions': 10}]"
KAqB9KxB5b,NWMWlBK5lz,CM,672,"[{'action_type': 'Dribbling', 'goals_added_raw': -0.0951, 'goals_added_above_avg': -0.1525, 'count_actions': 98}, {'action_type': 'Fouling', 'goals_added_raw': -0.2561, 'goals_added_above_avg': -0.2424, 'count_actions': 17}, {'action_type': 'Interrupting', 'goals_added_raw': 0.046, 'goals_added_above_avg': -0.4241, 'count_actions': 63}, {'action_type': 'Passing', 'goals_added_raw': -0.2913, 'goals_added_above_avg': -0.5366, 'count_actions': 326}, {'action_type': 'Receiving', 'goals_added_raw': 0.0586, 'goals_added_above_avg': -0.2023, 'count_actions': 262}, {'action_type': 'Shooting', 'goals_added_raw': 0.0186, 'goals_added_above_avg': -0.1382, 'count_actions': 1}]"
KAqB9bKv5b,"['X0Oq66zq6D', 'WBLMvYAQxe']",CB,1383,"[{'action_type': 'Dribbling', 'goals_added_raw': -0.0118, 'goals_added_above_avg': -0.0566, 'count_actions': 240}, {'action_type': 'Fouling', 'goals_added_raw': 0.0128, 'goals_added_above_avg': 0.1377, 'count_actions': 28}, {'action_type': 'Interrupting', 'goals_added_raw': 1.242, 'goals_added_above_avg': 0.1842, 'count_actions': 160}, {'action_type': 'Passing', 'goals_added_raw': 1.2772, 'goals_added_above_avg': 0.5436, 'count_actions': 998}, {'action_type': 'Receiving', 'goals_added_raw': 0.0092, 'goals_added_above_avg': -0.3051, 'count_actions': 808}, {'action_type': 'Shooting', 'goals_added_raw': 0.0606, 'goals_added_above_avg': -0.1018, 'count_actions': 2}]"
KAqBNEB7qb,zeQZBOzQKw,FB,1160,"[{'action_type': 'Dribbling', 'goals_added_raw': 0.3839, 'goals_added_above_avg': 0.3002, 'count_actions': 164}, {'action_type': 'Fouling', 'goals_added_raw': -0.0214, 'goals_added_above_avg': 0.0259, 'count_actions': 12}, {'action_type': 'Interrupting', 'goals_added_raw': 0.4281, 'goals_added_above_avg': -0.305, 'count_actions': 102}, {'action_type': 'Passing', 'goals_added_raw': -0.143, 'goals_added_above_avg': -0.5746, 'count_actions': 704}, {'action_type': 'Receiving', 'goals_added_raw': 0.4369, 'goals_added_above_avg': 0.1376, 'count_actions': 559}, {'action_type': 'Shooting', 'goals_added_raw': 0.1732, 'goals_added_above_avg': 0.0197, 'count_actions': 4}]"
KAqBNEpWqb,19vQ2095K6,ST,122,"[{'action_type': 'Dribbling', 'goals_added_raw': 0.0127, 'goals_added_above_avg': 0.0351, 'count_actions': 6}, {'action_type': 'Fouling', 'goals_added_raw': 0, 'goals_added_above_avg': -0.0165, 'count_actions': 0}, {'action_type': 'Interrupting', 'goals_added_raw': 0.0182, 'goals_added_above_avg': -0.0229, 'count_actions': 2}, {'action_type': 'Passing', 'goals_added_raw': -0.0481, 'goals_added_above_avg': -0.0031, 'count_actions': 24}, {'action_type': 'Receiving', 'goals_added_raw': 0.1252, 'goals_added_above_avg': -0.1319, 'count_actions': 17}, {'action_type': 'Shooting', 'goals_added_raw': 0.054, 'goals_added_above_avg': -0.037, 'count_actions': 2}]"
KAqBNL8mqb,9z5k7Yg5A3,CB,2546,"[{'action_type': 'Dribbling', 'goals_added_raw': -0.5698, 'goals_added_above_avg': -0.6812, 'count_actions': 217}, {'action_type': 'Fouling', 'goals_added_raw': -0.0279, 'goals_added_above_avg': 0.1615, 'count_actions': 68}, {'action_type': 'Interrupting', 'goals_added_raw': 2.0981, 'goals_added_above_avg': 0.2722, 'count_actions': 399}, {'action_type': 'Passing', 'goals_added_raw': 1.3124, 'goals_added_above_avg': 0.0989, 'count_actions': 1085}, {'action_type': 'Receiving', 'goals_added_raw': 1.1762, 'goals_added_above_avg': 0.5747, 'count_actions': 653}, {'action_type': 'Shooting', 'goals_added_raw': 0.4419, 'goals_added_above_avg': 0.1361, 'count_actions': 19}]"
KAqBNbaWqb,APk5LGOMOW,CB,1349,"[{'action_type': 'Dribbling', 'goals_added_raw': -0.452, 'goals_added_above_avg': -0.4809, 'count_actions': 172}, {'action_type': 'Fouling', 'goals_added_raw': -0.5615, 'goals_added_above_avg': -0.4255, 'count_actions': 25}, {'action_type': 'Interrupting', 'goals_added_raw': 0.5528, 'goals_added_above_avg': -0.5049, 'count_actions': 174}, {'action_type': 'Passing', 'goals_added_raw': 0.8133, 'goals_added_above_avg': 0.0594, 'count_actions': 702}, {'action_type': 'Receiving', 'goals_added_raw': 0.8728, 'goals_added_above_avg': 0.5772, 'count_actions': 559}, {'action_type': 'Shooting', 'goals_added_raw': 0.2505, 'goals_added_above_avg': 0.1014, 'count_actions': 10}]"
KAqBNdyZqb,kRQand1MKZ,ST,1951,"[{'action_type': 'Dribbling', 'goals_added_raw': 0.1415, 'goals_added_above_avg': 0.4685, 'count_actions': 235}, {'action_type': 'Fouling', 'goals_added_raw': 0.3339, 'goals_added_above_avg': 0.0728, 'count_actions': 56}, {'action_type': 'Interrupting', 'goals_added_raw': -0.3194, 'goals_added_above_avg': -0.9869, 'count_actions': 71}, {'action_type': 'Passing', 'goals_added_raw': -1.4389, 'goals_added_above_avg': -0.7499, 'count_actions': 393}, {'action_type': 'Receiving', 'goals_added_raw': 5.5142, 'goals_added_above_avg': 1.4861, 'count_actions': 466}, {'action_type': 'Shooting', 'goals_added_raw': 1.6919, 'goals_added_above_avg': 0.2541, 'count_actions': 57}]"
KAqBNnYXqb,mvzqoLZQap,FB,1853,"[{'action_type': 'Dribbling', 'goals_added_raw': 0.0096, 'goals_added_above_avg': -0.0912, 'count_actions': 246}, {'action_type': 'Fouling', 'goals_added_raw': -0.0066, 'goals_added_above_avg': 0.1079, 'count_actions': 17}, {'action_type': 'Interrupting', 'goals_added_raw': 1.2506, 'goals_added_above_avg': -0.0192, 'count_actions': 192}, {'action_type': 'Passing', 'goals_added_raw': 0.3033, 'goals_added_above_avg': -0.5073, 'count_actions': 1111}, {'action_type': 'Receiving', 'goals_added_raw': 0.5417, 'goals_added_above_avg': 0.0888, 'count_actions': 850}, {'action_type': 'Shooting', 'goals_added_raw': 0.1374, 'goals_added_above_avg': -0.0937, 'count_actions': 10}]"
KAqBNnrVqb,9z5k7Yg5A3,CM,891,"[{'action_type': 'Dribbling', 'goals_added_raw': 0.1317, 'goals_added_above_avg': 0.0444, 'count_actions': 101}, {'action_type': 'Fouling', 'goals_added_raw': -0.0215, 'goals_added_above_avg': -0.0215, 'count_actions': 32}, {'action_type': 'Interrupting', 'goals_added_raw': 0.4917, 'goals_added_above_avg': -0.0927, 'count_actions': 107}, {'action_type': 'Passing', 'goals_added_raw': 0.5643, 'goals_added_above_avg': 0.297, 'count_actions': 415}, {'action_type': 'Receiving', 'goals_added_raw': 0.2982, 'goals_added_above_avg': -0.1325, 'count_actions': 292}, {'action_type': 'Shooting', 'goals_added_raw': 0.3142, 'goals_added_above_avg': 0.0685, 'count_actions': 12}]"
KAqBNr8Jqb,"['kRQabn8MKZ', 'pzeQZ6xQKw']",FB,1089,"[{'action_type': 'Dribbling', 'goals_added_raw': 0.0784, 'goals_added_above_avg': -0.0042, 'count_actions': 127}, {'action_type': 'Fouling', 'goals_added_raw': 0.0138, 'goals_added_above_avg': 0.0517, 'count_actions': 31}, {'action_type': 'Interrupting', 'goals_added_raw': 0.4562, 'goals_added_above_avg': -0.264, 'count_actions': 90}, {'action_type': 'Passing', 'goals_added_raw': -0.0464, 'goals_added_above_avg': -0.4789, 'count_actions': 518}, {'action_type': 'Receiving', 'goals_added_raw': 0.136, 'goals_added_above_avg': -0.2169, 'count_actions': 398}, {'action_type': 'Shooting', 'goals_added_raw': 0.1659, 'goals_added_above_avg': -0.026, 'count_actions': 6}]"
KAqBjWZBqb,kRQabn8MKZ,DM,1765,"[{'action_type': 'Dribbling', 'goals_added_raw': -0.2457, 'goals_added_above_avg': -0.4217, 'count_actions': 247}, {'action_type': 'Fouling', 'goals_added_raw': -0.2835, 'goals_added_above_avg': -0.2498, 'count_actions': 42}, {'action_type': 'Interrupting', 'goals_added_raw': 1.1938, 'goals_added_above_avg': -0.0549, 'count_actions': 148}, {'action_type': 'Passing', 'goals_added_raw': 0.3805, 'goals_added_above_avg': -0.3107, 'count_actions': 901}, {'action_type': 'Receiving', 'goals_added_raw': 0.8299, 'goals_added_above_avg': 0.1503, 'count_actions': 686}, {'action_type': 'Shooting', 'goals_added_raw': 0.1458, 'goals_added_above_avg': -0.2684, 'count_actions': 9}]"
KAqBjgDAqb,mKAqBBmqbg,CM,1685,"[{'action_type': 'Dribbling', 'goals_added_raw': 0.1078, 'goals_added_above_avg': -0.0431, 'count_actions': 152}, {'action_type': 'Fouling', 'goals_added_raw': 0.0284, 'goals_added_above_avg': 0.0517, 'count_actions': 29}, {'action_type': 'Interrupting', 'goals_added_raw': 0.8564, 'goals_added_above_avg': -0.3086, 'count_actions': 152}, {'action_type': 'Passing', 'goals_added_raw': 0.5864, 'goals_added_above_avg': -0.0002, 'count_actions': 922}, {'action_type': 'Receiving', 'goals_added_raw': 0.2527, 'goals_added_above_avg': -0.4282, 'count_actions': 686}, {'action_type': 'Shooting', 'goals_added_raw': 0.1635, 'goals_added_above_avg': -0.2475, 'count_actions': 10}]"
KAqBk0bZQb,eVq3ya6MWO,CM,416,"[{'action_type': 'Dribbling', 'goals_added_raw': 0.1587, 'goals_added_above_avg': 0.1144, 'count_actions': 57}, {'action_type': 'Fouling', 'goals_added_raw': -0.0549, 'goals_added_above_avg': -0.0577, 'count_actions': 6}, {'action_type': 'Interrupting', 'goals_added_raw': 0.1021, 'goals_added_above_avg': -0.1676, 'count_actions': 35}, {'action_type': 'Passing', 'goals_added_raw': 0.0457, 'goals_added_above_avg': -0.0716, 'count_actions': 212}, {'action_type': 'Receiving', 'goals_added_raw': 0.0429, 'goals_added_above_avg': -0.1764, 'count_actions': 193}, {'action_type': 'Shooting', 'goals_added_raw': 0.1511, 'goals_added_above_avg': 0.0277, 'count_actions': 6}]"
KAqBk1yAQb,WBLMvYAQxe,CB,734,"[{'action_type': 'Dribbling', 'goals_added_raw': -0.3082, 'goals_added_above_avg': -0.3239, 'count_actions': 100}, {'action_type': 'Fouling', 'goals_added_raw': 0.0214, 'goals_added_above_avg': 0.0954, 'count_actions': 8}, {'action_type': 'Interrupting', 'goals_added_raw': 0.4598, 'goals_added_above_avg': -0.1157, 'count_actions': 73}, {'action_type': 'Passing', 'goals_added_raw': 0.3327, 'goals_added_above_avg': -0.0775, 'count_actions': 345}, {'action_type': 'Receiving', 'goals_added_raw': 0.1075, 'goals_added_above_avg': -0.0533, 'count_actions': 301}, {'action_type': 'Shooting', 'goals_added_raw': 0.0486, 'goals_added_above_avg': -0.0326, 'count_actions': 1}]"
KAqBkLmZQb,a2lqR4JMr0,W,1361,"[{'action_type': 'Dribbling', 'goals_added_raw': 0.7092, 'goals_added_above_avg': 0.4993, 'count_actions': 240}, {'action_type': 'Fouling', 'goals_added_raw': -0.0141, 'goals_added_above_avg': -0.1538, 'count_actions': 61}, {'action_type': 'Interrupting', 'goals_added_raw': 0.497, 'goals_added_above_avg': -0.1248, 'count_actions': 88}, {'action_type': 'Passing', 'goals_added_raw': -0.0902, 'goals_added_above_avg': -0.2489, 'count_actions': 603}, {'action_type': 'Receiving', 'goals_added_raw': 1.7775, 'goals_added_above_avg': 0.2783, 'count_actions': 594}, {'action_type': 'Shooting', 'goals_added_raw': 1.0889, 'goals_added_above_avg': 0.3569, 'count_actions': 37}]"
KAqBkYpWQb,NWMWlBK5lz,DM,24,"[{'action_type': 'Dribbling', 'goals_added_raw': 0.0086, 'goals_added_above_avg': 0.0061, 'count_actions': 7}, {'action_type': 'Fouling', 'goals_added_raw': -0.0014, 'goals_added_above_avg': -0.0004, 'count_actions': 1}, {'action_type': 'Interrupting', 'goals_added_raw': 0, 'goals_added_above_avg': -0.0183, 'count_actions': 0}, {'action_type': 'Passing', 'goals_added_raw': -0.0042, 'goals_added_above_avg': -0.015, 'count_actions': 5}, {'action_type': 'Receiving', 'goals_added_raw': 0.0101, 'goals_added_above_avg': 0.0034, 'count_actions': 7}, {'action_type': 'Shooting', 'goals_added_raw': 0.0638, 'goals_added_above_avg': 0.0594, 'count_actions': 2}]"
KAqBkxoBQb,a2lqRX2Mr0,W,93,"[{'action_type': 'Dribbling', 'goals_added_raw': -0.0011, 'goals_added_above_avg': -0.0105, 'count_actions': 14}, {'action_type': 'Fouling', 'goals_added_raw': 0.0008, 'goals_added_above_avg': -0.0069, 'count_actions': 2}, {'action_type': 'Interrupting', 'goals_added_raw': 0.0173, 'goals_added_above_avg': -0.0279, 'count_actions': 6}, {'action_type': 'Passing', 'goals_added_raw': -0.1007, 'goals_added_above_avg': -0.1003, 'count_actions': 36}, {'action_type': 'Receiving', 'goals_added_raw': 0.0496, 'goals_added_above_avg': -0.0575, 'count_actions': 33}, {'action_type': 'Shooting', 'goals_added_raw': 0.1261, 'goals_added_above_avg': 0.078, 'count_actions': 4}]"
KAqBlEZMbg,kaDQ0wRqEv,CB,1193,"[{'action_type': 'Dribbling', 'goals_added_raw': 0.0905, 'goals_added_above_avg': 0.0489, 'count_actions': 129}, {'action_type': 'Fouling', 'goals_added_raw': -0.0072, 'goals_added_above_avg': 0.1021, 'count_actions': 10}, {'action_type': 'Interrupting', 'goals_added_raw': 0.8975, 'goals_added_above_avg': -0.0336, 'count_actions': 143}, {'action_type': 'Passing', 'goals_added_raw': 0.3095, 'goals_added_above_avg': -0.3366, 'count_actions': 765}, {'action_type': 'Receiving', 'goals_added_raw': 0.5219, 'goals_added_above_avg': 0.2492, 'count_actions': 636}, {'action_type': 'Shooting', 'goals_added_raw': 0.2889, 'goals_added_above_avg': 0.1431, 'count_actions': 11}]"
KAqBvrrVqb,NWMWlBK5lz,ST,1271,"[{'action_type': 'Dribbling', 'goals_added_raw': 0.4918, 'goals_added_above_avg': 0.4926, 'count_actions': 213}, {'action_type': 'Fouling', 'goals_added_raw': 0.0273, 'goals_added_above_avg': -0.0389, 'count_actions': 14}, {'action_type': 'Interrupting', 'goals_added_raw': 0.6122, 'goals_added_above_avg': -0.0179, 'count_actions': 72}, {'action_type': 'Passing', 'goals_added_raw': -0.104, 'goals_added_above_avg': -0.2153, 'count_actions': 464}, {'action_type': 'Receiving', 'goals_added_raw': 1.4254, 'goals_added_above_avg': 0.0704, 'count_actions': 440}, {'action_type': 'Shooting', 'goals_added_raw': 0.893, 'goals_added_above_avg': 0.3442, 'count_actions': 34}]"
KAqBvvRmqb,vzqoOgNqap,W,577,"[{'action_type': 'Dribbling', 'goals_added_raw': -0.0557, 'goals_added_above_avg': -0.1539, 'count_actions': 87}, {'action_type': 'Fouling', 'goals_added_raw': -0.0023, 'goals_added_above_avg': -0.0587, 'count_actions': 17}, {'action_type': 'Interrupting', 'goals_added_raw': 0.2189, 'goals_added_above_avg': -0.0475, 'count_actions': 44}, {'action_type': 'Passing', 'goals_added_raw': -0.2464, 'goals_added_above_avg': -0.2491, 'count_actions': 189}, {'action_type': 'Receiving', 'goals_added_raw': 1.0868, 'goals_added_above_avg': 0.4308, 'count_actions': 172}, {'action_type': 'Shooting', 'goals_added_raw': 0.3967, 'goals_added_above_avg': 0.0843, 'count_actions': 12}]"
KAqBxEWMbg,NPqxKXZ59d,W,1301,"[{'action_type': 'Dribbling', 'goals_added_raw': 0.7501, 'goals_added_above_avg': 0.4897, 'count_actions': 283}, {'action_type': 'Fouling', 'goals_added_raw': 0.2121, 'goals_added_above_avg': 0.09, 'count_actions': 68}, {'action_type': 'Interrupting', 'goals_added_raw': 0.353, 'goals_added_above_avg': -0.2613, 'count_actions': 57}, {'action_type': 'Passing', 'goals_added_raw': 0.4852, 'goals_added_above_avg': 0.4754, 'count_actions': 568}, {'action_type': 'Receiving', 'goals_added_raw': 1.4745, 'goals_added_above_avg': 0.0788, 'count_actions': 598}, {'action_type': 'Shooting', 'goals_added_raw': 0.8502, 'goals_added_above_avg': 0.1644, 'count_actions': 28}]"
KPqj71NyQ6,vzqoOgNqap,ST,1644,"[{'action_type': 'Dribbling', 'goals_added_raw': 0.2727, 'goals_added_above_avg': 0.5135, 'count_actions': 136}, {'action_type': 'Fouling', 'goals_added_raw': 0.4108, 'goals_added_above_avg': 0.1937, 'count_actions': 33}, {'action_type': 'Interrupting', 'goals_added_raw': 0.0709, 'goals_added_above_avg': -0.5041, 'count_actions': 43}, {'action_type': 'Passing', 'goals_added_raw': -1.1909, 'goals_added_above_avg': -0.6785, 'count_actions': 313}, {'action_type': 'Receiving', 'goals_added_raw': 3.3698, 'goals_added_above_avg': 0.0901, 'count_actions': 323}, {'action_type': 'Shooting', 'goals_added_raw': 1.4642, 'goals_added_above_avg': 0.2759, 'count_actions': 46}]"
KPqj7K72Q6,wvq9B9wQWn,W,348,"[{'action_type': 'Dribbling', 'goals_added_raw': 0.6824, 'goals_added_above_avg': 0.6572, 'count_actions': 72}, {'action_type': 'Fouling', 'goals_added_raw': 0.0888, 'goals_added_above_avg': 0.0506, 'count_actions': 11}, {'action_type': 'Interrupting', 'goals_added_raw': 0.1499, 'goals_added_above_avg': 0.0011, 'count_actions': 15}, {'action_type': 'Passing', 'goals_added_raw': 0.0133, 'goals_added_above_avg': 0.0267, 'count_actions': 110}, {'action_type': 'Receiving', 'goals_added_raw': 0.1228, 'goals_added_above_avg': -0.3535, 'count_actions': 104}, {'action_type': 'Shooting', 'goals_added_raw': 0.3085, 'goals_added_above_avg': 0.1024, 'count_actions': 13}]"
KPqj7OVPQ6,APk5LGOMOW,CM,640,"[{'action_type': 'Dribbling', 'goals_added_raw': 0.3181, 'goals_added_above_avg': 0.2638, 'count_actions': 90}, {'action_type': 'Fouling', 'goals_added_raw': -0.0069, 'goals_added_above_avg': -0.021, 'count_actions': 20}, {'action_type': 'Interrupting', 'goals_added_raw': 0.0643, 'goals_added_above_avg': -0.3304, 'count_actions': 54}, {'action_type': 'Passing', 'goals_added_raw': 0.2301, 'goals_added_above_avg': 0.0557, 'count_actions': 274}, {'action_type': 'Receiving', 'goals_added_raw': 0.305, 'goals_added_above_avg': -0.1158, 'count_actions': 226}, {'action_type': 'Shooting', 'goals_added_raw': 0.0817, 'goals_added_above_avg': -0.1356, 'count_actions': 3}]"
KPqj7Y0BQ6,APk5LGOMOW,CM,2144,"[{'action_type': 'Dribbling', 'goals_added_raw': 0.7772, 'goals_added_above_avg': 0.573, 'count_actions': 283}, {'action_type': 'Fouling', 'goals_added_raw': 0.0171, 'goals_added_above_avg': 0.0674, 'count_actions': 32}, {'action_type': 'Interrupting', 'goals_added_raw': 1.0912, 'goals_added_above_avg': -0.4406, 'count_actions': 137}, {'action_type': 'Passing', 'goals_added_raw': 1.1727, 'goals_added_above_avg': 0.3545, 'count_actions': 1228}, {'action_type': 'Receiving', 'goals_added_raw': 1.0815, 'goals_added_above_avg': 0.3038, 'count_actions': 983}, {'action_type': 'Shooting', 'goals_added_raw': 0.685, 'goals_added_above_avg': 0.2043, 'count_actions': 32}]"
KPqj7daPQ6,0KPqjA456v,FB,383,"[{'action_type': 'Dribbling', 'goals_added_raw': -0.0833, 'goals_added_above_avg': -0.1109, 'count_actions': 58}, {'action_type': 'Fouling', 'goals_added_raw': -0.1136, 'goals_added_above_avg': -0.098, 'count_actions': 10}, {'action_type': 'Interrupting', 'goals_added_raw': 0.2726, 'goals_added_above_avg': 0.0306, 'count_actions': 64}, {'action_type': 'Passing', 'goals_added_raw': 0.2197, 'goals_added_above_avg': 0.0772, 'count_actions': 218}, {'action_type': 'Receiving', 'goals_added_raw': 0.151, 'goals_added_above_avg': 0.0522, 'count_actions': 138}, {'action_type': 'Shooting', 'goals_added_raw': 0.0057, 'goals_added_above_avg': -0.045, 'count_actions': 1}]"
KPqj7jxPQ6,mvzqoLZQap,ST,637,"[{'action_type': 'Dribbling', 'goals_added_raw': -0.2992, 'goals_added_above_avg': -0.1823, 'count_actions': 90}, {'action_type': 'Fouling', 'goals_added_raw': 0.0263, 'goals_added_above_avg': -0.0601, 'count_actions': 20}, {'action_type': 'Interrupting', 'goals_added_raw': 0.1024, 'goals_added_above_avg': -0.112, 'count_actions': 21}, {'action_type': 'Passing', 'goals_added_raw': -0.3501, 'goals_added_above_avg': -0.1152, 'count_actions': 122}, {'action_type': 'Receiving', 'goals_added_raw': 1.2432, 'goals_added_above_avg': -0.0995, 'count_actions': 159}, {'action_type': 'Shooting', 'goals_added_raw': 0.5415, 'goals_added_above_avg': 0.0662, 'count_actions': 20}]"
KPqj7loEQ6,X0Oq66zq6D,CB,484,"[{'action_type': 'Dribbling', 'goals_added_raw': 0.0734, 'goals_added_above_avg': 0.0631, 'count_actions': 86}, {'action_type': 'Fouling', 'goals_added_raw': -0.0177, 'goals_added_above_avg': 0.0311, 'count_actions': 7}, {'action_type': 'Interrupting', 'goals_added_raw': -0.0104, 'goals_added_above_avg': -0.3899, 'count_actions': 59}, {'action_type': 'Passing', 'goals_added_raw': 0.2779, 'goals_added_above_avg': 0.0074, 'count_actions': 381}, {'action_type': 'Receiving', 'goals_added_raw': 0.0073, 'goals_added_above_avg': -0.0988, 'count_actions': 326}, {'action_type': 'Shooting', 'goals_added_raw': 0.0791, 'goals_added_above_avg': 0.0256, 'count_actions': 2}]"
KPqjBBNBq6,kRQand1MKZ,CB,2043,"[{'action_type': 'Dribbling', 'goals_added_raw': -0.1185, 'goals_added_above_avg': -0.1712, 'count_actions': 242}, {'action_type': 'Fouling', 'goals_added_raw': -0.3467, 'goals_added_above_avg': -0.1515, 'count_actions': 55}, {'action_type': 'Interrupting', 'goals_added_raw': 0.96, 'goals_added_above_avg': -0.6149, 'count_actions': 252}, {'action_type': 'Passing', 'goals_added_raw': 1.5431, 'goals_added_above_avg': 0.4346, 'count_actions': 1148}, {'action_type': 'Receiving', 'goals_added_raw': 0.9767, 'goals_added_above_avg': 0.5221, 'count_actions': 855}, {'action_type': 'Shooting', 'goals_added_raw': 0.5645, 'goals_added_above_avg': 0.3348, 'count_actions': 18}]"
KPqjBxG8q6,a2lqRX2Mr0,CB,948,"[{'action_type': 'Dribbling', 'goals_added_raw': 0.0407, 'goals_added_above_avg': 0.0117, 'count_actions': 220}, {'action_type': 'Fouling', 'goals_added_raw': -0.1366, 'goals_added_above_avg': -0.0514, 'count_actions': 14}, {'action_type': 'Interrupting', 'goals_added_raw': 0.8411, 'goals_added_above_avg': 0.124, 'count_actions': 151}, {'action_type': 'Passing', 'goals_added_raw': 0.8151, 'goals_added_above_avg': 0.3176, 'count_actions': 643}, {'action_type': 'Receiving', 'goals_added_raw': 0.1667, 'goals_added_above_avg': -0.0478, 'count_actions': 524}, {'action_type': 'Shooting', 'goals_added_raw': 0.0701, 'goals_added_above_avg': -0.0385, 'count_actions': 6}]"
KPqjK4w4Q6,"['X0Oq66zq6D', 'zeQZkL1MKw']",FB,1469,"[{'action_type': 'Dribbling', 'goals_added_raw': -0.2081, 'goals_added_above_avg': -0.2972, 'count_actions': 256}, {'action_type': 'Fouling', 'goals_added_raw': -0.0743, 'goals_added_above_avg': 0.0056, 'count_actions': 14}, {'action_type': 'Interrupting', 'goals_added_raw': 0.9947, 'goals_added_above_avg': 0.0156, 'count_actions': 130}, {'action_type': 'Passing', 'goals_added_raw': 0.1761, 'goals_added_above_avg': -0.4329, 'count_actions': 845}, {'action_type': 'Receiving', 'goals_added_raw': 0.3942, 'goals_added_above_avg': 0.0282, 'count_actions': 681}, {'action_type': 'Shooting', 'goals_added_raw': 0.065, 'goals_added_above_avg': -0.1222, 'count_actions': 2}]"
KPqjKLjnQ6,a2lqRX2Mr0,W,207,"[{'action_type': 'Dribbling', 'goals_added_raw': 0.2268, 'goals_added_above_avg': 0.1853, 'count_actions': 55}, {'action_type': 'Fouling', 'goals_added_raw': 0.0209, 'goals_added_above_avg': 0.0015, 'count_actions': 5}, {'action_type': 'Interrupting', 'goals_added_raw': 0.0308, 'goals_added_above_avg': -0.067, 'count_actions': 7}, {'action_type': 'Passing', 'goals_added_raw': 0.0501, 'goals_added_above_avg': 0.0485, 'count_actions': 77}, {'action_type': 'Receiving', 'goals_added_raw': 0.5728, 'goals_added_above_avg': 0.3507, 'count_actions': 75}, {'action_type': 'Shooting', 'goals_added_raw': 0.1883, 'goals_added_above_avg': 0.0792, 'count_actions': 5}]"
KPqjKRARQ6,kRQand1MKZ,W,1786,"[{'action_type': 'Dribbling', 'goals_added_raw': 0.3803, 'goals_added_above_avg': 0.1412, 'count_actions': 409}, {'action_type': 'Fouling', 'goals_added_raw': -0.0493, 'goals_added_above_avg': -0.2353, 'count_actions': 50}, {'action_type': 'Interrupting', 'goals_added_raw': 0.5236, 'goals_added_above_avg': -0.2791, 'count_actions': 119}, {'action_type': 'Passing', 'goals_added_raw': -0.3007, 'goals_added_above_avg': -0.4244, 'count_actions': 791}, {'action_type': 'Receiving', 'goals_added_raw': 1.9912, 'goals_added_above_avg': -0.1044, 'count_actions': 713}, {'action_type': 'Shooting', 'goals_added_raw': 1.1575, 'goals_added_above_avg': 0.1713, 'count_actions': 53}]"
KPqjKbg2Q6,pzeQZ6xQKw,AM,2290,"[{'action_type': 'Dribbling', 'goals_added_raw': 0.9552, 'goals_added_above_avg': 0.6339, 'count_actions': 394}, {'action_type': 'Fouling', 'goals_added_raw': 0.0227, 'goals_added_above_avg': -0.1147, 'count_actions': 68}, {'action_type': 'Interrupting', 'goals_added_raw': 0.617, 'goals_added_above_avg': -0.6326, 'count_actions': 124}, {'action_type': 'Passing', 'goals_added_raw': 0.3784, 'goals_added_above_avg': -0.1678, 'count_actions': 817}, {'action_type': 'Receiving', 'goals_added_raw': 1.3677, 'goals_added_above_avg': -0.4795, 'count_actions': 710}, {'action_type': 'Shooting', 'goals_added_raw': 1.1683, 'goals_added_above_avg': 0.1993, 'count_actions': 49}]"
KPqjKkPNQ6,WBLMvYAQxe,FB,1931,"[{'action_type': 'Dribbling', 'goals_added_raw': -0.011, 'goals_added_above_avg': -0.1503, 'count_actions': 191}, {'action_type': 'Fouling', 'goals_added_raw': -0.252, 'goals_added_above_avg': -0.1732, 'count_actions': 25}, {'action_type': 'Interrupting', 'goals_added_raw': 1.2486, 'goals_added_above_avg': 0.0282, 'count_actions': 205}, {'action_type': 'Passing', 'goals_added_raw': 0.3455, 'goals_added_above_avg': -0.373, 'count_actions': 1068}, {'action_type': 'Receiving', 'goals_added_raw': 0.7778, 'goals_added_above_avg': 0.2795, 'count_actions': 800}, {'action_type': 'Shooting', 'goals_added_raw': 0.3154, 'goals_added_above_avg': 0.0598, 'count_actions': 15}]"
KPqjwW1RQ6,19vQ2095K6,CB,27,"[{'action_type': 'Dribbling', 'goals_added_raw': 0, 'goals_added_above_avg': -0.0006, 'count_actions': 0}, {'action_type': 'Fouling', 'goals_added_raw': 0, 'goals_added_above_avg': 0.0027, 'count_actions': 0}, {'action_type': 'Interrupting', 'goals_added_raw': 0.0754, 'goals_added_above_avg': 0.0542, 'count_actions': 10}, {'action_type': 'Passing', 'goals_added_raw': -0.0014, 'goals_added_above_avg': -0.0165, 'count_actions': 2}, {'action_type': 'Receiving', 'goals_added_raw': -0.0001, 'goals_added_above_avg': -0.006, 'count_actions': 2}, {'action_type': 'Shooting', 'goals_added_raw': 0, 'goals_added_above_avg': -0.003, 'count_actions': 0}]"
KPqjwXzYQ6,a2lqRX2Mr0,DM,2154,"[{'action_type': 'Dribbling', 'goals_added_raw': -0.0513, 'goals_added_above_avg': -0.2773, 'count_actions': 328}, {'action_type': 'Fouling', 'goals_added_raw': 0.0612, 'goals_added_above_avg': 0.1471, 'count_actions': 48}, {'action_type': 'Interrupting', 'goals_added_raw': 0.8722, 'goals_added_above_avg': -0.7517, 'count_actions': 274}, {'action_type': 'Passing', 'goals_added_raw': 1.6768, 'goals_added_above_avg': 0.731, 'count_actions': 1363}, {'action_type': 'Receiving', 'goals_added_raw': 1.2324, 'goals_added_above_avg': 0.6033, 'count_actions': 1128}, {'action_type': 'Shooting', 'goals_added_raw': 0.4777, 'goals_added_above_avg': 0.0671, 'count_actions': 15}]"
KPqjwdw8Q6,kRQabn8MKZ,DM,2008,"[{'action_type': 'Dribbling', 'goals_added_raw': 0.7257, 'goals_added_above_avg': 0.5152, 'count_actions': 345}, {'action_type': 'Fouling', 'goals_added_raw': 0.0239, 'goals_added_above_avg': 0.0636, 'count_actions': 55}, {'action_type': 'Interrupting', 'goals_added_raw': 1.6681, 'goals_added_above_avg': 0.2432, 'count_actions': 213}, {'action_type': 'Passing', 'goals_added_raw': 2.2523, 'goals_added_above_avg': 1.4743, 'count_actions': 1235}, {'action_type': 'Receiving', 'goals_added_raw': 0.2581, 'goals_added_above_avg': -0.5232, 'count_actions': 908}, {'action_type': 'Shooting', 'goals_added_raw': 0.2503, 'goals_added_above_avg': -0.222, 'count_actions': 14}]"
KPqjzJ2q6v,Vj58weDM8n,AM,1236,"[{'action_type': 'Dribbling', 'goals_added_raw': 0.2157, 'goals_added_above_avg': 0.0492, 'count_actions': 194}, {'action_type': 'Fouling', 'goals_added_raw': 0.0116, 'goals_added_above_avg': -0.1114, 'count_actions': 32}, {'action_type': 'Interrupting', 'goals_added_raw': 0.3434, 'goals_added_above_avg': -0.2428, 'count_actions': 69}, {'action_type': 'Passing', 'goals_added_raw': 0.2289, 'goals_added_above_avg': -0.2029, 'count_actions': 664}, {'action_type': 'Receiving', 'goals_added_raw': 0.8797, 'goals_added_above_avg': -0.2915, 'count_actions': 559}, {'action_type': 'Shooting', 'goals_added_raw': 0.1948, 'goals_added_above_avg': -0.4223, 'count_actions': 13}]"
KXMe39l1q6,wvq9B9wQWn,AM,27,"[{'action_type': 'Dribbling', 'goals_added_raw': 0.0027, 'goals_added_above_avg': -0.0009, 'count_actions': 5}, {'action_type': 'Fouling', 'goals_added_raw': -0.0061, 'goals_added_above_avg': -0.009, 'count_actions': 3}, {'action_type': 'Interrupting', 'goals_added_raw': 0.0215, 'goals_added_above_avg': 0.0093, 'count_actions': 4}, {'action_type': 'Passing', 'goals_added_raw': -0.0021, 'goals_added_above_avg': -0.0113, 'count_actions': 6}, {'action_type': 'Receiving', 'goals_added_raw': 0.0153, 'goals_added_above_avg': -0.0117, 'count_actions': 5}, {'action_type': 'Shooting', 'goals_added_raw': 0, 'goals_added_above_avg': -0.0141, 'count_actions': 0}]"
KXMe3y6vq6,19vQ2095K6,DM,2281,"[{'action_type': 'Dribbling', 'goals_added_raw': 0.7253, 'goals_added_above_avg': 0.4862, 'count_actions': 325}, {'action_type': 'Fouling', 'goals_added_raw': -0.1894, 'goals_added_above_avg': -0.0987, 'count_actions': 86}, {'action_type': 'Interrupting', 'goals_added_raw': 1.9793, 'goals_added_above_avg': 0.2603, 'count_actions': 210}, {'action_type': 'Passing', 'goals_added_raw': -0.0569, 'goals_added_above_avg': -1.0573, 'count_actions': 1142}, {'action_type': 'Receiving', 'goals_added_raw': 0.5758, 'goals_added_above_avg': -0.0917, 'count_actions': 943}, {'action_type': 'Shooting', 'goals_added_raw': 0.1869, 'goals_added_above_avg': -0.2484, 'count_actions': 9}]"
KXMe4l1Q64,9z5k7Yg5A3,W,341,"[{'action_type': 'Dribbling', 'goals_added_raw': -0.0029, 'goals_added_above_avg': -0.0557, 'count_actions': 27}, {'action_type': 'Fouling', 'goals_added_raw': -0.0003, 'goals_added_above_avg': -0.0291, 'count_actions': 10}, {'action_type': 'Interrupting', 'goals_added_raw': 0.1664, 'goals_added_above_avg': -0.0003, 'count_actions': 19}, {'action_type': 'Passing', 'goals_added_raw': 0.0457, 'goals_added_above_avg': 0.0297, 'count_actions': 110}, {'action_type': 'Receiving', 'goals_added_raw': 0.6615, 'goals_added_above_avg': 0.3029, 'count_actions': 92}, {'action_type': 'Shooting', 'goals_added_raw': 0.1883, 'goals_added_above_avg': 0.0159, 'count_actions': 5}]"
KXMe87ZPQ6,lgpMOvnQzy,CB,689,"[{'action_type': 'Dribbling', 'goals_added_raw': -0.014, 'goals_added_above_avg': -0.0464, 'count_actions': 157}, {'action_type': 'Fouling', 'goals_added_raw': 0.0175, 'goals_added_above_avg': 0.075, 'count_actions': 13}, {'action_type': 'Interrupting', 'goals_added_raw': 0.7202, 'goals_added_above_avg': 0.1847, 'count_actions': 52}, {'action_type': 'Passing', 'goals_added_raw': 0.9772, 'goals_added_above_avg': 0.6148, 'count_actions': 547}, {'action_type': 'Receiving', 'goals_added_raw': 0.1124, 'goals_added_above_avg': -0.051, 'count_actions': 447}, {'action_type': 'Shooting', 'goals_added_raw': 0.1052, 'goals_added_above_avg': 0.0138, 'count_actions': 2}]"
KXMe8EW1Q6,jYQJ8EW5GR,ST,266,"[{'action_type': 'Dribbling', 'goals_added_raw': 0.1083, 'goals_added_above_avg': 0.1429, 'count_actions': 29}, {'action_type': 'Fouling', 'goals_added_raw': 0.0278, 'goals_added_above_avg': -0.0071, 'count_actions': 11}, {'action_type': 'Interrupting', 'goals_added_raw': 0.0524, 'goals_added_above_avg': -0.0423, 'count_actions': 8}, {'action_type': 'Passing', 'goals_added_raw': 0.177, 'goals_added_above_avg': 0.2436, 'count_actions': 46}, {'action_type': 'Receiving', 'goals_added_raw': 0.327, 'goals_added_above_avg': -0.1845, 'count_actions': 52}, {'action_type': 'Shooting', 'goals_added_raw': 0.1409, 'goals_added_above_avg': -0.0477, 'count_actions': 6}]"
KXMe8JD2Q6,KAqBN0Vqbg,FB,297,"[{'action_type': 'Dribbling', 'goals_added_raw': -0.0157, 'goals_added_above_avg': -0.0269, 'count_actions': 27}, {'action_type': 'Fouling', 'goals_added_raw': 0.0312, 'goals_added_above_avg': 0.0344, 'count_actions': 8}, {'action_type': 'Interrupting', 'goals_added_raw': 0.1916, 'goals_added_above_avg': 0.0146, 'count_actions': 31}, {'action_type': 'Passing', 'goals_added_raw': 0.3077, 'goals_added_above_avg': 0.2307, 'count_actions': 168}, {'action_type': 'Receiving', 'goals_added_raw': 0.0731, 'goals_added_above_avg': -0.0894, 'count_actions': 120}, {'action_type': 'Shooting', 'goals_added_raw': 0.0777, 'goals_added_above_avg': 0.007, 'count_actions': 3}]"
KXMe8OnPQ6,gpMOLwl5zy,FB,370,"[{'action_type': 'Dribbling', 'goals_added_raw': 0.2846, 'goals_added_above_avg': 0.2669, 'count_actions': 73}, {'action_type': 'Fouling', 'goals_added_raw': -0.2581, 'goals_added_above_avg': -0.2508, 'count_actions': 8}, {'action_type': 'Interrupting', 'goals_added_raw': 0.1355, 'goals_added_above_avg': -0.0889, 'count_actions': 35}, {'action_type': 'Passing', 'goals_added_raw': -0.1378, 'goals_added_above_avg': -0.2462, 'count_actions': 204}, {'action_type': 'Receiving', 'goals_added_raw': 0.3952, 'goals_added_above_avg': 0.2248, 'count_actions': 148}, {'action_type': 'Shooting', 'goals_added_raw': 0.2243, 'goals_added_above_avg': 0.148, 'count_actions': 10}]"
KXMe8Y2vQ6,a2lqRX2Mr0,CB,1529,"[{'action_type': 'Dribbling', 'goals_added_raw': 0.8089, 'goals_added_above_avg': 0.7762, 'count_actions': 341}, {'action_type': 'Fouling', 'goals_added_raw': -0.2958, 'goals_added_above_avg': -0.1417, 'count_actions': 30}, {'action_type': 'Interrupting', 'goals_added_raw': 1.9822, 'goals_added_above_avg': 0.7834, 'count_actions': 236}, {'action_type': 'Passing', 'goals_added_raw': 1.8485, 'goals_added_above_avg': 0.994, 'count_actions': 1041}, {'action_type': 'Receiving', 'goals_added_raw': 0.2627, 'goals_added_above_avg': -0.0724, 'count_actions': 820}, {'action_type': 'Shooting', 'goals_added_raw': 0.1208, 'goals_added_above_avg': -0.0482, 'count_actions': 5}]"
KXMe8ejPQ6,9z5k7Yg5A3,CM,240,"[{'action_type': 'Dribbling', 'goals_added_raw': -0.0072, 'goals_added_above_avg': -0.0277, 'count_actions': 17}, {'action_type': 'Fouling', 'goals_added_raw': 0.012, 'goals_added_above_avg': 0.0137, 'count_actions': 5}, {'action_type': 'Interrupting', 'goals_added_raw': 0.0161, 'goals_added_above_avg': -0.1459, 'count_actions': 18}, {'action_type': 'Passing', 'goals_added_raw': 0.1961, 'goals_added_above_avg': 0.1183, 'count_actions': 118}, {'action_type': 'Receiving', 'goals_added_raw': 0.0113, 'goals_added_above_avg': -0.0927, 'count_actions': 93}, {'action_type': 'Shooting', 'goals_added_raw': 0.0414, 'goals_added_above_avg': -0.0205, 'count_actions': 3}]"
KXMegX31q6,NPqxKXZ59d,W,218,"[{'action_type': 'Dribbling', 'goals_added_raw': -0.0109, 'goals_added_above_avg': -0.0314, 'count_actions': 44}, {'action_type': 'Fouling', 'goals_added_raw': 0.0376, 'goals_added_above_avg': 0.0143, 'count_actions': 8}, {'action_type': 'Interrupting', 'goals_added_raw': 0.0661, 'goals_added_above_avg': -0.0287, 'count_actions': 18}, {'action_type': 'Passing', 'goals_added_raw': -0.0697, 'goals_added_above_avg': -0.063, 'count_actions': 46}, {'action_type': 'Receiving', 'goals_added_raw': 0.0831, 'goals_added_above_avg': -0.2044, 'count_actions': 52}, {'action_type': 'Shooting', 'goals_added_raw': 0.0644, 'goals_added_above_avg': -0.0623, 'count_actions': 2}]"
KXMeggl2q6,"['YgOMngl5wN', 'jYQJ8EW5GR']",ST,1052,"[{'action_type': 'Dribbling', 'goals_added_raw': -0.2103, 'goals_added_above_avg': -0.0875, 'count_actions': 87}, {'action_type': 'Fouling', 'goals_added_raw': -0.0496, 'goals_added_above_avg': -0.185, 'count_actions': 23}, {'action_type': 'Interrupting', 'goals_added_raw': 0.585, 'goals_added_above_avg': 0.206, 'count_actions': 45}, {'action_type': 'Passing', 'goals_added_raw': -0.7254, 'goals_added_above_avg': -0.4253, 'count_actions': 205}, {'action_type': 'Receiving', 'goals_added_raw': 1.1506, 'goals_added_above_avg': -0.8653, 'count_actions': 193}, {'action_type': 'Shooting', 'goals_added_raw': 0.4191, 'goals_added_above_avg': -0.3237, 'count_actions': 11}]"
KXMek9R2q6,YgOMngl5wN,ST,543,"[{'action_type': 'Dribbling', 'goals_added_raw': 0.2478, 'goals_added_above_avg': 0.2535, 'count_actions': 65}, {'action_type': 'Fouling', 'goals_added_raw': 0.0016, 'goals_added_above_avg': -0.0482, 'count_actions': 12}, {'action_type': 'Interrupting', 'goals_added_raw': 0.5845, 'goals_added_above_avg': 0.3487, 'count_actions': 43}, {'action_type': 'Passing', 'goals_added_raw': -0.1296, 'goals_added_above_avg': -0.0938, 'count_actions': 137}, {'action_type': 'Receiving', 'goals_added_raw': 0.5424, 'goals_added_above_avg': -0.2218, 'count_actions': 126}, {'action_type': 'Shooting', 'goals_added_raw': 0.1938, 'goals_added_above_avg': -0.1103, 'count_actions': 10}]"
KXMekNYBq6,wvq9B9wQWn,AM,106,"[{'action_type': 'Dribbling', 'goals_added_raw': 0.1146, 'goals_added_above_avg': 0.0998, 'count_actions': 15}, {'action_type': 'Fouling', 'goals_added_raw': -0.011, 'goals_added_above_avg': -0.0192, 'count_actions': 3}, {'action_type': 'Interrupting', 'goals_added_raw': -0.0832, 'goals_added_above_avg': -0.1376, 'count_actions': 12}, {'action_type': 'Passing', 'goals_added_raw': -0.1197, 'goals_added_above_avg': -0.1466, 'count_actions': 30}, {'action_type': 'Receiving', 'goals_added_raw': 0.0308, 'goals_added_above_avg': -0.0621, 'count_actions': 35}, {'action_type': 'Shooting', 'goals_added_raw': 0.1025, 'goals_added_above_avg': 0.0539, 'count_actions': 3}]"
KXMekX42q6,"['Z2vQ1xlqrA', 'jYQJ19EqGR']",ST,2233,"[{'action_type': 'Dribbling', 'goals_added_raw': 0.0395, 'goals_added_above_avg': 0.4494, 'count_actions': 186}, {'action_type': 'Fouling', 'goals_added_raw': 0.1265, 'goals_added_above_avg': -0.1762, 'count_actions': 53}, {'action_type': 'Interrupting', 'goals_added_raw': 0.9715, 'goals_added_above_avg': 0.22, 'count_actions': 64}, {'action_type': 'Passing', 'goals_added_raw': -1.4836, 'goals_added_above_avg': -0.6599, 'count_actions': 459}, {'action_type': 'Receiving', 'goals_added_raw': 3.0222, 'goals_added_above_avg': -1.6845, 'count_actions': 429}, {'action_type': 'Shooting', 'goals_added_raw': 1.6927, 'goals_added_above_avg': 0.0267, 'count_actions': 48}]"
KXMeke41q6,"['kaDQ0wRqEv', 'gpMOLwl5zy']",W,717,"[{'action_type': 'Dribbling', 'goals_added_raw': 0.4253, 'goals_added_above_avg': 0.2952, 'count_actions': 136}, {'action_type': 'Fouling', 'goals_added_raw': 0.0664, 'goals_added_above_avg': 0.012, 'count_actions': 13}, {'action_type': 'Interrupting', 'goals_added_raw': 0.3503, 'goals_added_above_avg': -0.0082, 'count_actions': 46}, {'action_type': 'Passing', 'goals_added_raw': -0.0096, 'goals_added_above_avg': -0.0526, 'count_actions': 247}, {'action_type': 'Receiving', 'goals_added_raw': 0.316, 'goals_added_above_avg': -0.373, 'count_actions': 234}, {'action_type': 'Shooting', 'goals_added_raw': 0.2549, 'goals_added_above_avg': -0.0864, 'count_actions': 9}]"
N6Mm76gZqE,mvzqoLZQap,ST,340,"[{'action_type': 'Dribbling', 'goals_added_raw': -0.0037, 'goals_added_above_avg': 0.0587, 'count_actions': 17}, {'action_type': 'Fouling', 'goals_added_raw': -0.0122, 'goals_added_above_avg': -0.0583, 'count_actions': 1}, {'action_type': 'Interrupting', 'goals_added_raw': 0.0999, 'goals_added_above_avg': -0.0145, 'count_actions': 7}, {'action_type': 'Passing', 'goals_added_raw': -0.1956, 'goals_added_above_avg': -0.0702, 'count_actions': 48}, {'action_type': 'Receiving', 'goals_added_raw': 0.3011, 'goals_added_above_avg': -0.4156, 'count_actions': 39}, {'action_type': 'Shooting', 'goals_added_raw': 0.1428, 'goals_added_above_avg': -0.1108, 'count_actions': 6}]"
N6MmKBXeqE,mKAqBBmqbg,CM,1685,"[{'action_type': 'Dribbling', 'goals_added_raw': 0.2591, 'goals_added_above_avg': 0.1148, 'count_actions': 199}, {'action_type': 'Fouling', 'goals_added_raw': 0.0034, 'goals_added_above_avg': 0.003, 'count_actions': 34}, {'action_type': 'Interrupting', 'goals_added_raw': 1.4248, 'goals_added_above_avg': 0.3099, 'count_actions': 145}, {'action_type': 'Passing', 'goals_added_raw': 0.6436, 'goals_added_above_avg': 0.1219, 'count_actions': 701}, {'action_type': 'Receiving', 'goals_added_raw': 0.4183, 'goals_added_above_avg': -0.4541, 'count_actions': 531}, {'action_type': 'Shooting', 'goals_added_raw': 0.2075, 'goals_added_above_avg': -0.2713, 'count_actions': 9}]"
N6MmKdJPqE,vzqoOgNqap,CB,826,"[{'action_type': 'Dribbling', 'goals_added_raw': 0.069, 'goals_added_above_avg': 0.0366, 'count_actions': 118}, {'action_type': 'Fouling', 'goals_added_raw': -0.0413, 'goals_added_above_avg': 0.0259, 'count_actions': 6}, {'action_type': 'Interrupting', 'goals_added_raw': 0.2414, 'goals_added_above_avg': -0.3805, 'count_actions': 95}, {'action_type': 'Passing', 'goals_added_raw': 0.7292, 'goals_added_above_avg': 0.3131, 'count_actions': 550}, {'action_type': 'Receiving', 'goals_added_raw': 0.0892, 'goals_added_above_avg': -0.1623, 'count_actions': 482}, {'action_type': 'Shooting', 'goals_added_raw': 0.0333, 'goals_added_above_avg': -0.0924, 'count_actions': 3}]"
N6MmWAYwqE,0KPqjA456v,DM,69,"[{'action_type': 'Dribbling', 'goals_added_raw': 0.0154, 'goals_added_above_avg': 0.008, 'count_actions': 3}, {'action_type': 'Fouling', 'goals_added_raw': 0, 'goals_added_above_avg': 0.003, 'count_actions': 0}, {'action_type': 'Interrupting', 'goals_added_raw': 0, 'goals_added_above_avg': -0.0525, 'count_actions': 0}, {'action_type': 'Passing', 'goals_added_raw': 0.0376, 'goals_added_above_avg': 0.0066, 'count_actions': 16}, {'action_type': 'Receiving', 'goals_added_raw': 0.002, 'goals_added_above_avg': -0.0173, 'count_actions': 12}, {'action_type': 'Shooting', 'goals_added_raw': 0, 'goals_added_above_avg': -0.0127, 'count_actions': 0}]"
N6MmWLNPqE,vzqoOgNqap,DM,1721,"[{'action_type': 'Dribbling', 'goals_added_raw': 0.3916, 'goals_added_above_avg': 0.2229, 'count_actions': 272}, {'action_type': 'Fouling', 'goals_added_raw': -0.0194, 'goals_added_above_avg': 0.0291, 'count_actions': 29}, {'action_type': 'Interrupting', 'goals_added_raw': 0.5778, 'goals_added_above_avg': -0.6714, 'count_actions': 139}, {'action_type': 'Passing', 'goals_added_raw': 0.01, 'goals_added_above_avg': -0.6754, 'count_actions': 1065}, {'action_type': 'Receiving', 'goals_added_raw': 0.2564, 'goals_added_above_avg': -0.3327, 'count_actions': 910}, {'action_type': 'Shooting', 'goals_added_raw': 0.1948, 'goals_added_above_avg': -0.1744, 'count_actions': 14}]"
N6MmWNygqE,Z2vQ1xlqrA,CM,58,"[{'action_type': 'Dribbling', 'goals_added_raw': 0.0005, 'goals_added_above_avg': -0.0045, 'count_actions': 3}, {'action_type': 'Fouling', 'goals_added_raw': -0.0171, 'goals_added_above_avg': -0.0167, 'count_actions': 2}, {'action_type': 'Interrupting', 'goals_added_raw': 0.0413, 'goals_added_above_avg': 0.0021, 'count_actions': 4}, {'action_type': 'Passing', 'goals_added_raw': -0.0264, 'goals_added_above_avg': -0.0452, 'count_actions': 19}, {'action_type': 'Receiving', 'goals_added_raw': 0.0009, 'goals_added_above_avg': -0.0243, 'count_actions': 13}, {'action_type': 'Shooting', 'goals_added_raw': 0, 'goals_added_above_avg': -0.015, 'count_actions': 0}]"
N6MmeAowME,zeQZBOzQKw,W,994,"[{'action_type': 'Dribbling', 'goals_added_raw': -0.0653, 'goals_added_above_avg': -0.1336, 'count_actions': 102}, {'action_type': 'Fouling', 'goals_added_raw': 0.0432, 'goals_added_above_avg': -0.0648, 'count_actions': 13}, {'action_type': 'Interrupting', 'goals_added_raw': 0.1094, 'goals_added_above_avg': -0.3138, 'count_actions': 27}, {'action_type': 'Passing', 'goals_added_raw': -0.0128, 'goals_added_above_avg': 0.086, 'count_actions': 282}, {'action_type': 'Receiving', 'goals_added_raw': 1.2942, 'goals_added_above_avg': -0.111, 'count_actions': 270}, {'action_type': 'Shooting', 'goals_added_raw': 0.5493, 'goals_added_above_avg': -0.047, 'count_actions': 18}]"
N6MmeE3wME,Vj58weDM8n,W,1336,"[{'action_type': 'Dribbling', 'goals_added_raw': 0.472, 'goals_added_above_avg': 0.2586, 'count_actions': 207}, {'action_type': 'Fouling', 'goals_added_raw': 0.0763, 'goals_added_above_avg': -0.055, 'count_actions': 41}, {'action_type': 'Interrupting', 'goals_added_raw': 0.4573, 'goals_added_above_avg': -0.1544, 'count_actions': 91}, {'action_type': 'Passing', 'goals_added_raw': -0.8554, 'goals_added_above_avg': -0.8125, 'count_actions': 412}, {'action_type': 'Receiving', 'goals_added_raw': 1.3971, 'goals_added_above_avg': -0.1817, 'count_actions': 380}, {'action_type': 'Shooting', 'goals_added_raw': 0.7776, 'goals_added_above_avg': 0.0426, 'count_actions': 25}]"
N6MmeKWLME,mvzqoLZQap,FB,445,"[{'action_type': 'Dribbling', 'goals_added_raw': 0.0832, 'goals_added_above_avg': 0.0227, 'count_actions': 68}, {'action_type': 'Fouling', 'goals_added_raw': 0.0105, 'goals_added_above_avg': -0.0013, 'count_actions': 7}, {'action_type': 'Interrupting', 'goals_added_raw': 0.2867, 'goals_added_above_avg': 0.041, 'count_actions': 23}, {'action_type': 'Passing', 'goals_added_raw': -0.1827, 'goals_added_above_avg': -0.2672, 'count_actions': 216}, {'action_type': 'Receiving', 'goals_added_raw': 0.3208, 'goals_added_above_avg': 0.0246, 'count_actions': 193}, {'action_type': 'Shooting', 'goals_added_raw': 0.1518, 'goals_added_above_avg': 0.005, 'count_actions': 5}]"
N6MmeZ4WME,pzeQZ6xQKw,DM,229,"[{'action_type': 'Dribbling', 'goals_added_raw': 0.0519, 'goals_added_above_avg': 0.0283, 'count_actions': 36}, {'action_type': 'Fouling', 'goals_added_raw': 0.0034, 'goals_added_above_avg': 0.0118, 'count_actions': 4}, {'action_type': 'Interrupting', 'goals_added_raw': 0.0445, 'goals_added_above_avg': -0.1265, 'count_actions': 25}, {'action_type': 'Passing', 'goals_added_raw': 0.1603, 'goals_added_above_avg': 0.0622, 'count_actions': 179}, {'action_type': 'Receiving', 'goals_added_raw': 0.0275, 'goals_added_above_avg': -0.0423, 'count_actions': 147}, {'action_type': 'Shooting', 'goals_added_raw': 0.0315, 'goals_added_above_avg': -0.0135, 'count_actions': 2}]"
N6MmkXx0qE,NPqxKXZ59d,FB,770,"[{'action_type': 'Dribbling', 'goals_added_raw': 0.0568, 'goals_added_above_avg': 0.0012, 'count_actions': 68}, {'action_type': 'Fouling', 'goals_added_raw': 0.0186, 'goals_added_above_avg': 0.05, 'count_actions': 7}, {'action_type': 'Interrupting', 'goals_added_raw': 0.1766, 'goals_added_above_avg': -0.31, 'count_actions': 61}, {'action_type': 'Passing', 'goals_added_raw': 0.1082, 'goals_added_above_avg': -0.1783, 'count_actions': 344}, {'action_type': 'Receiving', 'goals_added_raw': 0.339, 'goals_added_above_avg': 0.1403, 'count_actions': 241}, {'action_type': 'Shooting', 'goals_added_raw': 0.1345, 'goals_added_above_avg': 0.0326, 'count_actions': 2}]"
N6Mmo4vLqE,vzqoOgNqap,CB,2455,"[{'action_type': 'Dribbling', 'goals_added_raw': 0.1129, 'goals_added_above_avg': 0.0603, 'count_actions': 484}, {'action_type': 'Fouling', 'goals_added_raw': -0.1003, 'goals_added_above_avg': 0.1471, 'count_actions': 29}, {'action_type': 'Interrupting', 'goals_added_raw': 2.1087, 'goals_added_above_avg': 0.1838, 'count_actions': 295}, {'action_type': 'Passing', 'goals_added_raw': 1.0613, 'goals_added_above_avg': -0.3106, 'count_actions': 1596}, {'action_type': 'Receiving', 'goals_added_raw': 0.4001, 'goals_added_above_avg': -0.1379, 'count_actions': 1365}, {'action_type': 'Shooting', 'goals_added_raw': 0.1772, 'goals_added_above_avg': -0.0941, 'count_actions': 7}]"
N6Mmo9EPqE,"['EKXMeX3Q64', 'eVq3ya6MWO']",ST,917,"[{'action_type': 'Dribbling', 'goals_added_raw': -0.0858, 'goals_added_above_avg': -0.0399, 'count_actions': 85}, {'action_type': 'Fouling', 'goals_added_raw': -0.0125, 'goals_added_above_avg': -0.1175, 'count_actions': 19}, {'action_type': 'Interrupting', 'goals_added_raw': 0.1732, 'goals_added_above_avg': -0.1954, 'count_actions': 31}, {'action_type': 'Passing', 'goals_added_raw': -0.3841, 'goals_added_above_avg': -0.2537, 'count_actions': 177}, {'action_type': 'Receiving', 'goals_added_raw': 1.4734, 'goals_added_above_avg': -0.0386, 'count_actions': 177}, {'action_type': 'Shooting', 'goals_added_raw': 0.3435, 'goals_added_above_avg': -0.2446, 'count_actions': 11}]"
N6MmoXVxqE,mvzqoLZQap,W,240,"[{'action_type': 'Dribbling', 'goals_added_raw': -0.1275, 'goals_added_above_avg': -0.1705, 'count_actions': 61}, {'action_type': 'Fouling', 'goals_added_raw': -0.0199, 'goals_added_above_avg': -0.0437, 'count_actions': 5}, {'action_type': 'Interrupting', 'goals_added_raw': 0.0579, 'goals_added_above_avg': -0.0538, 'count_actions': 16}, {'action_type': 'Passing', 'goals_added_raw': -0.0033, 'goals_added_above_avg': -0.0318, 'count_actions': 105}, {'action_type': 'Receiving', 'goals_added_raw': 0.6814, 'goals_added_above_avg': 0.4298, 'count_actions': 108}, {'action_type': 'Shooting', 'goals_added_raw': 0.1987, 'goals_added_above_avg': 0.0725, 'count_actions': 8}]"
N6MmoYnPqE,a2lqR4JMr0,CB,343,"[{'action_type': 'Dribbling', 'goals_added_raw': 0.1084, 'goals_added_above_avg': 0.1011, 'count_actions': 43}, {'action_type': 'Fouling', 'goals_added_raw': -0.0597, 'goals_added_above_avg': -0.0252, 'count_actions': 11}, {'action_type': 'Interrupting', 'goals_added_raw': 0.337, 'goals_added_above_avg': 0.068, 'count_actions': 51}, {'action_type': 'Passing', 'goals_added_raw': 0.1078, 'goals_added_above_avg': -0.0839, 'count_actions': 189}, {'action_type': 'Receiving', 'goals_added_raw': 0.0059, 'goals_added_above_avg': -0.0692, 'count_actions': 140}, {'action_type': 'Shooting', 'goals_added_raw': 0, 'goals_added_above_avg': -0.0379, 'count_actions': 0}]"
N6MmovmZqE,"['APk5LGOMOW', 'X0Oq66zq6D']",FB,424,"[{'action_type': 'Dribbling', 'goals_added_raw': -0.0088, 'goals_added_above_avg': -0.0443, 'count_actions': 40}, {'action_type': 'Fouling', 'goals_added_raw': -0.3156, 'goals_added_above_avg': -0.3035, 'count_actions': 23}, {'action_type': 'Interrupting', 'goals_added_raw': 0.2866, 'goals_added_above_avg': 0.0248, 'count_actions': 55}, {'action_type': 'Passing', 'goals_added_raw': 0.2619, 'goals_added_above_avg': 0.1182, 'count_actions': 185}, {'action_type': 'Receiving', 'goals_added_raw': 0.0685, 'goals_added_above_avg': -0.0723, 'count_actions': 117}, {'action_type': 'Shooting', 'goals_added_raw': 0.0624, 'goals_added_above_avg': -0.0089, 'count_actions': 2}]"
NPqxA1n8Q9,mvzqoLZQap,FB,68,"[{'action_type': 'Dribbling', 'goals_added_raw': 0.0065, 'goals_added_above_avg': 0.0016, 'count_actions': 8}, {'action_type': 'Fouling', 'goals_added_raw': 0.003, 'goals_added_above_avg': 0.0058, 'count_actions': 1}, {'action_type': 'Interrupting', 'goals_added_raw': -0.0038, 'goals_added_above_avg': -0.0468, 'count_actions': 10}, {'action_type': 'Passing', 'goals_added_raw': 0.0181, 'goals_added_above_avg': -0.0072, 'count_actions': 40}, {'action_type': 'Receiving', 'goals_added_raw': 0.0026, 'goals_added_above_avg': -0.015, 'count_actions': 26}, {'action_type': 'Shooting', 'goals_added_raw': 0, 'goals_added_above_avg': -0.009, 'count_actions': 0}]"
NPqxA1oZQ9,KAqBN0Vqbg,ST,16,"[{'action_type': 'Dribbling', 'goals_added_raw': -0.0008, 'goals_added_above_avg': 0.0021, 'count_actions': 1}, {'action_type': 'Fouling', 'goals_added_raw': -0.0019, 'goals_added_above_avg': -0.0041, 'count_actions': 1}, {'action_type': 'Interrupting', 'goals_added_raw': 0, 'goals_added_above_avg': -0.0054, 'count_actions': 0}, {'action_type': 'Passing', 'goals_added_raw': -0.0229, 'goals_added_above_avg': -0.017, 'count_actions': 3}, {'action_type': 'Receiving', 'goals_added_raw': 0.0017, 'goals_added_above_avg': -0.0321, 'count_actions': 1}, {'action_type': 'Shooting', 'goals_added_raw': 0, 'goals_added_above_avg': -0.0119, 'count_actions': 0}]"
NPqxAN6GQ9,Vj58weDM8n,DM,686,"[{'action_type': 'Dribbling', 'goals_added_raw': 0.1125, 'goals_added_above_avg': 0.0364, 'count_actions': 98}, {'action_type': 'Fouling', 'goals_added_raw': -0.0359, 'goals_added_above_avg': -0.0297, 'count_actions': 21}, {'action_type': 'Interrupting', 'goals_added_raw': 0.4695, 'goals_added_above_avg': 0.0025, 'count_actions': 74}, {'action_type': 'Passing', 'goals_added_raw': 0.241, 'goals_added_above_avg': -0.0027, 'count_actions': 304}, {'action_type': 'Receiving', 'goals_added_raw': 0.0574, 'goals_added_above_avg': -0.2507, 'count_actions': 219}, {'action_type': 'Shooting', 'goals_added_raw': 0.1508, 'goals_added_above_avg': -0.0268, 'count_actions': 6}]"
NPqxAP6gQ9,NPqxKXZ59d,ST,499,"[{'action_type': 'Dribbling', 'goals_added_raw': 0.08, 'goals_added_above_avg': 0.1542, 'count_actions': 33}, {'action_type': 'Fouling', 'goals_added_raw': 0.2849, 'goals_added_above_avg': 0.2191, 'count_actions': 17}, {'action_type': 'Interrupting', 'goals_added_raw': 0.1124, 'goals_added_above_avg': -0.0617, 'count_actions': 21}, {'action_type': 'Passing', 'goals_added_raw': -0.6405, 'goals_added_above_avg': -0.4735, 'count_actions': 46}, {'action_type': 'Receiving', 'goals_added_raw': 1.154, 'goals_added_above_avg': 0.1491, 'count_actions': 53}, {'action_type': 'Shooting', 'goals_added_raw': 0.381, 'goals_added_above_avg': 0.0187, 'count_actions': 11}]"
NPqxKmJZ59,zeQZkL1MKw,FB,390,"[{'action_type': 'Dribbling', 'goals_added_raw': -0.0296, 'goals_added_above_avg': -0.0479, 'count_actions': 58}, {'action_type': 'Fouling', 'goals_added_raw': -0.3355, 'goals_added_above_avg': -0.3079, 'count_actions': 12}, {'action_type': 'Interrupting', 'goals_added_raw': 0.1739, 'goals_added_above_avg': -0.1022, 'count_actions': 40}, {'action_type': 'Passing', 'goals_added_raw': 0.0177, 'goals_added_above_avg': -0.1638, 'count_actions': 223}, {'action_type': 'Receiving', 'goals_added_raw': 0.0343, 'goals_added_above_avg': -0.0588, 'count_actions': 197}, {'action_type': 'Shooting', 'goals_added_raw': 0.0097, 'goals_added_above_avg': -0.0376, 'count_actions': 1}]"
NPqxKnY859,0KPqjA456v,ST,52,"[{'action_type': 'Dribbling', 'goals_added_raw': -0.0018, 'goals_added_above_avg': 0.0078, 'count_actions': 10}, {'action_type': 'Fouling', 'goals_added_raw': -0.0025, 'goals_added_above_avg': -0.0095, 'count_actions': 3}, {'action_type': 'Interrupting', 'goals_added_raw': 0.0521, 'goals_added_above_avg': 0.0346, 'count_actions': 1}, {'action_type': 'Passing', 'goals_added_raw': 0.0116, 'goals_added_above_avg': 0.0308, 'count_actions': 13}, {'action_type': 'Receiving', 'goals_added_raw': 0.0116, 'goals_added_above_avg': -0.098, 'count_actions': 13}, {'action_type': 'Shooting', 'goals_added_raw': 0, 'goals_added_above_avg': -0.0388, 'count_actions': 0}]"
NPqxen8gQ9,jYQJ8EW5GR,CB,1326,"[{'action_type': 'Dribbling', 'goals_added_raw': 0.1482, 'goals_added_above_avg': 0.0899, 'count_actions': 160}, {'action_type': 'Fouling', 'goals_added_raw': -0.0304, 'goals_added_above_avg': 0.0679, 'count_actions': 26}, {'action_type': 'Interrupting', 'goals_added_raw': 0.5153, 'goals_added_above_avg': -0.4348, 'count_actions': 129}, {'action_type': 'Passing', 'goals_added_raw': 0.7928, 'goals_added_above_avg': 0.1619, 'count_actions': 706}, {'action_type': 'Receiving', 'goals_added_raw': 0.036, 'goals_added_above_avg': -0.2775, 'count_actions': 520}, {'action_type': 'Shooting', 'goals_added_raw': 0, 'goals_added_above_avg': -0.1594, 'count_actions': 1}]"
NPqxoNPx59,zeQZBOzQKw,CB,477,"[{'action_type': 'Dribbling', 'goals_added_raw': -0.1707, 'goals_added_above_avg': -0.186, 'count_actions': 76}, {'action_type': 'Fouling', 'goals_added_raw': -0.0282, 'goals_added_above_avg': 0.0124, 'count_actions': 8}, {'action_type': 'Interrupting', 'goals_added_raw': 0.1769, 'goals_added_above_avg': -0.1885, 'count_actions': 44}, {'action_type': 'Passing', 'goals_added_raw': 0.3641, 'goals_added_above_avg': 0.1162, 'count_actions': 398}, {'action_type': 'Receiving', 'goals_added_raw': 0.0012, 'goals_added_above_avg': -0.1204, 'count_actions': 348}, {'action_type': 'Shooting', 'goals_added_raw': 0.0494, 'goals_added_above_avg': -0.0151, 'count_actions': 1}]"
NPqxx91gq9,KAqBN0Vqbg,CM,645,"[{'action_type': 'Dribbling', 'goals_added_raw': 0.1157, 'goals_added_above_avg': 0.0471, 'count_actions': 87}, {'action_type': 'Fouling', 'goals_added_raw': 0.042, 'goals_added_above_avg': 0.0376, 'count_actions': 11}, {'action_type': 'Interrupting', 'goals_added_raw': 0.2731, 'goals_added_above_avg': -0.145, 'count_actions': 32}, {'action_type': 'Passing', 'goals_added_raw': 0.0889, 'goals_added_above_avg': -0.0929, 'count_actions': 279}, {'action_type': 'Receiving', 'goals_added_raw': 0.1862, 'goals_added_above_avg': -0.1539, 'count_actions': 249}, {'action_type': 'Shooting', 'goals_added_raw': 0.2993, 'goals_added_above_avg': 0.1079, 'count_actions': 12}]"
NPqxxADjq9,mKAqBBmqbg,DM,33,"[{'action_type': 'Dribbling', 'goals_added_raw': 0.0072, 'goals_added_above_avg': 0.0022, 'count_actions': 1}, {'action_type': 'Fouling', 'goals_added_raw': 0, 'goals_added_above_avg': -0.0008, 'count_actions': 0}, {'action_type': 'Interrupting', 'goals_added_raw': -0.1332, 'goals_added_above_avg': -0.1535, 'count_actions': 7}, {'action_type': 'Passing', 'goals_added_raw': 0.0485, 'goals_added_above_avg': 0.041, 'count_actions': 9}, {'action_type': 'Receiving', 'goals_added_raw': 0.016, 'goals_added_above_avg': -0.0063, 'count_actions': 4}, {'action_type': 'Shooting', 'goals_added_raw': 0, 'goals_added_above_avg': -0.0117, 'count_actions': 0}]"
NPqxxLDkq9,NPqxKXZ59d,CB,643,"[{'action_type': 'Dribbling', 'goals_added_raw': -0.0448, 'goals_added_above_avg': -0.0626, 'count_actions': 73}, {'action_type': 'Fouling', 'goals_added_raw': -0.0093, 'goals_added_above_avg': 0.0506, 'count_actions': 6}, {'action_type': 'Interrupting', 'goals_added_raw': 0.8755, 'goals_added_above_avg': 0.3835, 'count_actions': 81}, {'action_type': 'Passing', 'goals_added_raw': 0.4157, 'goals_added_above_avg': 0.0714, 'count_actions': 348}, {'action_type': 'Receiving', 'goals_added_raw': 0.0151, 'goals_added_above_avg': -0.1289, 'count_actions': 281}, {'action_type': 'Shooting', 'goals_added_raw': 0.0618, 'goals_added_above_avg': -0.0111, 'count_actions': 2}]"
NPqxxjAmq9,kaDQ0wRqEv,CM,1198,"[{'action_type': 'Dribbling', 'goals_added_raw': 0.1996, 'goals_added_above_avg': 0.0755, 'count_actions': 149}, {'action_type': 'Fouling', 'goals_added_raw': 0.1336, 'goals_added_above_avg': 0.1344, 'count_actions': 24}, {'action_type': 'Interrupting', 'goals_added_raw': 0.3287, 'goals_added_above_avg': -0.4717, 'count_actions': 70}, {'action_type': 'Passing', 'goals_added_raw': -0.2232, 'goals_added_above_avg': -0.6412, 'count_actions': 545}, {'action_type': 'Receiving', 'goals_added_raw': 0.9694, 'goals_added_above_avg': 0.3968, 'count_actions': 485}, {'action_type': 'Shooting', 'goals_added_raw': 0.3185, 'goals_added_above_avg': -0.0132, 'count_actions': 9}]"
NWMWL3nL5l,lgpMOvnQzy,CB,2222,"[{'action_type': 'Dribbling', 'goals_added_raw': 0.1947, 'goals_added_above_avg': 0.1324, 'count_actions': 468}, {'action_type': 'Fouling', 'goals_added_raw': -0.1691, 'goals_added_above_avg': 0.0375, 'count_actions': 35}, {'action_type': 'Interrupting', 'goals_added_raw': 0.8603, 'goals_added_above_avg': -0.8379, 'count_actions': 283}, {'action_type': 'Passing', 'goals_added_raw': 1.6588, 'goals_added_above_avg': 0.4712, 'count_actions': 1433}, {'action_type': 'Receiving', 'goals_added_raw': 1.1569, 'goals_added_above_avg': 0.6587, 'count_actions': 1165}, {'action_type': 'Shooting', 'goals_added_raw': 0.6654, 'goals_added_above_avg': 0.4135, 'count_actions': 28}]"
NWMWLO7N5l,a2lqR4JMr0,CB,1097,"[{'action_type': 'Dribbling', 'goals_added_raw': 0.0634, 'goals_added_above_avg': 0.0364, 'count_actions': 102}, {'action_type': 'Fouling', 'goals_added_raw': -0.2279, 'goals_added_above_avg': -0.1215, 'count_actions': 21}, {'action_type': 'Interrupting', 'goals_added_raw': 0.621, 'goals_added_above_avg': -0.2287, 'count_actions': 109}, {'action_type': 'Passing', 'goals_added_raw': 0.5018, 'goals_added_above_avg': -0.0984, 'count_actions': 616}, {'action_type': 'Receiving', 'goals_added_raw': 0.0795, 'goals_added_above_avg': -0.1635, 'count_actions': 454}, {'action_type': 'Shooting', 'goals_added_raw': 0.0692, 'goals_added_above_avg': -0.0536, 'count_actions': 5}]"
NWMWVR6jQl,gpMOLwl5zy,CB,1564,"[{'action_type': 'Dribbling', 'goals_added_raw': -0.0186, 'goals_added_above_avg': -0.0521, 'count_actions': 185}, {'action_type': 'Fouling', 'goals_added_raw': -0.0332, 'goals_added_above_avg': 0.1244, 'count_actions': 25}, {'action_type': 'Interrupting', 'goals_added_raw': 0.7126, 'goals_added_above_avg': -0.5137, 'count_actions': 150}, {'action_type': 'Passing', 'goals_added_raw': 0.5046, 'goals_added_above_avg': -0.3694, 'count_actions': 798}, {'action_type': 'Receiving', 'goals_added_raw': 0.3774, 'goals_added_above_avg': 0.0346, 'count_actions': 691}, {'action_type': 'Shooting', 'goals_added_raw': 0.267, 'goals_added_above_avg': 0.0941, 'count_actions': 8}]"
NWMWgLbEMl,WBLMvYAQxe,ST,1371,"[{'action_type': 'Dribbling', 'goals_added_raw': -0.7885, 'goals_added_above_avg': -0.585, 'count_actions': 152}, {'action_type': 'Fouling', 'goals_added_raw': 0.0387, 'goals_added_above_avg': -0.1425, 'count_actions': 37}, {'action_type': 'Interrupting', 'goals_added_raw': 0.2044, 'goals_added_above_avg': -0.2742, 'count_actions': 79}, {'action_type': 'Passing', 'goals_added_raw': -0.8641, 'goals_added_above_avg': -0.4329, 'count_actions': 297}, {'action_type': 'Receiving', 'goals_added_raw': 3.6619, 'goals_added_above_avg': 0.9191, 'count_actions': 301}, {'action_type': 'Shooting', 'goals_added_raw': 1.3098, 'goals_added_above_avg': 0.3172, 'count_actions': 44}]"
NWMWj8JzQl,jYQJ8EW5GR,CM,368,"[{'action_type': 'Dribbling', 'goals_added_raw': 0.0368, 'goals_added_above_avg': 0.0014, 'count_actions': 48}, {'action_type': 'Fouling', 'goals_added_raw': 0.008, 'goals_added_above_avg': 0.0171, 'count_actions': 7}, {'action_type': 'Interrupting', 'goals_added_raw': 0.0686, 'goals_added_above_avg': -0.1956, 'count_actions': 18}, {'action_type': 'Passing', 'goals_added_raw': 0.0593, 'goals_added_above_avg': -0.0831, 'count_actions': 298}, {'action_type': 'Receiving', 'goals_added_raw': 0.0822, 'goals_added_above_avg': -0.0489, 'count_actions': 264}, {'action_type': 'Shooting', 'goals_added_raw': 0.0152, 'goals_added_above_avg': -0.0662, 'count_actions': 1}]"
NWMWjPKLQl,KAqBN0Vqbg,W,27,"[{'action_type': 'Dribbling', 'goals_added_raw': 0.005, 'goals_added_above_avg': -0.0004, 'count_actions': 3}, {'action_type': 'Fouling', 'goals_added_raw': 0.0019, 'goals_added_above_avg': -0.0006, 'count_actions': 1}, {'action_type': 'Interrupting', 'goals_added_raw': 0.0419, 'goals_added_above_avg': 0.0291, 'count_actions': 6}, {'action_type': 'Passing', 'goals_added_raw': -0.0181, 'goals_added_above_avg': -0.0183, 'count_actions': 14}, {'action_type': 'Receiving', 'goals_added_raw': 0.0144, 'goals_added_above_avg': -0.0146, 'count_actions': 11}, {'action_type': 'Shooting', 'goals_added_raw': 0.0067, 'goals_added_above_avg': -0.0076, 'count_actions': 1}]"
NWMWlEAD5l,kaDQ0wRqEv,DM,1429,"[{'action_type': 'Dribbling', 'goals_added_raw': 0.2178, 'goals_added_above_avg': 0.0729, 'count_actions': 257}, {'action_type': 'Fouling', 'goals_added_raw': -0.0556, 'goals_added_above_avg': -0.0072, 'count_actions': 26}, {'action_type': 'Interrupting', 'goals_added_raw': -0.4177, 'goals_added_above_avg': -1.4746, 'count_actions': 128}, {'action_type': 'Passing', 'goals_added_raw': 1.2338, 'goals_added_above_avg': 0.6363, 'count_actions': 900}, {'action_type': 'Receiving', 'goals_added_raw': 0.0993, 'goals_added_above_avg': -0.3548, 'count_actions': 761}, {'action_type': 'Shooting', 'goals_added_raw': 0.2345, 'goals_added_above_avg': -0.0553, 'count_actions': 8}]"
NWMWlWle5l,lgpMOvnQzy,ST,2020,"[{'action_type': 'Dribbling', 'goals_added_raw': -0.5334, 'goals_added_above_avg': -0.1626, 'count_actions': 123}, {'action_type': 'Fouling', 'goals_added_raw': -0.0145, 'goals_added_above_avg': -0.2883, 'count_actions': 36}, {'action_type': 'Interrupting', 'goals_added_raw': 0.4084, 'goals_added_above_avg': -0.2714, 'count_actions': 55}, {'action_type': 'Passing', 'goals_added_raw': -3.2941, 'goals_added_above_avg': -2.549, 'count_actions': 314}, {'action_type': 'Receiving', 'goals_added_raw': 7.0287, 'goals_added_above_avg': 2.7711, 'count_actions': 354}, {'action_type': 'Shooting', 'goals_added_raw': 2.5594, 'goals_added_above_avg': 1.0523, 'count_actions': 77}]"
NWMWlX6K5l,Vj58weDM8n,CM,1231,"[{'action_type': 'Dribbling', 'goals_added_raw': -0.2523, 'goals_added_above_avg': -0.3875, 'count_actions': 132}, {'action_type': 'Fouling', 'goals_added_raw': 0.5113, 'goals_added_above_avg': 0.5055, 'count_actions': 31}, {'action_type': 'Interrupting', 'goals_added_raw': 0.5057, 'goals_added_above_avg': -0.3019, 'count_actions': 112}, {'action_type': 'Passing', 'goals_added_raw': 0.0137, 'goals_added_above_avg': -0.376, 'count_actions': 458}, {'action_type': 'Receiving', 'goals_added_raw': 0.5983, 'goals_added_above_avg': -0.036, 'count_actions': 388}, {'action_type': 'Shooting', 'goals_added_raw': 0.3349, 'goals_added_above_avg': -0.0245, 'count_actions': 14}]"
NWMWlYdY5l,zeQZkL1MKw,FB,1336,"[{'action_type': 'Dribbling', 'goals_added_raw': -0.3399, 'goals_added_above_avg': -0.4363, 'count_actions': 128}, {'action_type': 'Fouling', 'goals_added_raw': -0.1095, 'goals_added_above_avg': -0.055, 'count_actions': 13}, {'action_type': 'Interrupting', 'goals_added_raw': 0.7788, 'goals_added_above_avg': -0.0655, 'count_actions': 91}, {'action_type': 'Passing', 'goals_added_raw': -0.0958, 'goals_added_above_avg': -0.5929, 'count_actions': 716}, {'action_type': 'Receiving', 'goals_added_raw': 0.2922, 'goals_added_above_avg': -0.0525, 'count_actions': 555}, {'action_type': 'Shooting', 'goals_added_raw': 0.108, 'goals_added_above_avg': -0.0688, 'count_actions': 4}]"
NWMWlaDZ5l,kRQabn8MKZ,FB,1342,"[{'action_type': 'Dribbling', 'goals_added_raw': -0.4431, 'goals_added_above_avg': -0.5399, 'count_actions': 137}, {'action_type': 'Fouling', 'goals_added_raw': 0.0319, 'goals_added_above_avg': 0.0866, 'count_actions': 29}, {'action_type': 'Interrupting', 'goals_added_raw': 1.2015, 'goals_added_above_avg': 0.3534, 'count_actions': 138}, {'action_type': 'Passing', 'goals_added_raw': 0.1798, 'goals_added_above_avg': -0.3195, 'count_actions': 599}, {'action_type': 'Receiving', 'goals_added_raw': 0.1584, 'goals_added_above_avg': -0.1879, 'count_actions': 401}, {'action_type': 'Shooting', 'goals_added_raw': 0.1979, 'goals_added_above_avg': 0.0202, 'count_actions': 7}]"
NWMWllOE5l,zeQZBOzQKw,FB,157,"[{'action_type': 'Dribbling', 'goals_added_raw': 0.0628, 'goals_added_above_avg': 0.0635, 'count_actions': 16}, {'action_type': 'Fouling', 'goals_added_raw': 0.0071, 'goals_added_above_avg': 0.009, 'count_actions': 5}, {'action_type': 'Interrupting', 'goals_added_raw': 0.1323, 'goals_added_above_avg': 0.0387, 'count_actions': 11}, {'action_type': 'Passing', 'goals_added_raw': -0.0293, 'goals_added_above_avg': -0.0659, 'count_actions': 82}, {'action_type': 'Receiving', 'goals_added_raw': 0.0911, 'goals_added_above_avg': -0.0205, 'count_actions': 72}, {'action_type': 'Shooting', 'goals_added_raw': 0.014, 'goals_added_above_avg': -0.03, 'count_actions': 1}]"
NWMWlvPZ5l,pzeQZ6xQKw,CB,1003,"[{'action_type': 'Dribbling', 'goals_added_raw': 0.188, 'goals_added_above_avg': 0.1665, 'count_actions': 202}, {'action_type': 'Fouling', 'goals_added_raw': -0.0163, 'goals_added_above_avg': 0.0848, 'count_actions': 18}, {'action_type': 'Interrupting', 'goals_added_raw': 0.5318, 'goals_added_above_avg': -0.2547, 'count_actions': 91}, {'action_type': 'Passing', 'goals_added_raw': 0.6103, 'goals_added_above_avg': 0.0498, 'count_actions': 693}, {'action_type': 'Receiving', 'goals_added_raw': 0.3017, 'goals_added_above_avg': 0.0819, 'count_actions': 563}, {'action_type': 'Shooting', 'goals_added_raw': 0.1455, 'goals_added_above_avg': 0.0346, 'count_actions': 4}]"
NWMWoA1eMl,eVq3ya6MWO,AM,65,"[{'action_type': 'Dribbling', 'goals_added_raw': 0.0014, 'goals_added_above_avg': -0.0075, 'count_actions': 5}, {'action_type': 'Fouling', 'goals_added_raw': 0.0027, 'goals_added_above_avg': -0.0045, 'count_actions': 1}, {'action_type': 'Interrupting', 'goals_added_raw': 0.0589, 'goals_added_above_avg': 0.0295, 'count_actions': 7}, {'action_type': 'Passing', 'goals_added_raw': -0.012, 'goals_added_above_avg': -0.0342, 'count_actions': 24}, {'action_type': 'Receiving', 'goals_added_raw': 0.0607, 'goals_added_above_avg': -0.0042, 'count_actions': 20}, {'action_type': 'Shooting', 'goals_added_raw': 0.0598, 'goals_added_above_avg': 0.0257, 'count_actions': 2}]"
NWMWoG7LMl,jYQJ8EW5GR,CB,1304,"[{'action_type': 'Dribbling', 'goals_added_raw': 0.0452, 'goals_added_above_avg': 0.0132, 'count_actions': 148}, {'action_type': 'Fouling', 'goals_added_raw': 0.1876, 'goals_added_above_avg': 0.3141, 'count_actions': 24}, {'action_type': 'Interrupting', 'goals_added_raw': 1.1456, 'goals_added_above_avg': 0.1355, 'count_actions': 162}, {'action_type': 'Passing', 'goals_added_raw': 0.5177, 'goals_added_above_avg': -0.1958, 'count_actions': 706}, {'action_type': 'Receiving', 'goals_added_raw': 0.4402, 'goals_added_above_avg': 0.1513, 'count_actions': 563}, {'action_type': 'Shooting', 'goals_added_raw': 0.1348, 'goals_added_above_avg': -0.0111, 'count_actions': 9}]"
NWMWoN6KMl,19vQ2095K6,FB,819,"[{'action_type': 'Dribbling', 'goals_added_raw': 0.2072, 'goals_added_above_avg': 0.1401, 'count_actions': 150}, {'action_type': 'Fouling', 'goals_added_raw': 0.0223, 'goals_added_above_avg': 0.0473, 'count_actions': 16}, {'action_type': 'Interrupting', 'goals_added_raw': 0.1072, 'goals_added_above_avg': -0.4004, 'count_actions': 86}, {'action_type': 'Passing', 'goals_added_raw': 0.2494, 'goals_added_above_avg': -0.0323, 'count_actions': 481}, {'action_type': 'Receiving', 'goals_added_raw': 0.265, 'goals_added_above_avg': 0.0023, 'count_actions': 374}, {'action_type': 'Shooting', 'goals_added_raw': 0.1119, 'goals_added_above_avg': -0.0213, 'count_actions': 6}]"
NWMWoYveMl,WBLMvYAQxe,DM,101,"[{'action_type': 'Dribbling', 'goals_added_raw': -0.0544, 'goals_added_above_avg': -0.0652, 'count_actions': 12}, {'action_type': 'Fouling', 'goals_added_raw': -0.003, 'goals_added_above_avg': 0.0013, 'count_actions': 2}, {'action_type': 'Interrupting', 'goals_added_raw': -0.1177, 'goals_added_above_avg': -0.1946, 'count_actions': 10}, {'action_type': 'Passing', 'goals_added_raw': 0.0247, 'goals_added_above_avg': -0.0207, 'count_actions': 50}, {'action_type': 'Receiving', 'goals_added_raw': 0.0331, 'goals_added_above_avg': 0.0049, 'count_actions': 46}, {'action_type': 'Shooting', 'goals_added_raw': 0.0235, 'goals_added_above_avg': 0.0048, 'count_actions': 1}]"
Oa5w0DPWq1,9z5k7Yg5A3,FB,84,"[{'action_type': 'Dribbling', 'goals_added_raw': 0.0273, 'goals_added_above_avg': 0.0212, 'count_actions': 11}, {'action_type': 'Fouling', 'goals_added_raw': -0.0038, 'goals_added_above_avg': -0.0003, 'count_actions': 10}, {'action_type': 'Interrupting', 'goals_added_raw': 0.0481, 'goals_added_above_avg': -0.005, 'count_actions': 11}, {'action_type': 'Passing', 'goals_added_raw': 0.0653, 'goals_added_above_avg': 0.0341, 'count_actions': 29}, {'action_type': 'Receiving', 'goals_added_raw': 0.0352, 'goals_added_above_avg': 0.0135, 'count_actions': 19}, {'action_type': 'Shooting', 'goals_added_raw': 0.0121, 'goals_added_above_avg': 0.001, 'count_actions': 1}]"
Oa5w0LVXq1,jYQJ19EqGR,CB,35,"[{'action_type': 'Dribbling', 'goals_added_raw': 0.0059, 'goals_added_above_avg': 0.0052, 'count_actions': 2}, {'action_type': 'Fouling', 'goals_added_raw': 0, 'goals_added_above_avg': 0.0035, 'count_actions': 0}, {'action_type': 'Interrupting', 'goals_added_raw': -0.0296, 'goals_added_above_avg': -0.0571, 'count_actions': 3}, {'action_type': 'Passing', 'goals_added_raw': 0.0361, 'goals_added_above_avg': 0.0166, 'count_actions': 38}, {'action_type': 'Receiving', 'goals_added_raw': -0.0006, 'goals_added_above_avg': -0.0082, 'count_actions': 30}, {'action_type': 'Shooting', 'goals_added_raw': 0, 'goals_added_above_avg': -0.0039, 'count_actions': 0}]"
Oa5w0nABq1,KAqBN0Vqbg,CM,12,"[{'action_type': 'Dribbling', 'goals_added_raw': 0, 'goals_added_above_avg': -0.001, 'count_actions': 0}, {'action_type': 'Fouling', 'goals_added_raw': 0, 'goals_added_above_avg': 0.0001, 'count_actions': 0}, {'action_type': 'Interrupting', 'goals_added_raw': 0.216, 'goals_added_above_avg': 0.2079, 'count_actions': 1}, {'action_type': 'Passing', 'goals_added_raw': -0.0247, 'goals_added_above_avg': -0.0286, 'count_actions': 3}, {'action_type': 'Receiving', 'goals_added_raw': 0.0039, 'goals_added_above_avg': -0.0013, 'count_actions': 1}, {'action_type': 'Shooting', 'goals_added_raw': 0, 'goals_added_above_avg': -0.0031, 'count_actions': 0}]"
Oa5wAaRjQ1,Vj58weDM8n,ST,537,"[{'action_type': 'Dribbling', 'goals_added_raw': -0.1279, 'goals_added_above_avg': -0.1367, 'count_actions': 101}, {'action_type': 'Fouling', 'goals_added_raw': 0.0174, 'goals_added_above_avg': -0.0451, 'count_actions': 22}, {'action_type': 'Interrupting', 'goals_added_raw': 0.1473, 'goals_added_above_avg': -0.0717, 'count_actions': 21}, {'action_type': 'Passing', 'goals_added_raw': -0.4809, 'goals_added_above_avg': -0.4414, 'count_actions': 131}, {'action_type': 'Receiving', 'goals_added_raw': 1.2683, 'goals_added_above_avg': 0.459, 'count_actions': 148}, {'action_type': 'Shooting', 'goals_added_raw': 0.7308, 'goals_added_above_avg': 0.3968, 'count_actions': 23}]"
Oa5wAe74Q1,lgpMOvnQzy,W,993,"[{'action_type': 'Dribbling', 'goals_added_raw': 0.164, 'goals_added_above_avg': -0.0284, 'count_actions': 201}, {'action_type': 'Fouling', 'goals_added_raw': 0.0502, 'goals_added_above_avg': -0.0363, 'count_actions': 24}, {'action_type': 'Interrupting', 'goals_added_raw': 0.3443, 'goals_added_above_avg': -0.1325, 'count_actions': 70}, {'action_type': 'Passing', 'goals_added_raw': -0.1874, 'goals_added_above_avg': -0.213, 'count_actions': 310}, {'action_type': 'Receiving', 'goals_added_raw': 1.7609, 'goals_added_above_avg': 0.7361, 'count_actions': 306}, {'action_type': 'Shooting', 'goals_added_raw': 0.5689, 'goals_added_above_avg': 0.065, 'count_actions': 20}]"
Oa5wV0XXM1,kRQabn8MKZ,CB,1184,"[{'action_type': 'Dribbling', 'goals_added_raw': -0.0218, 'goals_added_above_avg': -0.0471, 'count_actions': 102}, {'action_type': 'Fouling', 'goals_added_raw': -0.0155, 'goals_added_above_avg': 0.1038, 'count_actions': 19}, {'action_type': 'Interrupting', 'goals_added_raw': 1.1251, 'goals_added_above_avg': 0.1968, 'count_actions': 128}, {'action_type': 'Passing', 'goals_added_raw': 0.2569, 'goals_added_above_avg': -0.4048, 'count_actions': 470}, {'action_type': 'Receiving', 'goals_added_raw': 0.3009, 'goals_added_above_avg': 0.0414, 'count_actions': 370}, {'action_type': 'Shooting', 'goals_added_raw': 0.1835, 'goals_added_above_avg': 0.0527, 'count_actions': 9}]"
Oa5wV17gM1,jYQJ8EW5GR,ST,1723,"[{'action_type': 'Dribbling', 'goals_added_raw': 1.0749, 'goals_added_above_avg': 1.1099, 'count_actions': 224}, {'action_type': 'Fouling', 'goals_added_raw': 0.3155, 'goals_added_above_avg': 0.126, 'count_actions': 21}, {'action_type': 'Interrupting', 'goals_added_raw': 0.5147, 'goals_added_above_avg': -0.2104, 'count_actions': 58}, {'action_type': 'Passing', 'goals_added_raw': 0.6408, 'goals_added_above_avg': 0.6352, 'count_actions': 688}, {'action_type': 'Receiving', 'goals_added_raw': 2.1437, 'goals_added_above_avg': -0.3799, 'count_actions': 593}, {'action_type': 'Shooting', 'goals_added_raw': 1.3781, 'goals_added_above_avg': 0.3427, 'count_actions': 58}]"
Oa5wVYvWM1,YgOMngl5wN,ST,1253,"[{'action_type': 'Dribbling', 'goals_added_raw': -0.2226, 'goals_added_above_avg': 0.0074, 'count_actions': 131}, {'action_type': 'Fouling', 'goals_added_raw': -0.048, 'goals_added_above_avg': -0.2178, 'count_actions': 32}, {'action_type': 'Interrupting', 'goals_added_raw': 0.1059, 'goals_added_above_avg': -0.3157, 'count_actions': 34}, {'action_type': 'Passing', 'goals_added_raw': -0.3275, 'goals_added_above_avg': 0.1347, 'count_actions': 248}, {'action_type': 'Receiving', 'goals_added_raw': 1.7068, 'goals_added_above_avg': -0.9342, 'count_actions': 255}, {'action_type': 'Shooting', 'goals_added_raw': 0.6267, 'goals_added_above_avg': -0.3081, 'count_actions': 24}]"
Oa5wVgVYM1,X0Oq66zq6D,ST,114,"[{'action_type': 'Dribbling', 'goals_added_raw': -0.1257, 'goals_added_above_avg': -0.1398, 'count_actions': 21}, {'action_type': 'Fouling', 'goals_added_raw': -0.003, 'goals_added_above_avg': -0.0147, 'count_actions': 1}, {'action_type': 'Interrupting', 'goals_added_raw': 0.0674, 'goals_added_above_avg': 0.0167, 'count_actions': 7}, {'action_type': 'Passing', 'goals_added_raw': -0.0958, 'goals_added_above_avg': -0.0881, 'count_actions': 30}, {'action_type': 'Receiving', 'goals_added_raw': 0.0732, 'goals_added_above_avg': -0.0727, 'count_actions': 30}, {'action_type': 'Shooting', 'goals_added_raw': 0.041, 'goals_added_above_avg': -0.0241, 'count_actions': 1}]"
Oa5wVmeYM1,a2lqR4JMr0,W,24,"[{'action_type': 'Dribbling', 'goals_added_raw': 0.004, 'goals_added_above_avg': -0.0008, 'count_actions': 5}, {'action_type': 'Fouling', 'goals_added_raw': -0.0035, 'goals_added_above_avg': -0.0058, 'count_actions': 1}, {'action_type': 'Interrupting', 'goals_added_raw': 0, 'goals_added_above_avg': -0.0113, 'count_actions': 0}, {'action_type': 'Passing', 'goals_added_raw': -0.0157, 'goals_added_above_avg': -0.0159, 'count_actions': 7}, {'action_type': 'Receiving', 'goals_added_raw': -0.0054, 'goals_added_above_avg': -0.0312, 'count_actions': 8}, {'action_type': 'Shooting', 'goals_added_raw': 0.0366, 'goals_added_above_avg': 0.024, 'count_actions': 1}]"
Oa5wVzeWM1,kRQabn8MKZ,AM,894,"[{'action_type': 'Dribbling', 'goals_added_raw': -0.0585, 'goals_added_above_avg': -0.1746, 'count_actions': 122}, {'action_type': 'Fouling', 'goals_added_raw': 0.0116, 'goals_added_above_avg': -0.051, 'count_actions': 22}, {'action_type': 'Interrupting', 'goals_added_raw': 0.502, 'goals_added_above_avg': 0.0285, 'count_actions': 62}, {'action_type': 'Passing', 'goals_added_raw': 0.492, 'goals_added_above_avg': 0.2099, 'count_actions': 363}, {'action_type': 'Receiving', 'goals_added_raw': 0.4758, 'goals_added_above_avg': -0.2584, 'count_actions': 294}, {'action_type': 'Shooting', 'goals_added_raw': 0.2651, 'goals_added_above_avg': -0.1254, 'count_actions': 11}]"
Oa5wY8RXQ1,vzqoOgNqap,ST,2308,"[{'action_type': 'Dribbling', 'goals_added_raw': 0.2975, 'goals_added_above_avg': 0.4597, 'count_actions': 375}, {'action_type': 'Fouling', 'goals_added_raw': 0.5317, 'goals_added_above_avg': 0.2505, 'count_actions': 48}, {'action_type': 'Interrupting', 'goals_added_raw': 0.362, 'goals_added_above_avg': -0.5314, 'count_actions': 69}, {'action_type': 'Passing', 'goals_added_raw': 0.1142, 'goals_added_above_avg': 0.3769, 'count_actions': 856}, {'action_type': 'Receiving', 'goals_added_raw': 2.8346, 'goals_added_above_avg': -1.0566, 'count_actions': 833}, {'action_type': 'Shooting', 'goals_added_raw': 2.0675, 'goals_added_above_avg': 0.5551, 'count_actions': 74}]"
Oa5wYLD9Q1,jYQJ8EW5GR,CB,1784,"[{'action_type': 'Dribbling', 'goals_added_raw': -0.0106, 'goals_added_above_avg': -0.0488, 'count_actions': 190}, {'action_type': 'Fouling', 'goals_added_raw': -0.5578, 'goals_added_above_avg': -0.378, 'count_actions': 15}, {'action_type': 'Interrupting', 'goals_added_raw': 1.2316, 'goals_added_above_avg': -0.1672, 'count_actions': 155}, {'action_type': 'Passing', 'goals_added_raw': 1.5427, 'goals_added_above_avg': 0.5458, 'count_actions': 1046}, {'action_type': 'Receiving', 'goals_added_raw': 0.0217, 'goals_added_above_avg': -0.3692, 'count_actions': 882}, {'action_type': 'Shooting', 'goals_added_raw': 0.0516, 'goals_added_above_avg': -0.1456, 'count_actions': 1}]"
Oa5wd2W9q1,zeQZBOzQKw,W,519,"[{'action_type': 'Dribbling', 'goals_added_raw': 0.1981, 'goals_added_above_avg': 0.1227, 'count_actions': 121}, {'action_type': 'Fouling', 'goals_added_raw': 0.0539, 'goals_added_above_avg': 0.0021, 'count_actions': 28}, {'action_type': 'Interrupting', 'goals_added_raw': 0.0122, 'goals_added_above_avg': -0.2228, 'count_actions': 11}, {'action_type': 'Passing', 'goals_added_raw': 0.1608, 'goals_added_above_avg': 0.1848, 'count_actions': 182}, {'action_type': 'Receiving', 'goals_added_raw': 1.041, 'goals_added_above_avg': 0.4075, 'count_actions': 214}, {'action_type': 'Shooting', 'goals_added_raw': 0.4285, 'goals_added_above_avg': 0.1387, 'count_actions': 15}]"
Oa5wd4DXq1,mKAqBBmqbg,W,955,"[{'action_type': 'Dribbling', 'goals_added_raw': 0.1383, 'goals_added_above_avg': 0.0216, 'count_actions': 147}, {'action_type': 'Fouling', 'goals_added_raw': 0.2568, 'goals_added_above_avg': 0.2342, 'count_actions': 24}, {'action_type': 'Interrupting', 'goals_added_raw': 0.6311, 'goals_added_above_avg': 0.0665, 'count_actions': 96}, {'action_type': 'Passing', 'goals_added_raw': -0.2572, 'goals_added_above_avg': -0.4961, 'count_actions': 351}, {'action_type': 'Receiving', 'goals_added_raw': 0.5458, 'goals_added_above_avg': -0.0651, 'count_actions': 283}, {'action_type': 'Shooting', 'goals_added_raw': 0.1484, 'goals_added_above_avg': -0.1714, 'count_actions': 10}]"
Oa5wdglAq1,NPqxKXZ59d,DM,3,"[{'action_type': 'Dribbling', 'goals_added_raw': 0.0028, 'goals_added_above_avg': 0.0025, 'count_actions': 2}, {'action_type': 'Fouling', 'goals_added_raw': 0, 'goals_added_above_avg': 0.0001, 'count_actions': 0}, {'action_type': 'Interrupting', 'goals_added_raw': 0, 'goals_added_above_avg': -0.0023, 'count_actions': 0}, {'action_type': 'Passing', 'goals_added_raw': -0.0129, 'goals_added_above_avg': -0.0142, 'count_actions': 7}, {'action_type': 'Receiving', 'goals_added_raw': 0.0004, 'goals_added_above_avg': -0.0005, 'count_actions': 5}, {'action_type': 'Shooting', 'goals_added_raw': 0, 'goals_added_above_avg': -0.0006, 'count_actions': 0}]"
Oa5wdol4q1,Vj58weDM8n,AM,118,"[{'action_type': 'Dribbling', 'goals_added_raw': -0.0304, 'goals_added_above_avg': -0.0442, 'count_actions': 20}, {'action_type': 'Fouling', 'goals_added_raw': -0.0042, 'goals_added_above_avg': -0.0087, 'count_actions': 2}, {'action_type': 'Interrupting', 'goals_added_raw': 0.0631, 'goals_added_above_avg': -0.0021, 'count_actions': 12}, {'action_type': 'Passing', 'goals_added_raw': -0.0131, 'goals_added_above_avg': -0.0477, 'count_actions': 52}, {'action_type': 'Receiving', 'goals_added_raw': 0.0052, 'goals_added_above_avg': -0.0739, 'count_actions': 43}, {'action_type': 'Shooting', 'goals_added_raw': 0.0278, 'goals_added_above_avg': -0.0135, 'count_actions': 1}]"
Oa5wdxN9q1,mKAqBBmqbg,CB,1708,"[{'action_type': 'Dribbling', 'goals_added_raw': -0.0207, 'goals_added_above_avg': -0.0789, 'count_actions': 130}, {'action_type': 'Fouling', 'goals_added_raw': -0.0822, 'goals_added_above_avg': 0.0643, 'count_actions': 35}, {'action_type': 'Interrupting', 'goals_added_raw': 1.7062, 'goals_added_above_avg': 0.4319, 'count_actions': 276}, {'action_type': 'Passing', 'goals_added_raw': 0.6145, 'goals_added_above_avg': -0.2603, 'count_actions': 746}, {'action_type': 'Receiving', 'goals_added_raw': 0.5358, 'goals_added_above_avg': 0.1449, 'count_actions': 520}, {'action_type': 'Shooting', 'goals_added_raw': 0.1539, 'goals_added_above_avg': -0.0442, 'count_actions': 6}]"
OlMl9jKy5L,wvq9B9wQWn,ST,282,"[{'action_type': 'Dribbling', 'goals_added_raw': 0.2342, 'goals_added_above_avg': 0.223, 'count_actions': 50}, {'action_type': 'Fouling', 'goals_added_raw': 0.0127, 'goals_added_above_avg': -0.0104, 'count_actions': 9}, {'action_type': 'Interrupting', 'goals_added_raw': -0.0554, 'goals_added_above_avg': -0.1923, 'count_actions': 22}, {'action_type': 'Passing', 'goals_added_raw': 0.1683, 'goals_added_above_avg': 0.1441, 'count_actions': 137}, {'action_type': 'Receiving', 'goals_added_raw': 0.4054, 'goals_added_above_avg': 0.077, 'count_actions': 128}, {'action_type': 'Shooting', 'goals_added_raw': 0.1825, 'goals_added_above_avg': 0.0382, 'count_actions': 7}]"
OlMl9zeE5L,YgOMngl5wN,FB,99,"[{'action_type': 'Dribbling', 'goals_added_raw': 0.0083, 'goals_added_above_avg': 0.0028, 'count_actions': 6}, {'action_type': 'Fouling', 'goals_added_raw': -0.0188, 'goals_added_above_avg': -0.0128, 'count_actions': 1}, {'action_type': 'Interrupting', 'goals_added_raw': 0.1523, 'goals_added_above_avg': 0.0847, 'count_actions': 10}, {'action_type': 'Passing', 'goals_added_raw': -0.025, 'goals_added_above_avg': -0.068, 'count_actions': 28}, {'action_type': 'Receiving', 'goals_added_raw': 0.0241, 'goals_added_above_avg': -0.0002, 'count_actions': 22}, {'action_type': 'Shooting', 'goals_added_raw': 0.027, 'goals_added_above_avg': 0.0147, 'count_actions': 1}]"
OlMlB6eAqL,eVq3ya6MWO,AM,104,"[{'action_type': 'Dribbling', 'goals_added_raw': 0.1719, 'goals_added_above_avg': 0.1574, 'count_actions': 28}, {'action_type': 'Fouling', 'goals_added_raw': -0.0083, 'goals_added_above_avg': -0.0163, 'count_actions': 4}, {'action_type': 'Interrupting', 'goals_added_raw': 0.0274, 'goals_added_above_avg': -0.0259, 'count_actions': 2}, {'action_type': 'Passing', 'goals_added_raw': 0.0789, 'goals_added_above_avg': 0.0525, 'count_actions': 58}, {'action_type': 'Receiving', 'goals_added_raw': 0.3603, 'goals_added_above_avg': 0.2692, 'count_actions': 55}, {'action_type': 'Shooting', 'goals_added_raw': 0.1014, 'goals_added_above_avg': 0.0538, 'count_actions': 4}]"
OlMlBKG4qL,vzqoOgNqap,W,1114,"[{'action_type': 'Dribbling', 'goals_added_raw': -0.0673, 'goals_added_above_avg': -0.2198, 'count_actions': 187}, {'action_type': 'Fouling', 'goals_added_raw': 0.0701, 'goals_added_above_avg': -0.0374, 'count_actions': 34}, {'action_type': 'Interrupting', 'goals_added_raw': 0.2019, 'goals_added_above_avg': -0.3117, 'count_actions': 54}, {'action_type': 'Passing', 'goals_added_raw': -0.3468, 'goals_added_above_avg': -0.3479, 'count_actions': 288}, {'action_type': 'Receiving', 'goals_added_raw': 0.6614, 'goals_added_above_avg': -0.6511, 'count_actions': 288}, {'action_type': 'Shooting', 'goals_added_raw': 0.4463, 'goals_added_above_avg': -0.1601, 'count_actions': 17}]"
OlMlBVn0qL,kRQand1MKZ,ST,398,"[{'action_type': 'Dribbling', 'goals_added_raw': -0.1624, 'goals_added_above_avg': -0.1046, 'count_actions': 42}, {'action_type': 'Fouling', 'goals_added_raw': 0.0112, 'goals_added_above_avg': -0.0347, 'count_actions': 5}, {'action_type': 'Interrupting', 'goals_added_raw': 0.0448, 'goals_added_above_avg': -0.1084, 'count_actions': 8}, {'action_type': 'Passing', 'goals_added_raw': -0.2088, 'goals_added_above_avg': -0.1014, 'count_actions': 77}, {'action_type': 'Receiving', 'goals_added_raw': 0.6573, 'goals_added_above_avg': -0.0864, 'count_actions': 84}, {'action_type': 'Shooting', 'goals_added_raw': 0.2979, 'goals_added_above_avg': 0.0288, 'count_actions': 11}]"
OlMlBalgqL,a2lqRX2Mr0,FB,209,"[{'action_type': 'Dribbling', 'goals_added_raw': 0.1245, 'goals_added_above_avg': 0.1094, 'count_actions': 44}, {'action_type': 'Fouling', 'goals_added_raw': 0.022, 'goals_added_above_avg': 0.0305, 'count_actions': 12}, {'action_type': 'Interrupting', 'goals_added_raw': 0.2636, 'goals_added_above_avg': 0.1315, 'count_actions': 29}, {'action_type': 'Passing', 'goals_added_raw': 0.0645, 'goals_added_above_avg': -0.0133, 'count_actions': 156}, {'action_type': 'Receiving', 'goals_added_raw': 0.0371, 'goals_added_above_avg': -0.0168, 'count_actions': 122}, {'action_type': 'Shooting', 'goals_added_raw': 0.1025, 'goals_added_above_avg': 0.0749, 'count_actions': 5}]"
OlMlBn1yqL,vzqoOgNqap,W,923,"[{'action_type': 'Dribbling', 'goals_added_raw': 0.0908, 'goals_added_above_avg': 0.0281, 'count_actions': 113}, {'action_type': 'Fouling', 'goals_added_raw': 0.1643, 'goals_added_above_avg': 0.0638, 'count_actions': 40}, {'action_type': 'Interrupting', 'goals_added_raw': 0.9656, 'goals_added_above_avg': 0.5728, 'count_actions': 39}, {'action_type': 'Passing', 'goals_added_raw': 0.0583, 'goals_added_above_avg': 0.1466, 'count_actions': 175}, {'action_type': 'Receiving', 'goals_added_raw': 0.7085, 'goals_added_above_avg': -0.5955, 'count_actions': 208}, {'action_type': 'Shooting', 'goals_added_raw': 0.6464, 'goals_added_above_avg': 0.0927, 'count_actions': 24}]"
OlMleNXN5L,Z2vQ1xlqrA,FB,674,"[{'action_type': 'Dribbling', 'goals_added_raw': 0.0837, 'goals_added_above_avg': 0.0351, 'count_actions': 112}, {'action_type': 'Fouling', 'goals_added_raw': -0.2031, 'goals_added_above_avg': -0.1756, 'count_actions': 9}, {'action_type': 'Interrupting', 'goals_added_raw': 0.0837, 'goals_added_above_avg': -0.3422, 'count_actions': 77}, {'action_type': 'Passing', 'goals_added_raw': 0.1777, 'goals_added_above_avg': -0.0731, 'count_actions': 364}, {'action_type': 'Receiving', 'goals_added_raw': 0.165, 'goals_added_above_avg': -0.0089, 'count_actions': 260}, {'action_type': 'Shooting', 'goals_added_raw': 0.0926, 'goals_added_above_avg': 0.0034, 'count_actions': 4}]"
OlMleWzR5L,"['wvq9B9wQWn', 'pzeQZ6xQKw']",ST,2456,"[{'action_type': 'Dribbling', 'goals_added_raw': 0.7944, 'goals_added_above_avg': 1.2138, 'count_actions': 390}, {'action_type': 'Fouling', 'goals_added_raw': 0.6893, 'goals_added_above_avg': 0.3588, 'count_actions': 114}, {'action_type': 'Interrupting', 'goals_added_raw': 0.7254, 'goals_added_above_avg': -0.1125, 'count_actions': 108}, {'action_type': 'Passing', 'goals_added_raw': -0.7002, 'goals_added_above_avg': 0.136, 'count_actions': 562}, {'action_type': 'Receiving', 'goals_added_raw': 3.6345, 'goals_added_above_avg': -1.4332, 'count_actions': 651}, {'action_type': 'Shooting', 'goals_added_raw': 2.1559, 'goals_added_above_avg': 0.3454, 'count_actions': 75}]"
OlMlegLA5L,kaDQ0wRqEv,FB,821,"[{'action_type': 'Dribbling', 'goals_added_raw': 0.1357, 'goals_added_above_avg': 0.0677, 'count_actions': 110}, {'action_type': 'Fouling', 'goals_added_raw': 0.0325, 'goals_added_above_avg': 0.0568, 'count_actions': 21}, {'action_type': 'Interrupting', 'goals_added_raw': 0.3719, 'goals_added_above_avg': -0.136, 'count_actions': 74}, {'action_type': 'Passing', 'goals_added_raw': -0.0327, 'goals_added_above_avg': -0.3132, 'count_actions': 495}, {'action_type': 'Receiving', 'goals_added_raw': 0.3023, 'goals_added_above_avg': 0.0347, 'count_actions': 368}, {'action_type': 'Shooting', 'goals_added_raw': 0.1364, 'goals_added_above_avg': 0.0007, 'count_actions': 5}]"
OlMlezzg5L,wvq9B9wQWn,CB,1249,"[{'action_type': 'Dribbling', 'goals_added_raw': -0.0221, 'goals_added_above_avg': -0.0553, 'count_actions': 140}, {'action_type': 'Fouling', 'goals_added_raw': -0.043, 'goals_added_above_avg': 0.0741, 'count_actions': 29}, {'action_type': 'Interrupting', 'goals_added_raw': 0.0239, 'goals_added_above_avg': -0.9406, 'count_actions': 204}, {'action_type': 'Passing', 'goals_added_raw': 0.6628, 'goals_added_above_avg': -0.0113, 'count_actions': 740}, {'action_type': 'Receiving', 'goals_added_raw': 0.4491, 'goals_added_above_avg': 0.161, 'count_actions': 597}, {'action_type': 'Shooting', 'goals_added_raw': 0.2234, 'goals_added_above_avg': 0.0757, 'count_actions': 6}]"
OlMlkNP0QL,Z2vQ1xlqrA,CM,743,"[{'action_type': 'Dribbling', 'goals_added_raw': 0.0731, 'goals_added_above_avg': 0.0158, 'count_actions': 108}, {'action_type': 'Fouling', 'goals_added_raw': -0.1002, 'goals_added_above_avg': -0.1093, 'count_actions': 29}, {'action_type': 'Interrupting', 'goals_added_raw': 0.1665, 'goals_added_above_avg': -0.2852, 'count_actions': 74}, {'action_type': 'Passing', 'goals_added_raw': -0.0172, 'goals_added_above_avg': -0.2483, 'count_actions': 303}, {'action_type': 'Receiving', 'goals_added_raw': 0.0849, 'goals_added_above_avg': -0.3541, 'count_actions': 246}, {'action_type': 'Shooting', 'goals_added_raw': 0.0477, 'goals_added_above_avg': -0.1754, 'count_actions': 2}]"
OlMlkkvPQL,9z5k7Yg5A3,ST,124,"[{'action_type': 'Dribbling', 'goals_added_raw': -0.0847, 'goals_added_above_avg': -0.0619, 'count_actions': 10}, {'action_type': 'Fouling', 'goals_added_raw': 0.2414, 'goals_added_above_avg': 0.2246, 'count_actions': 4}, {'action_type': 'Interrupting', 'goals_added_raw': 0.2373, 'goals_added_above_avg': 0.1955, 'count_actions': 6}, {'action_type': 'Passing', 'goals_added_raw': -0.015, 'goals_added_above_avg': 0.0307, 'count_actions': 16}, {'action_type': 'Receiving', 'goals_added_raw': 0.0712, 'goals_added_above_avg': -0.1902, 'count_actions': 14}, {'action_type': 'Shooting', 'goals_added_raw': 0.1202, 'goals_added_above_avg': 0.0277, 'count_actions': 2}]"
OlMlnxlDqL,lgpMOvnQzy,CB,2277,"[{'action_type': 'Dribbling', 'goals_added_raw': 0.3413, 'goals_added_above_avg': 0.2925, 'count_actions': 470}, {'action_type': 'Fouling', 'goals_added_raw': -0.1937, 'goals_added_above_avg': 0.0358, 'count_actions': 43}, {'action_type': 'Interrupting', 'goals_added_raw': 0.324, 'goals_added_above_avg': -1.4614, 'count_actions': 246}, {'action_type': 'Passing', 'goals_added_raw': 2.2695, 'goals_added_above_avg': 0.997, 'count_actions': 1728}, {'action_type': 'Receiving', 'goals_added_raw': 0.5796, 'goals_added_above_avg': 0.0806, 'count_actions': 1420}, {'action_type': 'Shooting', 'goals_added_raw': 0.595, 'goals_added_above_avg': 0.3433, 'count_actions': 17}]"
OlMlonPQLz,kaDQ0wRqEv,ST,1929,"[{'action_type': 'Dribbling', 'goals_added_raw': -0.1306, 'goals_added_above_avg': -0.0907, 'count_actions': 260}, {'action_type': 'Fouling', 'goals_added_raw': 0.0474, 'goals_added_above_avg': -0.1406, 'count_actions': 31}, {'action_type': 'Interrupting', 'goals_added_raw': 0.6712, 'goals_added_above_avg': -0.1884, 'count_actions': 65}, {'action_type': 'Passing', 'goals_added_raw': 0.7008, 'goals_added_above_avg': 0.677, 'count_actions': 880}, {'action_type': 'Receiving', 'goals_added_raw': 2.4011, 'goals_added_above_avg': -0.279, 'count_actions': 722}, {'action_type': 'Shooting', 'goals_added_raw': 0.8141, 'goals_added_above_avg': -0.2857, 'count_actions': 36}]"
Pk5L6BzZQO,zeQZkL1MKw,CB,1762,"[{'action_type': 'Dribbling', 'goals_added_raw': 0.2575, 'goals_added_above_avg': 0.2198, 'count_actions': 318}, {'action_type': 'Fouling', 'goals_added_raw': -0.1218, 'goals_added_above_avg': 0.0558, 'count_actions': 27}, {'action_type': 'Interrupting', 'goals_added_raw': 1.3186, 'goals_added_above_avg': -0.063, 'count_actions': 213}, {'action_type': 'Passing', 'goals_added_raw': 1.0291, 'goals_added_above_avg': 0.0444, 'count_actions': 1214}, {'action_type': 'Receiving', 'goals_added_raw': 0.2556, 'goals_added_above_avg': -0.1305, 'count_actions': 1034}, {'action_type': 'Shooting', 'goals_added_raw': 0.1662, 'goals_added_above_avg': -0.0285, 'count_actions': 9}]"
Pk5L6k6PQO,APk5LGOMOW,W,138,"[{'action_type': 'Dribbling', 'goals_added_raw': -0.0312, 'goals_added_above_avg': -0.0588, 'count_actions': 31}, {'action_type': 'Fouling', 'goals_added_raw': -0.0032, 'goals_added_above_avg': -0.0161, 'count_actions': 6}, {'action_type': 'Interrupting', 'goals_added_raw': 0.0138, 'goals_added_above_avg': -0.0513, 'count_actions': 2}, {'action_type': 'Passing', 'goals_added_raw': -0.0588, 'goals_added_above_avg': -0.0599, 'count_actions': 40}, {'action_type': 'Receiving', 'goals_added_raw': 0.0609, 'goals_added_above_avg': -0.0872, 'count_actions': 39}, {'action_type': 'Shooting', 'goals_added_raw': 0.1212, 'goals_added_above_avg': 0.0485, 'count_actions': 2}]"
Pk5L6klYQO,mvzqoLZQap,W,183,"[{'action_type': 'Dribbling', 'goals_added_raw': -0.0266, 'goals_added_above_avg': -0.0445, 'count_actions': 29}, {'action_type': 'Fouling', 'goals_added_raw': 0.0008, 'goals_added_above_avg': -0.013, 'count_actions': 1}, {'action_type': 'Interrupting', 'goals_added_raw': 0.1158, 'goals_added_above_avg': 0.0285, 'count_actions': 12}, {'action_type': 'Passing', 'goals_added_raw': -0.1875, 'goals_added_above_avg': -0.1885, 'count_actions': 75}, {'action_type': 'Receiving', 'goals_added_raw': 0.1263, 'goals_added_above_avg': -0.078, 'count_actions': 61}, {'action_type': 'Shooting', 'goals_added_raw': 0.018, 'goals_added_above_avg': -0.0721, 'count_actions': 2}]"
Pk5L6rDPQO,"['zeQZkL1MKw', 'a2lqRX2Mr0']",DM,352,"[{'action_type': 'Dribbling', 'goals_added_raw': -0.0114, 'goals_added_above_avg': -0.043, 'count_actions': 46}, {'action_type': 'Fouling', 'goals_added_raw': 0.1779, 'goals_added_above_avg': 0.1712, 'count_actions': 14}, {'action_type': 'Interrupting', 'goals_added_raw': 0.0588, 'goals_added_above_avg': -0.1534, 'count_actions': 27}, {'action_type': 'Passing', 'goals_added_raw': -0.0797, 'goals_added_above_avg': -0.167, 'count_actions': 162}, {'action_type': 'Receiving', 'goals_added_raw': 0.1511, 'goals_added_above_avg': -0.088, 'count_actions': 149}, {'action_type': 'Shooting', 'goals_added_raw': 0.047, 'goals_added_above_avg': -0.07, 'count_actions': 2}]"
Pk5LZEgGQO,EKXMeX3Q64,CM,489,"[{'action_type': 'Dribbling', 'goals_added_raw': -0.1316, 'goals_added_above_avg': -0.1754, 'count_actions': 49}, {'action_type': 'Fouling', 'goals_added_raw': -0.2608, 'goals_added_above_avg': -0.2672, 'count_actions': 23}, {'action_type': 'Interrupting', 'goals_added_raw': 0.5329, 'goals_added_above_avg': 0.2301, 'count_actions': 67}, {'action_type': 'Passing', 'goals_added_raw': -0.0342, 'goals_added_above_avg': -0.1519, 'count_actions': 144}, {'action_type': 'Receiving', 'goals_added_raw': 0.0844, 'goals_added_above_avg': -0.2163, 'count_actions': 102}, {'action_type': 'Shooting', 'goals_added_raw': 0.0823, 'goals_added_above_avg': -0.0717, 'count_actions': 4}]"
Pk5Le0VDqO,eVq3ya6MWO,FB,456,"[{'action_type': 'Dribbling', 'goals_added_raw': -0.1045, 'goals_added_above_avg': -0.1374, 'count_actions': 69}, {'action_type': 'Fouling', 'goals_added_raw': -0.0647, 'goals_added_above_avg': -0.0461, 'count_actions': 22}, {'action_type': 'Interrupting', 'goals_added_raw': 0.2774, 'goals_added_above_avg': -0.0108, 'count_actions': 34}, {'action_type': 'Passing', 'goals_added_raw': -0.0016, 'goals_added_above_avg': -0.1713, 'count_actions': 247}, {'action_type': 'Receiving', 'goals_added_raw': 0.2902, 'goals_added_above_avg': 0.1726, 'count_actions': 219}, {'action_type': 'Shooting', 'goals_added_raw': 0.1664, 'goals_added_above_avg': 0.1061, 'count_actions': 7}]"
Pk5Le6BPqO,jYQJ19EqGR,CB,808,"[{'action_type': 'Dribbling', 'goals_added_raw': 0.0894, 'goals_added_above_avg': 0.061, 'count_actions': 102}, {'action_type': 'Fouling', 'goals_added_raw': -0.0769, 'goals_added_above_avg': -0.0099, 'count_actions': 9}, {'action_type': 'Interrupting', 'goals_added_raw': 0.9139, 'goals_added_above_avg': 0.3081, 'count_actions': 89}, {'action_type': 'Passing', 'goals_added_raw': 0.2848, 'goals_added_above_avg': -0.1258, 'count_actions': 418}, {'action_type': 'Receiving', 'goals_added_raw': -0.0008, 'goals_added_above_avg': -0.1975, 'count_actions': 363}, {'action_type': 'Shooting', 'goals_added_raw': 0.0699, 'goals_added_above_avg': -0.0322, 'count_actions': 2}]"
Pk5LeDgmqO,YgOMngl5wN,W,2323,"[{'action_type': 'Dribbling', 'goals_added_raw': 0.9039, 'goals_added_above_avg': 0.5688, 'count_actions': 467}, {'action_type': 'Fouling', 'goals_added_raw': 0.1144, 'goals_added_above_avg': -0.1205, 'count_actions': 55}, {'action_type': 'Interrupting', 'goals_added_raw': 0.7569, 'goals_added_above_avg': -0.2947, 'count_actions': 110}, {'action_type': 'Passing', 'goals_added_raw': -1.0949, 'goals_added_above_avg': -1.1001, 'count_actions': 692}, {'action_type': 'Receiving', 'goals_added_raw': 2.839, 'goals_added_above_avg': 0.0678, 'count_actions': 749}, {'action_type': 'Shooting', 'goals_added_raw': 1.7949, 'goals_added_above_avg': 0.5079, 'count_actions': 76}]"
Pk5LeG0YqO,9z5k7Yg5A3,W,365,"[{'action_type': 'Dribbling', 'goals_added_raw': 0.4987, 'goals_added_above_avg': 0.4322, 'count_actions': 92}, {'action_type': 'Fouling', 'goals_added_raw': 0.3007, 'goals_added_above_avg': 0.2695, 'count_actions': 4}, {'action_type': 'Interrupting', 'goals_added_raw': 0.0781, 'goals_added_above_avg': -0.1009, 'count_actions': 28}, {'action_type': 'Passing', 'goals_added_raw': 0.2261, 'goals_added_above_avg': 0.1996, 'count_actions': 170}, {'action_type': 'Receiving', 'goals_added_raw': 0.4423, 'goals_added_above_avg': 0.0768, 'count_actions': 160}, {'action_type': 'Shooting', 'goals_added_raw': 0.4, 'goals_added_above_avg': 0.2176, 'count_actions': 18}]"
Pk5LeYlNqO,EKXMeX3Q64,FB,63,"[{'action_type': 'Dribbling', 'goals_added_raw': 0.0191, 'goals_added_above_avg': 0.0123, 'count_actions': 6}, {'action_type': 'Fouling', 'goals_added_raw': -0.0333, 'goals_added_above_avg': -0.0334, 'count_actions': 3}, {'action_type': 'Interrupting', 'goals_added_raw': 0.0407, 'goals_added_above_avg': 0.0027, 'count_actions': 7}, {'action_type': 'Passing', 'goals_added_raw': 0.0253, 'goals_added_above_avg': 0.0084, 'count_actions': 22}, {'action_type': 'Receiving', 'goals_added_raw': 0.0245, 'goals_added_above_avg': -0.0073, 'count_actions': 12}, {'action_type': 'Shooting', 'goals_added_raw': 0, 'goals_added_above_avg': -0.0165, 'count_actions': 0}]"
Pk5LgPOmMO,Z2vQ1xlqrA,CB,893,"[{'action_type': 'Dribbling', 'goals_added_raw': 0.0689, 'goals_added_above_avg': 0.0498, 'count_actions': 125}, {'action_type': 'Fouling', 'goals_added_raw': -0.2176, 'goals_added_above_avg': -0.1276, 'count_actions': 13}, {'action_type': 'Interrupting', 'goals_added_raw': 1.9589, 'goals_added_above_avg': 1.2587, 'count_actions': 108}, {'action_type': 'Passing', 'goals_added_raw': 0.3972, 'goals_added_above_avg': -0.1018, 'count_actions': 452}, {'action_type': 'Receiving', 'goals_added_raw': 0.3102, 'goals_added_above_avg': 0.1145, 'count_actions': 362}, {'action_type': 'Shooting', 'goals_added_raw': 0.0787, 'goals_added_above_avg': -0.02, 'count_actions': 3}]"
Pk5LggA7MO,gpMOLwl5zy,CB,1902,"[{'action_type': 'Dribbling', 'goals_added_raw': 0.037, 'goals_added_above_avg': -0.0037, 'count_actions': 188}, {'action_type': 'Fouling', 'goals_added_raw': -0.0374, 'goals_added_above_avg': 0.1542, 'count_actions': 25}, {'action_type': 'Interrupting', 'goals_added_raw': 0.7342, 'goals_added_above_avg': -0.7571, 'count_actions': 208}, {'action_type': 'Passing', 'goals_added_raw': 0.8721, 'goals_added_above_avg': -0.1907, 'count_actions': 1000}, {'action_type': 'Receiving', 'goals_added_raw': 0.2746, 'goals_added_above_avg': -0.1422, 'count_actions': 845}, {'action_type': 'Shooting', 'goals_added_raw': 0.1306, 'goals_added_above_avg': -0.0796, 'count_actions': 5}]"
Pk5Lggy7MO,gpMOLwl5zy,ST,1771,"[{'action_type': 'Dribbling', 'goals_added_raw': -0.4893, 'goals_added_above_avg': -0.3844, 'count_actions': 181}, {'action_type': 'Fouling', 'goals_added_raw': 0.0723, 'goals_added_above_avg': -0.1447, 'count_actions': 41}, {'action_type': 'Interrupting', 'goals_added_raw': 0.7737, 'goals_added_above_avg': 0.0996, 'count_actions': 63}, {'action_type': 'Passing', 'goals_added_raw': -1.298, 'goals_added_above_avg': -0.8999, 'count_actions': 382}, {'action_type': 'Receiving', 'goals_added_raw': 2.3586, 'goals_added_above_avg': -0.756, 'count_actions': 364}, {'action_type': 'Shooting', 'goals_added_raw': 1.1911, 'goals_added_above_avg': -0.0005, 'count_actions': 45}]"
Vj583wA4M8,pzeQZ6xQKw,ST,29,"[{'action_type': 'Dribbling', 'goals_added_raw': 0.0709, 'goals_added_above_avg': 0.0726, 'count_actions': 4}, {'action_type': 'Fouling', 'goals_added_raw': 0, 'goals_added_above_avg': -0.0014, 'count_actions': 0}, {'action_type': 'Interrupting', 'goals_added_raw': 0, 'goals_added_above_avg': -0.014, 'count_actions': 0}, {'action_type': 'Passing', 'goals_added_raw': -0.016, 'goals_added_above_avg': -0.016, 'count_actions': 6}, {'action_type': 'Receiving', 'goals_added_raw': 0.0352, 'goals_added_above_avg': 0.0009, 'count_actions': 7}, {'action_type': 'Shooting', 'goals_added_raw': 0.0015, 'goals_added_above_avg': -0.0112, 'count_actions': 1}]"
Vj58WEKLM8,Z2vQ1xlqrA,FB,1178,"[{'action_type': 'Dribbling', 'goals_added_raw': -0.0526, 'goals_added_above_avg': -0.1543, 'count_actions': 189}, {'action_type': 'Fouling', 'goals_added_raw': 0.0121, 'goals_added_above_avg': 0.0425, 'count_actions': 27}, {'action_type': 'Interrupting', 'goals_added_raw': 0.551, 'goals_added_above_avg': -0.1725, 'count_actions': 139}, {'action_type': 'Passing', 'goals_added_raw': -0.0625, 'goals_added_above_avg': -0.4531, 'count_actions': 519}, {'action_type': 'Receiving', 'goals_added_raw': 0.0976, 'goals_added_above_avg': -0.313, 'count_actions': 390}, {'action_type': 'Shooting', 'goals_added_raw': 0.156, 'goals_added_above_avg': -0.0516, 'count_actions': 7}]"
Vj58WXb2M8,9z5k7Yg5A3,FB,71,"[{'action_type': 'Dribbling', 'goals_added_raw': -0.0091, 'goals_added_above_avg': -0.0143, 'count_actions': 8}, {'action_type': 'Fouling', 'goals_added_raw': 0, 'goals_added_above_avg': 0.0029, 'count_actions': 0}, {'action_type': 'Interrupting', 'goals_added_raw': 0.1048, 'goals_added_above_avg': 0.0599, 'count_actions': 9}, {'action_type': 'Passing', 'goals_added_raw': 0.0459, 'goals_added_above_avg': 0.0195, 'count_actions': 38}, {'action_type': 'Receiving', 'goals_added_raw': 0.0089, 'goals_added_above_avg': -0.0094, 'count_actions': 27}, {'action_type': 'Shooting', 'goals_added_raw': 0, 'goals_added_above_avg': -0.0094, 'count_actions': 0}]"
Vj58Wlp4M8,X0Oq66zq6D,CM,64,"[{'action_type': 'Dribbling', 'goals_added_raw': 0.0115, 'goals_added_above_avg': 0.006, 'count_actions': 3}, {'action_type': 'Fouling', 'goals_added_raw': -0.0086, 'goals_added_above_avg': -0.0081, 'count_actions': 3}, {'action_type': 'Interrupting', 'goals_added_raw': 0.0036, 'goals_added_above_avg': -0.0396, 'count_actions': 5}, {'action_type': 'Passing', 'goals_added_raw': 0.0034, 'goals_added_above_avg': -0.0174, 'count_actions': 16}, {'action_type': 'Receiving', 'goals_added_raw': 0.0041, 'goals_added_above_avg': -0.0237, 'count_actions': 13}, {'action_type': 'Shooting', 'goals_added_raw': 0, 'goals_added_above_avg': -0.0165, 'count_actions': 0}]"
Vj58aBe8q8,wvq9B9wQWn,CB,379,"[{'action_type': 'Dribbling', 'goals_added_raw': 0.0646, 'goals_added_above_avg': 0.048, 'count_actions': 46}, {'action_type': 'Fouling', 'goals_added_raw': 0.0005, 'goals_added_above_avg': 0.0269, 'count_actions': 7}, {'action_type': 'Interrupting', 'goals_added_raw': 0.5258, 'goals_added_above_avg': 0.2462, 'count_actions': 75}, {'action_type': 'Passing', 'goals_added_raw': 0.1726, 'goals_added_above_avg': -0.0081, 'count_actions': 207}, {'action_type': 'Receiving', 'goals_added_raw': 0.1818, 'goals_added_above_avg': 0.0766, 'count_actions': 175}, {'action_type': 'Shooting', 'goals_added_raw': 0.0915, 'goals_added_above_avg': 0.0346, 'count_actions': 3}]"
Vj58l1ZD58,a2lqR4JMr0,CB,605,"[{'action_type': 'Dribbling', 'goals_added_raw': -0.085, 'goals_added_above_avg': -0.098, 'count_actions': 100}, {'action_type': 'Fouling', 'goals_added_raw': -0.0142, 'goals_added_above_avg': 0.0468, 'count_actions': 12}, {'action_type': 'Interrupting', 'goals_added_raw': -0.1376, 'goals_added_above_avg': -0.612, 'count_actions': 72}, {'action_type': 'Passing', 'goals_added_raw': 0.3301, 'goals_added_above_avg': -0.008, 'count_actions': 356}, {'action_type': 'Receiving', 'goals_added_raw': 0.0932, 'goals_added_above_avg': -0.0394, 'count_actions': 289}, {'action_type': 'Shooting', 'goals_added_raw': 0.0008, 'goals_added_above_avg': -0.0661, 'count_actions': 1}]"
Vj58lAnw58,KAqBN0Vqbg,CM,1800,"[{'action_type': 'Dribbling', 'goals_added_raw': 0.0866, 'goals_added_above_avg': -0.0827, 'count_actions': 185}, {'action_type': 'Fouling', 'goals_added_raw': -0.0805, 'goals_added_above_avg': -0.0828, 'count_actions': 48}, {'action_type': 'Interrupting', 'goals_added_raw': 0.4229, 'goals_added_above_avg': -0.7643, 'count_actions': 122}, {'action_type': 'Passing', 'goals_added_raw': 0.0681, 'goals_added_above_avg': -0.5013, 'count_actions': 793}, {'action_type': 'Receiving', 'goals_added_raw': 0.8162, 'goals_added_above_avg': -0.0499, 'count_actions': 691}, {'action_type': 'Shooting', 'goals_added_raw': 0.3944, 'goals_added_above_avg': -0.1076, 'count_actions': 17}]"
Vj58lXp258,kRQand1MKZ,CB,792,"[{'action_type': 'Dribbling', 'goals_added_raw': 0.0266, 'goals_added_above_avg': 0.0096, 'count_actions': 55}, {'action_type': 'Fouling', 'goals_added_raw': -0.0055, 'goals_added_above_avg': 0.0743, 'count_actions': 14}, {'action_type': 'Interrupting', 'goals_added_raw': 1.2051, 'goals_added_above_avg': 0.5841, 'count_actions': 93}, {'action_type': 'Passing', 'goals_added_raw': -0.1176, 'goals_added_above_avg': -0.5602, 'count_actions': 355}, {'action_type': 'Receiving', 'goals_added_raw': 0.0663, 'goals_added_above_avg': -0.1072, 'count_actions': 262}, {'action_type': 'Shooting', 'goals_added_raw': 0.0585, 'goals_added_above_avg': -0.029, 'count_actions': 4}]"
Vj58lrom58,a2lqRX2Mr0,W,378,"[{'action_type': 'Dribbling', 'goals_added_raw': 0.1278, 'goals_added_above_avg': 0.0522, 'count_actions': 70}, {'action_type': 'Fouling', 'goals_added_raw': -0.022, 'goals_added_above_avg': -0.0575, 'count_actions': 8}, {'action_type': 'Interrupting', 'goals_added_raw': 0.1709, 'goals_added_above_avg': -0.0076, 'count_actions': 29}, {'action_type': 'Passing', 'goals_added_raw': 0.1901, 'goals_added_above_avg': 0.1873, 'count_actions': 152}, {'action_type': 'Receiving', 'goals_added_raw': 0.2107, 'goals_added_above_avg': -0.1948, 'count_actions': 135}, {'action_type': 'Shooting', 'goals_added_raw': 0.0891, 'goals_added_above_avg': -0.1102, 'count_actions': 6}]"
Vj58w7RmM8,jYQJ19EqGR,CB,1346,"[{'action_type': 'Dribbling', 'goals_added_raw': 0.2119, 'goals_added_above_avg': 0.1584, 'count_actions': 217}, {'action_type': 'Fouling', 'goals_added_raw': -0.0177, 'goals_added_above_avg': 0.0637, 'count_actions': 25}, {'action_type': 'Interrupting', 'goals_added_raw': 0.7558, 'goals_added_above_avg': -0.2149, 'count_actions': 166}, {'action_type': 'Passing', 'goals_added_raw': 0.822, 'goals_added_above_avg': 0.2329, 'count_actions': 949}, {'action_type': 'Receiving', 'goals_added_raw': 0.0516, 'goals_added_above_avg': -0.4677, 'count_actions': 750}, {'action_type': 'Shooting', 'goals_added_raw': 0.1067, 'goals_added_above_avg': -0.1406, 'count_actions': 8}]"
XVqK2BL050,lgpMOvnQzy,W,49,"[{'action_type': 'Dribbling', 'goals_added_raw': -0.0014, 'goals_added_above_avg': -0.0082, 'count_actions': 10}, {'action_type': 'Fouling', 'goals_added_raw': 0.0121, 'goals_added_above_avg': 0.0119, 'count_actions': 1}, {'action_type': 'Interrupting', 'goals_added_raw': 0.0408, 'goals_added_above_avg': 0.0082, 'count_actions': 5}, {'action_type': 'Passing', 'goals_added_raw': 0.0301, 'goals_added_above_avg': 0.0153, 'count_actions': 15}, {'action_type': 'Receiving', 'goals_added_raw': 0.0373, 'goals_added_above_avg': 0.0107, 'count_actions': 17}, {'action_type': 'Shooting', 'goals_added_raw': 0.0342, 'goals_added_above_avg': 0.0196, 'count_actions': 2}]"
XVqK2D6R50,jYQJ19EqGR,DM,160,"[{'action_type': 'Dribbling', 'goals_added_raw': 0.0291, 'goals_added_above_avg': 0.0097, 'count_actions': 28}, {'action_type': 'Fouling', 'goals_added_raw': 0.0047, 'goals_added_above_avg': -0.0007, 'count_actions': 4}, {'action_type': 'Interrupting', 'goals_added_raw': 0.029, 'goals_added_above_avg': -0.068, 'count_actions': 15}, {'action_type': 'Passing', 'goals_added_raw': 0.0753, 'goals_added_above_avg': 0.012, 'count_actions': 106}, {'action_type': 'Receiving', 'goals_added_raw': 0.0707, 'goals_added_above_avg': -0.0316, 'count_actions': 94}, {'action_type': 'Shooting', 'goals_added_raw': 0.1006, 'goals_added_above_avg': 0.0439, 'count_actions': 5}]"
XVqK2P7B50,gpMOLwl5zy,W,540,"[{'action_type': 'Dribbling', 'goals_added_raw': 0.0819, 'goals_added_above_avg': -0.0142, 'count_actions': 58}, {'action_type': 'Fouling', 'goals_added_raw': 0.0014, 'goals_added_above_avg': -0.0436, 'count_actions': 11}, {'action_type': 'Interrupting', 'goals_added_raw': 0.2509, 'goals_added_above_avg': -0.0164, 'count_actions': 39}, {'action_type': 'Passing', 'goals_added_raw': -0.2695, 'goals_added_above_avg': -0.3175, 'count_actions': 196}, {'action_type': 'Receiving', 'goals_added_raw': 0.1411, 'goals_added_above_avg': -0.3901, 'count_actions': 161}, {'action_type': 'Shooting', 'goals_added_raw': 0.1651, 'goals_added_above_avg': -0.1012, 'count_actions': 6}]"
XVqKG1XWq0,wvq9B9wQWn,ST,2071,"[{'action_type': 'Dribbling', 'goals_added_raw': -0.4631, 'goals_added_above_avg': -0.1147, 'count_actions': 273}, {'action_type': 'Fouling', 'goals_added_raw': 0.4208, 'goals_added_above_avg': 0.1435, 'count_actions': 77}, {'action_type': 'Interrupting', 'goals_added_raw': 0.4754, 'goals_added_above_avg': -0.2327, 'count_actions': 86}, {'action_type': 'Passing', 'goals_added_raw': -1.3868, 'goals_added_above_avg': -0.6541, 'count_actions': 418}, {'action_type': 'Receiving', 'goals_added_raw': 5.062, 'goals_added_above_avg': 0.7826, 'count_actions': 488}, {'action_type': 'Shooting', 'goals_added_raw': 1.6686, 'goals_added_above_avg': 0.1416, 'count_actions': 61}]"
XVqKL9rRQ0,lgpMOvnQzy,AM,23,"[{'action_type': 'Dribbling', 'goals_added_raw': -0.0148, 'goals_added_above_avg': -0.0179, 'count_actions': 4}, {'action_type': 'Fouling', 'goals_added_raw': 0, 'goals_added_above_avg': -0.0025, 'count_actions': 0}, {'action_type': 'Interrupting', 'goals_added_raw': 0, 'goals_added_above_avg': -0.0104, 'count_actions': 0}, {'action_type': 'Passing', 'goals_added_raw': -0.0089, 'goals_added_above_avg': -0.0168, 'count_actions': 6}, {'action_type': 'Receiving', 'goals_added_raw': 0.0058, 'goals_added_above_avg': -0.0171, 'count_actions': 8}, {'action_type': 'Shooting', 'goals_added_raw': 0, 'goals_added_above_avg': -0.012, 'count_actions': 0}]"
XVqKLWVNQ0,pzeQZ6xQKw,ST,40,"[{'action_type': 'Dribbling', 'goals_added_raw': 0.0056, 'goals_added_above_avg': 0.0129, 'count_actions': 6}, {'action_type': 'Fouling', 'goals_added_raw': 0.0003, 'goals_added_above_avg': -0.0052, 'count_actions': 1}, {'action_type': 'Interrupting', 'goals_added_raw': -0.0062, 'goals_added_above_avg': -0.0196, 'count_actions': 1}, {'action_type': 'Passing', 'goals_added_raw': 0.0006, 'goals_added_above_avg': 0.0154, 'count_actions': 4}, {'action_type': 'Receiving', 'goals_added_raw': 0.0158, 'goals_added_above_avg': -0.0685, 'count_actions': 8}, {'action_type': 'Shooting', 'goals_added_raw': 0, 'goals_added_above_avg': -0.0298, 'count_actions': 0}]"
XVqKLXRaQ0,jYQJ8EW5GR,W,957,"[{'action_type': 'Dribbling', 'goals_added_raw': -0.3038, 'goals_added_above_avg': -0.3411, 'count_actions': 119}, {'action_type': 'Fouling', 'goals_added_raw': 0.2495, 'goals_added_above_avg': 0.1679, 'count_actions': 42}, {'action_type': 'Interrupting', 'goals_added_raw': 0.3077, 'goals_added_above_avg': -0.1396, 'count_actions': 62}, {'action_type': 'Passing', 'goals_added_raw': -0.8654, 'goals_added_above_avg': -0.8579, 'count_actions': 217}, {'action_type': 'Receiving', 'goals_added_raw': 1.2043, 'goals_added_above_avg': 0.0006, 'count_actions': 231}, {'action_type': 'Shooting', 'goals_added_raw': 0.3728, 'goals_added_above_avg': -0.1372, 'count_actions': 13}]"
XVqKWAZBq0,EKXMeX3Q64,CM,1931,"[{'action_type': 'Dribbling', 'goals_added_raw': 0.1879, 'goals_added_above_avg': 0.0375, 'count_actions': 150}, {'action_type': 'Fouling', 'goals_added_raw': -0.2039, 'goals_added_above_avg': -0.2062, 'count_actions': 39}, {'action_type': 'Interrupting', 'goals_added_raw': 1.1625, 'goals_added_above_avg': -0.1083, 'count_actions': 197}, {'action_type': 'Passing', 'goals_added_raw': -0.0311, 'goals_added_above_avg': -0.6215, 'count_actions': 542}, {'action_type': 'Receiving', 'goals_added_raw': 0.2412, 'goals_added_above_avg': -0.7579, 'count_actions': 400}, {'action_type': 'Shooting', 'goals_added_raw': 0.4156, 'goals_added_above_avg': -0.1334, 'count_actions': 21}]"
XVqKWX8Bq0,KAqBN0Vqbg,CM,580,"[{'action_type': 'Dribbling', 'goals_added_raw': 0.2123, 'goals_added_above_avg': 0.1561, 'count_actions': 96}, {'action_type': 'Fouling', 'goals_added_raw': -0.014, 'goals_added_above_avg': -0.0131, 'count_actions': 16}, {'action_type': 'Interrupting', 'goals_added_raw': 0.1547, 'goals_added_above_avg': -0.2311, 'count_actions': 36}, {'action_type': 'Passing', 'goals_added_raw': 0.1444, 'goals_added_above_avg': -0.0344, 'count_actions': 315}, {'action_type': 'Receiving', 'goals_added_raw': 0.1726, 'goals_added_above_avg': -0.1023, 'count_actions': 283}, {'action_type': 'Shooting', 'goals_added_raw': 0.0737, 'goals_added_above_avg': -0.0853, 'count_actions': 4}]"
XVqKbElN50,a2lqR4JMr0,ST,1668,"[{'action_type': 'Dribbling', 'goals_added_raw': -1.1978, 'goals_added_above_avg': -0.9206, 'count_actions': 207}, {'action_type': 'Fouling', 'goals_added_raw': -0.0015, 'goals_added_above_avg': -0.2244, 'count_actions': 45}, {'action_type': 'Interrupting', 'goals_added_raw': 0.6451, 'goals_added_above_avg': 0.0735, 'count_actions': 61}, {'action_type': 'Passing', 'goals_added_raw': -0.5304, 'goals_added_above_avg': 0.0563, 'count_actions': 267}, {'action_type': 'Receiving', 'goals_added_raw': 5.7031, 'goals_added_above_avg': 2.2658, 'count_actions': 344}, {'action_type': 'Shooting', 'goals_added_raw': 1.3465, 'goals_added_above_avg': 0.1187, 'count_actions': 46}]"
XVqKbEmN50,9z5k7Yg5A3,CB,528,"[{'action_type': 'Dribbling', 'goals_added_raw': -0.1331, 'goals_added_above_avg': -0.1444, 'count_actions': 45}, {'action_type': 'Fouling', 'goals_added_raw': 0.0031, 'goals_added_above_avg': 0.0563, 'count_actions': 11}, {'action_type': 'Interrupting', 'goals_added_raw': 0.4302, 'goals_added_above_avg': 0.0162, 'count_actions': 69}, {'action_type': 'Passing', 'goals_added_raw': 0.2192, 'goals_added_above_avg': -0.0759, 'count_actions': 166}, {'action_type': 'Receiving', 'goals_added_raw': 0.0696, 'goals_added_above_avg': -0.0462, 'count_actions': 123}, {'action_type': 'Shooting', 'goals_added_raw': 0.1079, 'goals_added_above_avg': 0.0495, 'count_actions': 3}]"
XVqKbGA050,jYQJ8EW5GR,FB,26,"[{'action_type': 'Dribbling', 'goals_added_raw': 0.0185, 'goals_added_above_avg': 0.0164, 'count_actions': 3}, {'action_type': 'Fouling', 'goals_added_raw': -0.0325, 'goals_added_above_avg': -0.0319, 'count_actions': 2}, {'action_type': 'Interrupting', 'goals_added_raw': 0.1147, 'goals_added_above_avg': 0.0977, 'count_actions': 4}, {'action_type': 'Passing', 'goals_added_raw': -0.0336, 'goals_added_above_avg': -0.0427, 'count_actions': 11}, {'action_type': 'Receiving', 'goals_added_raw': 0.1689, 'goals_added_above_avg': 0.1599, 'count_actions': 9}, {'action_type': 'Shooting', 'goals_added_raw': 0.0418, 'goals_added_above_avg': 0.0368, 'count_actions': 1}]"
XVqKbj3B50,X0Oq66zq6D,CB,1195,"[{'action_type': 'Dribbling', 'goals_added_raw': -0.0442, 'goals_added_above_avg': -0.0698, 'count_actions': 194}, {'action_type': 'Fouling', 'goals_added_raw': -0.2604, 'goals_added_above_avg': -0.14, 'count_actions': 15}, {'action_type': 'Interrupting', 'goals_added_raw': -0.1053, 'goals_added_above_avg': -1.0423, 'count_actions': 192}, {'action_type': 'Passing', 'goals_added_raw': 0.3888, 'goals_added_above_avg': -0.279, 'count_actions': 640}, {'action_type': 'Receiving', 'goals_added_raw': 0.3515, 'goals_added_above_avg': 0.0896, 'count_actions': 521}, {'action_type': 'Shooting', 'goals_added_raw': 0.2635, 'goals_added_above_avg': 0.1314, 'count_actions': 7}]"
XVqKeBkKM0,eVq3ya6MWO,W,855,"[{'action_type': 'Dribbling', 'goals_added_raw': 0.3153, 'goals_added_above_avg': 0.1588, 'count_actions': 123}, {'action_type': 'Fouling', 'goals_added_raw': 0.0022, 'goals_added_above_avg': -0.0627, 'count_actions': 20}, {'action_type': 'Interrupting', 'goals_added_raw': 0.1761, 'goals_added_above_avg': -0.2458, 'count_actions': 44}, {'action_type': 'Passing', 'goals_added_raw': -0.051, 'goals_added_above_avg': -0.099, 'count_actions': 266}, {'action_type': 'Receiving', 'goals_added_raw': 0.7379, 'goals_added_above_avg': -0.0865, 'count_actions': 250}, {'action_type': 'Shooting', 'goals_added_raw': 0.2328, 'goals_added_above_avg': -0.1729, 'count_actions': 10}]"
XVqKeEmBM0,gpMOLwl5zy,W,2217,"[{'action_type': 'Dribbling', 'goals_added_raw': 0.5499, 'goals_added_above_avg': 0.2106, 'count_actions': 362}, {'action_type': 'Fouling', 'goals_added_raw': 0.0149, 'goals_added_above_avg': -0.1958, 'count_actions': 55}, {'action_type': 'Interrupting', 'goals_added_raw': 0.5095, 'goals_added_above_avg': -0.53, 'count_actions': 104}, {'action_type': 'Passing', 'goals_added_raw': 0.8151, 'goals_added_above_avg': 0.6778, 'count_actions': 1035}, {'action_type': 'Receiving', 'goals_added_raw': 1.9086, 'goals_added_above_avg': -0.5503, 'count_actions': 887}, {'action_type': 'Shooting', 'goals_added_raw': 0.9623, 'goals_added_above_avg': -0.2131, 'count_actions': 36}]"
XVqKeYLNM0,pzeQZ6xQKw,DM,1458,"[{'action_type': 'Dribbling', 'goals_added_raw': -0.1969, 'goals_added_above_avg': -0.358, 'count_actions': 201}, {'action_type': 'Fouling', 'goals_added_raw': -0.2725, 'goals_added_above_avg': -0.2414, 'count_actions': 35}, {'action_type': 'Interrupting', 'goals_added_raw': 0.5635, 'goals_added_above_avg': -0.4762, 'count_actions': 115}, {'action_type': 'Passing', 'goals_added_raw': -0.0518, 'goals_added_above_avg': -0.6023, 'count_actions': 858}, {'action_type': 'Receiving', 'goals_added_raw': 0.4289, 'goals_added_above_avg': -0.1419, 'count_actions': 699}, {'action_type': 'Shooting', 'goals_added_raw': 0.1633, 'goals_added_above_avg': -0.1788, 'count_actions': 8}]"
XVqKeYOKM0,9z5k7Yg5A3,FB,1034,"[{'action_type': 'Dribbling', 'goals_added_raw': -0.4769, 'goals_added_above_avg': -0.5516, 'count_actions': 95}, {'action_type': 'Fouling', 'goals_added_raw': -0.0578, 'goals_added_above_avg': -0.0157, 'count_actions': 13}, {'action_type': 'Interrupting', 'goals_added_raw': 0.6231, 'goals_added_above_avg': -0.0304, 'count_actions': 117}, {'action_type': 'Passing', 'goals_added_raw': 0.8089, 'goals_added_above_avg': 0.4242, 'count_actions': 649}, {'action_type': 'Receiving', 'goals_added_raw': 0.0652, 'goals_added_above_avg': -0.2016, 'count_actions': 383}, {'action_type': 'Shooting', 'goals_added_raw': 0.1047, 'goals_added_above_avg': -0.0322, 'count_actions': 8}]"
XVqKezaWM0,0KPqjA456v,W,118,"[{'action_type': 'Dribbling', 'goals_added_raw': 0.096, 'goals_added_above_avg': 0.0724, 'count_actions': 22}, {'action_type': 'Fouling', 'goals_added_raw': 0.0058, 'goals_added_above_avg': -0.0053, 'count_actions': 2}, {'action_type': 'Interrupting', 'goals_added_raw': 0.0086, 'goals_added_above_avg': -0.0471, 'count_actions': 2}, {'action_type': 'Passing', 'goals_added_raw': -0.1267, 'goals_added_above_avg': -0.1276, 'count_actions': 26}, {'action_type': 'Receiving', 'goals_added_raw': 0.044, 'goals_added_above_avg': -0.0826, 'count_actions': 26}, {'action_type': 'Shooting', 'goals_added_raw': 0.0425, 'goals_added_above_avg': -0.0197, 'count_actions': 1}]"
Xj5Y4WpGMb,a2lqRX2Mr0,W,110,"[{'action_type': 'Dribbling', 'goals_added_raw': -0.0665, 'goals_added_above_avg': -0.0885, 'count_actions': 17}, {'action_type': 'Fouling', 'goals_added_raw': -0.0028, 'goals_added_above_avg': -0.0132, 'count_actions': 2}, {'action_type': 'Interrupting', 'goals_added_raw': 0, 'goals_added_above_avg': -0.0519, 'count_actions': 0}, {'action_type': 'Passing', 'goals_added_raw': -0.0743, 'goals_added_above_avg': -0.0751, 'count_actions': 29}, {'action_type': 'Receiving', 'goals_added_raw': 0.0663, 'goals_added_above_avg': -0.0517, 'count_actions': 31}, {'action_type': 'Shooting', 'goals_added_raw': 0.0491, 'goals_added_above_avg': -0.0088, 'count_actions': 1}]"
Xj5Y4e3xMb,jYQJ19EqGR,W,477,"[{'action_type': 'Dribbling', 'goals_added_raw': 0.2285, 'goals_added_above_avg': 0.1466, 'count_actions': 82}, {'action_type': 'Fouling', 'goals_added_raw': -0.003, 'goals_added_above_avg': -0.0356, 'count_actions': 12}, {'action_type': 'Interrupting', 'goals_added_raw': 0.5283, 'goals_added_above_avg': 0.2826, 'count_actions': 39}, {'action_type': 'Passing', 'goals_added_raw': -0.1134, 'goals_added_above_avg': -0.1714, 'count_actions': 137}, {'action_type': 'Receiving', 'goals_added_raw': 0.3627, 'goals_added_above_avg': -0.0688, 'count_actions': 130}, {'action_type': 'Shooting', 'goals_added_raw': 0.1618, 'goals_added_above_avg': -0.0543, 'count_actions': 7}]"
Xj5Y4k8RMb,kRQabn8MKZ,CB,72,"[{'action_type': 'Dribbling', 'goals_added_raw': 0.0061, 'goals_added_above_avg': 0.0045, 'count_actions': 11}, {'action_type': 'Fouling', 'goals_added_raw': 0, 'goals_added_above_avg': 0.0073, 'count_actions': 0}, {'action_type': 'Interrupting', 'goals_added_raw': 0.1574, 'goals_added_above_avg': 0.101, 'count_actions': 9}, {'action_type': 'Passing', 'goals_added_raw': 0.0005, 'goals_added_above_avg': -0.0398, 'count_actions': 25}, {'action_type': 'Receiving', 'goals_added_raw': -0.0006, 'goals_added_above_avg': -0.0164, 'count_actions': 22}, {'action_type': 'Shooting', 'goals_added_raw': 0, 'goals_added_above_avg': -0.008, 'count_actions': 0}]"
Xj5Y60Kxqb,kaDQ0wRqEv,FB,1096,"[{'action_type': 'Dribbling', 'goals_added_raw': 0.3529, 'goals_added_above_avg': 0.2738, 'count_actions': 119}, {'action_type': 'Fouling', 'goals_added_raw': -0.1129, 'goals_added_above_avg': -0.0682, 'count_actions': 13}, {'action_type': 'Interrupting', 'goals_added_raw': 0.312, 'goals_added_above_avg': -0.3806, 'count_actions': 117}, {'action_type': 'Passing', 'goals_added_raw': 0.2961, 'goals_added_above_avg': -0.1117, 'count_actions': 662}, {'action_type': 'Receiving', 'goals_added_raw': 0.2962, 'goals_added_above_avg': 0.0134, 'count_actions': 504}, {'action_type': 'Shooting', 'goals_added_raw': 0.1519, 'goals_added_above_avg': 0.0069, 'count_actions': 5}]"
Xj5Y68Olqb,"['mvzqoLZQap', '19vQ2095K6']",ST,1036,"[{'action_type': 'Dribbling', 'goals_added_raw': 0.3667, 'goals_added_above_avg': 0.3971, 'count_actions': 145}, {'action_type': 'Fouling', 'goals_added_raw': -0.0097, 'goals_added_above_avg': -0.1202, 'count_actions': 28}, {'action_type': 'Interrupting', 'goals_added_raw': 0.3997, 'goals_added_above_avg': -0.0289, 'count_actions': 54}, {'action_type': 'Passing', 'goals_added_raw': -1.2606, 'goals_added_above_avg': -1.1239, 'count_actions': 469}, {'action_type': 'Receiving', 'goals_added_raw': 2.0666, 'goals_added_above_avg': 0.4485, 'count_actions': 432}, {'action_type': 'Shooting', 'goals_added_raw': 0.4883, 'goals_added_above_avg': -0.1478, 'count_actions': 17}]"
Xj5Y6AAaqb,EKXMeX3Q64,CM,883,"[{'action_type': 'Dribbling', 'goals_added_raw': 0.0298, 'goals_added_above_avg': -0.0331, 'count_actions': 74}, {'action_type': 'Fouling', 'goals_added_raw': 0.1998, 'goals_added_above_avg': 0.2244, 'count_actions': 12}, {'action_type': 'Interrupting', 'goals_added_raw': 0.1215, 'goals_added_above_avg': -0.4959, 'count_actions': 60}, {'action_type': 'Passing', 'goals_added_raw': 0.177, 'goals_added_above_avg': -0.1553, 'count_actions': 311}, {'action_type': 'Receiving', 'goals_added_raw': 0.0579, 'goals_added_above_avg': -0.2828, 'count_actions': 224}, {'action_type': 'Shooting', 'goals_added_raw': 0.0632, 'goals_added_above_avg': -0.1356, 'count_actions': 4}]"
Xj5Y6KKaqb,zeQZBOzQKw,W,2376,"[{'action_type': 'Dribbling', 'goals_added_raw': 1.8352, 'goals_added_above_avg': 1.366, 'count_actions': 393}, {'action_type': 'Fouling', 'goals_added_raw': 0.3269, 'goals_added_above_avg': 0.1023, 'count_actions': 20}, {'action_type': 'Interrupting', 'goals_added_raw': 0.5461, 'goals_added_above_avg': -0.5737, 'count_actions': 75}, {'action_type': 'Passing', 'goals_added_raw': 0.6409, 'goals_added_above_avg': 0.5899, 'count_actions': 1294}, {'action_type': 'Receiving', 'goals_added_raw': 3.1013, 'goals_added_above_avg': 0.5596, 'count_actions': 1157}, {'action_type': 'Shooting', 'goals_added_raw': 1.9837, 'goals_added_above_avg': 0.7317, 'count_actions': 74}]"
Xj5Y6Vplqb,kRQabn8MKZ,DM,457,"[{'action_type': 'Dribbling', 'goals_added_raw': 0.5663, 'goals_added_above_avg': 0.5195, 'count_actions': 73}, {'action_type': 'Fouling', 'goals_added_raw': 0.022, 'goals_added_above_avg': 0.0383, 'count_actions': 20}, {'action_type': 'Interrupting', 'goals_added_raw': 0.3351, 'goals_added_above_avg': -0.0049, 'count_actions': 39}, {'action_type': 'Passing', 'goals_added_raw': 0.0737, 'goals_added_above_avg': -0.1202, 'count_actions': 210}, {'action_type': 'Receiving', 'goals_added_raw': 0.0398, 'goals_added_above_avg': -0.1019, 'count_actions': 175}, {'action_type': 'Shooting', 'goals_added_raw': 0.1216, 'goals_added_above_avg': 0.0306, 'count_actions': 7}]"
Xj5Y6kWaqb,eVq3ya6MWO,CM,1289,"[{'action_type': 'Dribbling', 'goals_added_raw': 0.2181, 'goals_added_above_avg': 0.0764, 'count_actions': 243}, {'action_type': 'Fouling', 'goals_added_raw': 0.0848, 'goals_added_above_avg': 0.0616, 'count_actions': 50}, {'action_type': 'Interrupting', 'goals_added_raw': 0.7668, 'goals_added_above_avg': -0.0402, 'count_actions': 107}, {'action_type': 'Passing', 'goals_added_raw': 0.4437, 'goals_added_above_avg': -0.0043, 'count_actions': 598}, {'action_type': 'Receiving', 'goals_added_raw': 0.6754, 'goals_added_above_avg': -0.0543, 'count_actions': 556}, {'action_type': 'Shooting', 'goals_added_raw': 0.3358, 'goals_added_above_avg': -0.0715, 'count_actions': 10}]"
Xj5Y6xmaqb,KAqBN0Vqbg,ST,139,"[{'action_type': 'Dribbling', 'goals_added_raw': -0.1638, 'goals_added_above_avg': -0.1535, 'count_actions': 23}, {'action_type': 'Fouling', 'goals_added_raw': -0.0027, 'goals_added_above_avg': -0.0199, 'count_actions': 1}, {'action_type': 'Interrupting', 'goals_added_raw': -0.0154, 'goals_added_above_avg': -0.0676, 'count_actions': 1}, {'action_type': 'Passing', 'goals_added_raw': -0.1485, 'goals_added_above_avg': -0.1122, 'count_actions': 36}, {'action_type': 'Receiving', 'goals_added_raw': 0.2247, 'goals_added_above_avg': -0.0272, 'count_actions': 36}, {'action_type': 'Shooting', 'goals_added_raw': 0.1021, 'goals_added_above_avg': 0.0071, 'count_actions': 2}]"
Xj5Y6zYAqb,vzqoOgNqap,CM,1547,"[{'action_type': 'Dribbling', 'goals_added_raw': 0.2439, 'goals_added_above_avg': 0.0969, 'count_actions': 260}, {'action_type': 'Fouling', 'goals_added_raw': -0.0186, 'goals_added_above_avg': 0.0172, 'count_actions': 30}, {'action_type': 'Interrupting', 'goals_added_raw': 0.4983, 'goals_added_above_avg': -0.6059, 'count_actions': 135}, {'action_type': 'Passing', 'goals_added_raw': 0.0156, 'goals_added_above_avg': -0.5732, 'count_actions': 938}, {'action_type': 'Receiving', 'goals_added_raw': 0.1538, 'goals_added_above_avg': -0.4094, 'count_actions': 763}, {'action_type': 'Shooting', 'goals_added_raw': 0.101, 'goals_added_above_avg': -0.2469, 'count_actions': 3}]"
Xj5Y9XmX5b,0KPqjA456v,DM,2038,"[{'action_type': 'Dribbling', 'goals_added_raw': 0.1417, 'goals_added_above_avg': -0.0719, 'count_actions': 359}, {'action_type': 'Fouling', 'goals_added_raw': 0.005, 'goals_added_above_avg': 0.0511, 'count_actions': 57}, {'action_type': 'Interrupting', 'goals_added_raw': 0.6387, 'goals_added_above_avg': -0.8234, 'count_actions': 196}, {'action_type': 'Passing', 'goals_added_raw': 0.9654, 'goals_added_above_avg': 0.1209, 'count_actions': 895}, {'action_type': 'Receiving', 'goals_added_raw': 1.1096, 'goals_added_above_avg': 0.3528, 'count_actions': 781}, {'action_type': 'Shooting', 'goals_added_raw': 1.0807, 'goals_added_above_avg': 0.616, 'count_actions': 41}]"
Xj5Y9wax5b,kRQand1MKZ,CM,28,"[{'action_type': 'Dribbling', 'goals_added_raw': -0.0262, 'goals_added_above_avg': -0.0286, 'count_actions': 4}, {'action_type': 'Fouling', 'goals_added_raw': 0, 'goals_added_above_avg': 0.0002, 'count_actions': 0}, {'action_type': 'Interrupting', 'goals_added_raw': 0.0554, 'goals_added_above_avg': 0.0365, 'count_actions': 3}, {'action_type': 'Passing', 'goals_added_raw': 0.0154, 'goals_added_above_avg': 0.0063, 'count_actions': 10}, {'action_type': 'Receiving', 'goals_added_raw': 0.0022, 'goals_added_above_avg': -0.01, 'count_actions': 7}, {'action_type': 'Shooting', 'goals_added_raw': 0, 'goals_added_above_avg': -0.0072, 'count_actions': 0}]"
Xj5Y9zw05b,a2lqRX2Mr0,CB,1986,"[{'action_type': 'Dribbling', 'goals_added_raw': 0.3239, 'goals_added_above_avg': 0.2382, 'count_actions': 397}, {'action_type': 'Fouling', 'goals_added_raw': -0.2646, 'goals_added_above_avg': -0.1155, 'count_actions': 56}, {'action_type': 'Interrupting', 'goals_added_raw': 1.1879, 'goals_added_above_avg': -0.2398, 'count_actions': 295}, {'action_type': 'Passing', 'goals_added_raw': 1.1799, 'goals_added_above_avg': 0.2291, 'count_actions': 1310}, {'action_type': 'Receiving', 'goals_added_raw': 0.3283, 'goals_added_above_avg': -0.14, 'count_actions': 970}, {'action_type': 'Shooting', 'goals_added_raw': 0.1173, 'goals_added_above_avg': -0.1207, 'count_actions': 5}]"
Xj5YLGKxMb,zeQZBOzQKw,CB,1686,"[{'action_type': 'Dribbling', 'goals_added_raw': 0.2728, 'goals_added_above_avg': 0.2367, 'count_actions': 365}, {'action_type': 'Fouling', 'goals_added_raw': -0.0389, 'goals_added_above_avg': 0.131, 'count_actions': 19}, {'action_type': 'Interrupting', 'goals_added_raw': 1.1516, 'goals_added_above_avg': -0.1704, 'count_actions': 179}, {'action_type': 'Passing', 'goals_added_raw': 1.5281, 'goals_added_above_avg': 0.5859, 'count_actions': 1666}, {'action_type': 'Receiving', 'goals_added_raw': 0.5335, 'goals_added_above_avg': 0.164, 'count_actions': 1478}, {'action_type': 'Shooting', 'goals_added_raw': 0.1918, 'goals_added_above_avg': 0.0055, 'count_actions': 7}]"
Xj5YyNjE5b,zeQZkL1MKw,DM,1983,"[{'action_type': 'Dribbling', 'goals_added_raw': 0.1437, 'goals_added_above_avg': -0.0627, 'count_actions': 275}, {'action_type': 'Fouling', 'goals_added_raw': 0.3404, 'goals_added_above_avg': 0.3888, 'count_actions': 68}, {'action_type': 'Interrupting', 'goals_added_raw': 1.8881, 'goals_added_above_avg': 0.463, 'count_actions': 253}, {'action_type': 'Passing', 'goals_added_raw': 0.6497, 'goals_added_above_avg': -0.1171, 'count_actions': 1191}, {'action_type': 'Receiving', 'goals_added_raw': 0.6075, 'goals_added_above_avg': -0.123, 'count_actions': 992}, {'action_type': 'Shooting', 'goals_added_raw': 0.1084, 'goals_added_above_avg': -0.3383, 'count_actions': 5}]"
Xj5YyZOw5b,9z5k7Yg5A3,CB,1324,"[{'action_type': 'Dribbling', 'goals_added_raw': -0.2644, 'goals_added_above_avg': -0.2979, 'count_actions': 190}, {'action_type': 'Fouling', 'goals_added_raw': -0.0513, 'goals_added_above_avg': 0.076, 'count_actions': 17}, {'action_type': 'Interrupting', 'goals_added_raw': 0.9491, 'goals_added_above_avg': -0.0735, 'count_actions': 217}, {'action_type': 'Passing', 'goals_added_raw': 0.8302, 'goals_added_above_avg': 0.1093, 'count_actions': 695}, {'action_type': 'Receiving', 'goals_added_raw': 0.3502, 'goals_added_above_avg': 0.0561, 'count_actions': 449}, {'action_type': 'Shooting', 'goals_added_raw': 0.2201, 'goals_added_above_avg': 0.0715, 'count_actions': 6}]"
Xj5Yyz3y5b,19vQ2095K6,ST,13,"[{'action_type': 'Dribbling', 'goals_added_raw': -0.0087, 'goals_added_above_avg': -0.0063, 'count_actions': 3}, {'action_type': 'Fouling', 'goals_added_raw': 0, 'goals_added_above_avg': -0.0018, 'count_actions': 0}, {'action_type': 'Interrupting', 'goals_added_raw': -0.0063, 'goals_added_above_avg': -0.0107, 'count_actions': 2}, {'action_type': 'Passing', 'goals_added_raw': -0.0663, 'goals_added_above_avg': -0.0615, 'count_actions': 4}, {'action_type': 'Receiving', 'goals_added_raw': 0.0226, 'goals_added_above_avg': -0.0048, 'count_actions': 2}, {'action_type': 'Shooting', 'goals_added_raw': 0, 'goals_added_above_avg': -0.0097, 'count_actions': 0}]"
a35rB7Do5L,KAqBN0Vqbg,W,496,"[{'action_type': 'Dribbling', 'goals_added_raw': -0.0171, 'goals_added_above_avg': -0.0999, 'count_actions': 89}, {'action_type': 'Fouling', 'goals_added_raw': -0.0767, 'goals_added_above_avg': -0.1054, 'count_actions': 13}, {'action_type': 'Interrupting', 'goals_added_raw': 0.4535, 'goals_added_above_avg': 0.1826, 'count_actions': 37}, {'action_type': 'Passing', 'goals_added_raw': 0.0324, 'goals_added_above_avg': -0.0282, 'count_actions': 135}, {'action_type': 'Receiving', 'goals_added_raw': 0.9492, 'goals_added_above_avg': 0.5258, 'count_actions': 136}, {'action_type': 'Shooting', 'goals_added_raw': 0.3625, 'goals_added_above_avg': 0.1473, 'count_actions': 11}]"
a35rBOLG5L,a2lqRX2Mr0,FB,451,"[{'action_type': 'Dribbling', 'goals_added_raw': -0.4124, 'goals_added_above_avg': -0.4449, 'count_actions': 82}, {'action_type': 'Fouling', 'goals_added_raw': -0.2762, 'goals_added_above_avg': -0.2578, 'count_actions': 17}, {'action_type': 'Interrupting', 'goals_added_raw': 0.3498, 'goals_added_above_avg': 0.0647, 'count_actions': 61}, {'action_type': 'Passing', 'goals_added_raw': 0.0535, 'goals_added_above_avg': -0.1143, 'count_actions': 225}, {'action_type': 'Receiving', 'goals_added_raw': -0.0104, 'goals_added_above_avg': -0.1268, 'count_actions': 156}, {'action_type': 'Shooting', 'goals_added_raw': 0.0553, 'goals_added_above_avg': -0.0044, 'count_actions': 3}]"
a35rBgow5L,9z5k7Yg5A3,CB,965,"[{'action_type': 'Dribbling', 'goals_added_raw': 0.0405, 'goals_added_above_avg': 0.0199, 'count_actions': 63}, {'action_type': 'Fouling', 'goals_added_raw': -0.513, 'goals_added_above_avg': -0.4157, 'count_actions': 14}, {'action_type': 'Interrupting', 'goals_added_raw': 1.2952, 'goals_added_above_avg': 0.5386, 'count_actions': 146}, {'action_type': 'Passing', 'goals_added_raw': 0.5419, 'goals_added_above_avg': 0.0027, 'count_actions': 348}, {'action_type': 'Receiving', 'goals_added_raw': 0.7967, 'goals_added_above_avg': 0.5852, 'count_actions': 238}, {'action_type': 'Shooting', 'goals_added_raw': 0.49, 'goals_added_above_avg': 0.3833, 'count_actions': 15}]"
a35rBoxG5L,NWMWlBK5lz,FB,1727,"[{'action_type': 'Dribbling', 'goals_added_raw': 0.2711, 'goals_added_above_avg': 0.1465, 'count_actions': 373}, {'action_type': 'Fouling', 'goals_added_raw': -0.005, 'goals_added_above_avg': 0.0654, 'count_actions': 41}, {'action_type': 'Interrupting', 'goals_added_raw': 0.9603, 'goals_added_above_avg': -0.1312, 'count_actions': 201}, {'action_type': 'Passing', 'goals_added_raw': 0.0285, 'goals_added_above_avg': -0.6141, 'count_actions': 877}, {'action_type': 'Receiving', 'goals_added_raw': 0.6468, 'goals_added_above_avg': 0.2012, 'count_actions': 683}, {'action_type': 'Shooting', 'goals_added_raw': 0.5169, 'goals_added_above_avg': 0.2883, 'count_actions': 20}]"
a35rKA2AqL,X0Oq66zq6D,DM,726,"[{'action_type': 'Dribbling', 'goals_added_raw': 0.0322, 'goals_added_above_avg': -0.0385, 'count_actions': 89}, {'action_type': 'Fouling', 'goals_added_raw': 0.0079, 'goals_added_above_avg': 0.0276, 'count_actions': 15}, {'action_type': 'Interrupting', 'goals_added_raw': 0.2273, 'goals_added_above_avg': -0.2979, 'count_actions': 58}, {'action_type': 'Passing', 'goals_added_raw': 0.0465, 'goals_added_above_avg': -0.24, 'count_actions': 406}, {'action_type': 'Receiving', 'goals_added_raw': 0.0636, 'goals_added_above_avg': -0.1881, 'count_actions': 352}, {'action_type': 'Shooting', 'goals_added_raw': 0.1149, 'goals_added_above_avg': -0.0424, 'count_actions': 6}]"
a35rKGpLqL,kRQabn8MKZ,W,2401,"[{'action_type': 'Dribbling', 'goals_added_raw': 1.2818, 'goals_added_above_avg': 0.9116, 'count_actions': 279}, {'action_type': 'Fouling', 'goals_added_raw': 0.0804, 'goals_added_above_avg': -0.1463, 'count_actions': 37}, {'action_type': 'Interrupting', 'goals_added_raw': 1.0175, 'goals_added_above_avg': -0.0977, 'count_actions': 90}, {'action_type': 'Passing', 'goals_added_raw': 0, 'goals_added_above_avg': -0.1092, 'count_actions': 602}, {'action_type': 'Receiving', 'goals_added_raw': 2.2969, 'goals_added_above_avg': -0.3711, 'count_actions': 581}, {'action_type': 'Shooting', 'goals_added_raw': 1.199, 'goals_added_above_avg': -0.0693, 'count_actions': 48}]"
a35rKYrAqL,EKXMeX3Q64,W,433,"[{'action_type': 'Dribbling', 'goals_added_raw': -0.0837, 'goals_added_above_avg': -0.1475, 'count_actions': 55}, {'action_type': 'Fouling', 'goals_added_raw': 0.0308, 'goals_added_above_avg': 0.013, 'count_actions': 9}, {'action_type': 'Interrupting', 'goals_added_raw': 0.167, 'goals_added_above_avg': -0.0697, 'count_actions': 34}, {'action_type': 'Passing', 'goals_added_raw': 0.0118, 'goals_added_above_avg': -0.0561, 'count_actions': 159}, {'action_type': 'Receiving', 'goals_added_raw': 0.5487, 'goals_added_above_avg': 0.2246, 'count_actions': 120}, {'action_type': 'Shooting', 'goals_added_raw': 0.1763, 'goals_added_above_avg': 0.0135, 'count_actions': 8}]"
a35rRrk45L,19vQ2095K6,DM,33,"[{'action_type': 'Dribbling', 'goals_added_raw': 0.0232, 'goals_added_above_avg': 0.02, 'count_actions': 12}, {'action_type': 'Fouling', 'goals_added_raw': 0.0106, 'goals_added_above_avg': 0.0114, 'count_actions': 1}, {'action_type': 'Interrupting', 'goals_added_raw': 0.0098, 'goals_added_above_avg': -0.0139, 'count_actions': 2}, {'action_type': 'Passing', 'goals_added_raw': -0.0271, 'goals_added_above_avg': -0.0399, 'count_actions': 31}, {'action_type': 'Receiving', 'goals_added_raw': 0.0122, 'goals_added_above_avg': 0.0005, 'count_actions': 29}, {'action_type': 'Shooting', 'goals_added_raw': 0, 'goals_added_above_avg': -0.0073, 'count_actions': 0}]"
a35rlyZ4QL,WBLMvYAQxe,DM,1269,"[{'action_type': 'Dribbling', 'goals_added_raw': 0.0707, 'goals_added_above_avg': -0.0259, 'count_actions': 163}, {'action_type': 'Fouling', 'goals_added_raw': 0.0394, 'goals_added_above_avg': 0.07, 'count_actions': 33}, {'action_type': 'Interrupting', 'goals_added_raw': 0.6465, 'goals_added_above_avg': -0.2626, 'count_actions': 122}, {'action_type': 'Passing', 'goals_added_raw': 0.4354, 'goals_added_above_avg': -0.0257, 'count_actions': 695}, {'action_type': 'Receiving', 'goals_added_raw': 0.0831, 'goals_added_above_avg': -0.5155, 'count_actions': 539}, {'action_type': 'Shooting', 'goals_added_raw': 0.0002, 'goals_added_above_avg': -0.309, 'count_actions': 1}]"
a35ry7P2ML,kaDQ0wRqEv,ST,638,"[{'action_type': 'Dribbling', 'goals_added_raw': 0.0714, 'goals_added_above_avg': 0.1695, 'count_actions': 61}, {'action_type': 'Fouling', 'goals_added_raw': -0.0052, 'goals_added_above_avg': -0.0816, 'count_actions': 17}, {'action_type': 'Interrupting', 'goals_added_raw': 0.1696, 'goals_added_above_avg': -0.0691, 'count_actions': 21}, {'action_type': 'Passing', 'goals_added_raw': -0.4151, 'goals_added_above_avg': -0.2289, 'count_actions': 138}, {'action_type': 'Receiving', 'goals_added_raw': 1.8636, 'goals_added_above_avg': 0.6376, 'count_actions': 142}, {'action_type': 'Shooting', 'goals_added_raw': 0.765, 'goals_added_above_avg': 0.3236, 'count_actions': 21}]"
a35ryZ7bML,19vQ2095K6,FB,87,"[{'action_type': 'Dribbling', 'goals_added_raw': 0.0253, 'goals_added_above_avg': 0.0279, 'count_actions': 14}, {'action_type': 'Fouling', 'goals_added_raw': -0.0031, 'goals_added_above_avg': -0.003, 'count_actions': 1}, {'action_type': 'Interrupting', 'goals_added_raw': 0.0508, 'goals_added_above_avg': -0.0001, 'count_actions': 12}, {'action_type': 'Passing', 'goals_added_raw': -0.0369, 'goals_added_above_avg': -0.0532, 'count_actions': 53}, {'action_type': 'Receiving', 'goals_added_raw': 0.0296, 'goals_added_above_avg': -0.0454, 'count_actions': 42}, {'action_type': 'Shooting', 'goals_added_raw': 0, 'goals_added_above_avg': -0.0287, 'count_actions': 0}]"
aDQ0LoylQE,jYQJ8EW5GR,FB,1899,"[{'action_type': 'Dribbling', 'goals_added_raw': 0.9564, 'goals_added_above_avg': 0.8193, 'count_actions': 201}, {'action_type': 'Fouling', 'goals_added_raw': 0.0634, 'goals_added_above_avg': 0.1408, 'count_actions': 35}, {'action_type': 'Interrupting', 'goals_added_raw': 1.1316, 'goals_added_above_avg': -0.0686, 'count_actions': 180}, {'action_type': 'Passing', 'goals_added_raw': -0.3258, 'goals_added_above_avg': -1.0324, 'count_actions': 711}, {'action_type': 'Receiving', 'goals_added_raw': 2.0295, 'goals_added_above_avg': 1.5395, 'count_actions': 505}, {'action_type': 'Shooting', 'goals_added_raw': 0.5571, 'goals_added_above_avg': 0.3058, 'count_actions': 19}]"
aDQ0NJKG5E,a2lqR4JMr0,ST,496,"[{'action_type': 'Dribbling', 'goals_added_raw': -0.9566, 'goals_added_above_avg': -0.8823, 'count_actions': 65}, {'action_type': 'Fouling', 'goals_added_raw': 0.0376, 'goals_added_above_avg': -0.0238, 'count_actions': 23}, {'action_type': 'Interrupting', 'goals_added_raw': 0.2654, 'goals_added_above_avg': 0.0865, 'count_actions': 24}, {'action_type': 'Passing', 'goals_added_raw': -0.4862, 'goals_added_above_avg': -0.3456, 'count_actions': 77}, {'action_type': 'Receiving', 'goals_added_raw': 1.9925, 'goals_added_above_avg': 1.0334, 'count_actions': 101}, {'action_type': 'Shooting', 'goals_added_raw': 0.4784, 'goals_added_above_avg': 0.1328, 'count_actions': 13}]"
aDQ0Njb35E,kRQabn8MKZ,W,691,"[{'action_type': 'Dribbling', 'goals_added_raw': 0.1192, 'goals_added_above_avg': -0.0108, 'count_actions': 129}, {'action_type': 'Fouling', 'goals_added_raw': -0.0367, 'goals_added_above_avg': -0.0964, 'count_actions': 12}, {'action_type': 'Interrupting', 'goals_added_raw': 0.1934, 'goals_added_above_avg': -0.1389, 'count_actions': 28}, {'action_type': 'Passing', 'goals_added_raw': -0.4019, 'goals_added_above_avg': -0.4373, 'count_actions': 176}, {'action_type': 'Receiving', 'goals_added_raw': 0.6811, 'goals_added_above_avg': -0.0218, 'count_actions': 182}, {'action_type': 'Shooting', 'goals_added_raw': 0.12, 'goals_added_above_avg': -0.2271, 'count_actions': 5}]"
aDQ0PGv3QE,zeQZBOzQKw,W,713,"[{'action_type': 'Dribbling', 'goals_added_raw': 0.2081, 'goals_added_above_avg': 0.1279, 'count_actions': 157}, {'action_type': 'Fouling', 'goals_added_raw': 0.5491, 'goals_added_above_avg': 0.4979, 'count_actions': 18}, {'action_type': 'Interrupting', 'goals_added_raw': 0.1611, 'goals_added_above_avg': -0.1893, 'count_actions': 21}, {'action_type': 'Passing', 'goals_added_raw': -0.361, 'goals_added_above_avg': -0.3825, 'count_actions': 209}, {'action_type': 'Receiving', 'goals_added_raw': 0.5053, 'goals_added_above_avg': -0.2487, 'count_actions': 242}, {'action_type': 'Shooting', 'goals_added_raw': 0.1676, 'goals_added_above_avg': -0.1742, 'count_actions': 7}]"
aDQ0PJpPQE,EKXMeX3Q64,ST,1720,"[{'action_type': 'Dribbling', 'goals_added_raw': -0.5055, 'goals_added_above_avg': -0.1897, 'count_actions': 123}, {'action_type': 'Fouling', 'goals_added_raw': 0.0551, 'goals_added_above_avg': -0.178, 'count_actions': 50}, {'action_type': 'Interrupting', 'goals_added_raw': 0.3429, 'goals_added_above_avg': -0.2359, 'count_actions': 73}, {'action_type': 'Passing', 'goals_added_raw': -0.6154, 'goals_added_above_avg': 0.0191, 'count_actions': 335}, {'action_type': 'Receiving', 'goals_added_raw': 4.7282, 'goals_added_above_avg': 1.1029, 'count_actions': 322}, {'action_type': 'Shooting', 'goals_added_raw': 1.0989, 'goals_added_above_avg': -0.1844, 'count_actions': 39}]"
aDQ0PZY3QE,NPqxKXZ59d,AM,2423,"[{'action_type': 'Dribbling', 'goals_added_raw': 0.9591, 'goals_added_above_avg': 0.6571, 'count_actions': 329}, {'action_type': 'Fouling', 'goals_added_raw': -0.0973, 'goals_added_above_avg': -0.323, 'count_actions': 34}, {'action_type': 'Interrupting', 'goals_added_raw': 0.7569, 'goals_added_above_avg': -0.4129, 'count_actions': 90}, {'action_type': 'Passing', 'goals_added_raw': 0.2256, 'goals_added_above_avg': -0.4878, 'count_actions': 841}, {'action_type': 'Receiving', 'goals_added_raw': 1.9481, 'goals_added_above_avg': -0.3998, 'count_actions': 775}, {'action_type': 'Shooting', 'goals_added_raw': 1.453, 'goals_added_above_avg': 0.2538, 'count_actions': 56}]"
aDQ0PjypQE,wvq9B9wQWn,CB,2530,"[{'action_type': 'Dribbling', 'goals_added_raw': 0.3653, 'goals_added_above_avg': 0.3112, 'count_actions': 342}, {'action_type': 'Fouling', 'goals_added_raw': -0.0742, 'goals_added_above_avg': 0.1808, 'count_actions': 34}, {'action_type': 'Interrupting', 'goals_added_raw': 1.4316, 'goals_added_above_avg': -0.5521, 'count_actions': 276}, {'action_type': 'Passing', 'goals_added_raw': 1.8875, 'goals_added_above_avg': 0.4737, 'count_actions': 1646}, {'action_type': 'Receiving', 'goals_added_raw': 0.1868, 'goals_added_above_avg': -0.3677, 'count_actions': 1269}, {'action_type': 'Shooting', 'goals_added_raw': 0.1198, 'goals_added_above_avg': -0.1598, 'count_actions': 3}]"
aDQ0PkRRQE,jYQJ8EW5GR,CM,1297,"[{'action_type': 'Dribbling', 'goals_added_raw': 0.2001, 'goals_added_above_avg': 0.0795, 'count_actions': 234}, {'action_type': 'Fouling', 'goals_added_raw': -0.0297, 'goals_added_above_avg': -0.0001, 'count_actions': 38}, {'action_type': 'Interrupting', 'goals_added_raw': 0.984, 'goals_added_above_avg': 0.0682, 'count_actions': 126}, {'action_type': 'Passing', 'goals_added_raw': 0.9876, 'goals_added_above_avg': 0.5004, 'count_actions': 764}, {'action_type': 'Receiving', 'goals_added_raw': 0.3268, 'goals_added_above_avg': -0.1449, 'count_actions': 647}, {'action_type': 'Shooting', 'goals_added_raw': 0.2089, 'goals_added_above_avg': -0.0795, 'count_actions': 6}]"
aDQ0PnvBQE,kRQabn8MKZ,AM,950,"[{'action_type': 'Dribbling', 'goals_added_raw': 0.1297, 'goals_added_above_avg': 0.0141, 'count_actions': 96}, {'action_type': 'Fouling', 'goals_added_raw': 0.0474, 'goals_added_above_avg': -0.0463, 'count_actions': 14}, {'action_type': 'Interrupting', 'goals_added_raw': 0.2141, 'goals_added_above_avg': -0.2287, 'count_actions': 37}, {'action_type': 'Passing', 'goals_added_raw': 0.2975, 'goals_added_above_avg': 0.1099, 'count_actions': 327}, {'action_type': 'Receiving', 'goals_added_raw': 0.836, 'goals_added_above_avg': -0.1735, 'count_actions': 243}, {'action_type': 'Shooting', 'goals_added_raw': 0.5194, 'goals_added_above_avg': 0.0247, 'count_actions': 19}]"
aDQ0aG9pME,KAqBN0Vqbg,W,2216,"[{'action_type': 'Dribbling', 'goals_added_raw': 0.0631, 'goals_added_above_avg': -0.2386, 'count_actions': 390}, {'action_type': 'Fouling', 'goals_added_raw': -0.0176, 'goals_added_above_avg': -0.241, 'count_actions': 30}, {'action_type': 'Interrupting', 'goals_added_raw': 1.1041, 'goals_added_above_avg': 0.1079, 'count_actions': 91}, {'action_type': 'Passing', 'goals_added_raw': 1.1769, 'goals_added_above_avg': 1.2992, 'count_actions': 985}, {'action_type': 'Receiving', 'goals_added_raw': 2.6066, 'goals_added_above_avg': -0.1529, 'count_actions': 885}, {'action_type': 'Shooting', 'goals_added_raw': 1.0418, 'goals_added_above_avg': -0.2071, 'count_actions': 43}]"
aDQ0aNE3ME,kRQand1MKZ,CB,1453,"[{'action_type': 'Dribbling', 'goals_added_raw': 0.0657, 'goals_added_above_avg': 0.0346, 'count_actions': 89}, {'action_type': 'Fouling', 'goals_added_raw': -0.5065, 'goals_added_above_avg': -0.36, 'count_actions': 27}, {'action_type': 'Interrupting', 'goals_added_raw': 0.8335, 'goals_added_above_avg': -0.3057, 'count_actions': 140}, {'action_type': 'Passing', 'goals_added_raw': 0.7915, 'goals_added_above_avg': -0.0205, 'count_actions': 558}, {'action_type': 'Receiving', 'goals_added_raw': 0.3595, 'goals_added_above_avg': 0.0411, 'count_actions': 377}, {'action_type': 'Shooting', 'goals_added_raw': 0.0409, 'goals_added_above_avg': -0.1197, 'count_actions': 2}]"
aDQ0aVkWME,mvzqoLZQap,ST,502,"[{'action_type': 'Dribbling', 'goals_added_raw': -0.0435, 'goals_added_above_avg': 0.0092, 'count_actions': 42}, {'action_type': 'Fouling', 'goals_added_raw': 0.2979, 'goals_added_above_avg': 0.2465, 'count_actions': 17}, {'action_type': 'Interrupting', 'goals_added_raw': 0.1031, 'goals_added_above_avg': -0.1008, 'count_actions': 17}, {'action_type': 'Passing', 'goals_added_raw': 0.1161, 'goals_added_above_avg': 0.1905, 'count_actions': 62}, {'action_type': 'Receiving', 'goals_added_raw': 1.4335, 'goals_added_above_avg': 0.589, 'count_actions': 75}, {'action_type': 'Shooting', 'goals_added_raw': 0.188, 'goals_added_above_avg': -0.1257, 'count_actions': 11}]"
aDQ0aVwlME,pzeQZ6xQKw,CB,1895,"[{'action_type': 'Dribbling', 'goals_added_raw': 0.3705, 'goals_added_above_avg': 0.3299, 'count_actions': 578}, {'action_type': 'Fouling', 'goals_added_raw': -0.0997, 'goals_added_above_avg': 0.0912, 'count_actions': 12}, {'action_type': 'Interrupting', 'goals_added_raw': 1.4187, 'goals_added_above_avg': -0.0671, 'count_actions': 221}, {'action_type': 'Passing', 'goals_added_raw': 1.4604, 'goals_added_above_avg': 0.4015, 'count_actions': 1526}, {'action_type': 'Receiving', 'goals_added_raw': 0.585, 'goals_added_above_avg': 0.1698, 'count_actions': 1330}, {'action_type': 'Shooting', 'goals_added_raw': 0.2007, 'goals_added_above_avg': -0.0088, 'count_actions': 8}]"
aDQ0ao1PME,lgpMOvnQzy,FB,54,"[{'action_type': 'Dribbling', 'goals_added_raw': 0.003, 'goals_added_above_avg': -0.0009, 'count_actions': 2}, {'action_type': 'Fouling', 'goals_added_raw': 0.0032, 'goals_added_above_avg': 0.0054, 'count_actions': 1}, {'action_type': 'Interrupting', 'goals_added_raw': -0.0147, 'goals_added_above_avg': -0.0488, 'count_actions': 8}, {'action_type': 'Passing', 'goals_added_raw': 0.0194, 'goals_added_above_avg': -0.0007, 'count_actions': 30}, {'action_type': 'Receiving', 'goals_added_raw': 0.0031, 'goals_added_above_avg': -0.0109, 'count_actions': 21}, {'action_type': 'Shooting', 'goals_added_raw': 9.5289e-06, 'goals_added_above_avg': -0.0071, 'count_actions': 1}]"
aDQ0l7kWQE,Vj58weDM8n,FB,272,"[{'action_type': 'Dribbling', 'goals_added_raw': 0.0089, 'goals_added_above_avg': -0.0176, 'count_actions': 36}, {'action_type': 'Fouling', 'goals_added_raw': -0.0161, 'goals_added_above_avg': -0.0124, 'count_actions': 2}, {'action_type': 'Interrupting', 'goals_added_raw': 0.118, 'goals_added_above_avg': -0.0452, 'count_actions': 22}, {'action_type': 'Passing', 'goals_added_raw': 0.0659, 'goals_added_above_avg': -0.0155, 'count_actions': 168}, {'action_type': 'Receiving', 'goals_added_raw': 0.1234, 'goals_added_above_avg': 0.0089, 'count_actions': 142}, {'action_type': 'Shooting', 'goals_added_raw': 0.0708, 'goals_added_above_avg': 0.0134, 'count_actions': 5}]"
aDQ0lA2lQE,mKAqBBmqbg,FB,104,"[{'action_type': 'Dribbling', 'goals_added_raw': 0.007, 'goals_added_above_avg': -0.0005, 'count_actions': 8}, {'action_type': 'Fouling', 'goals_added_raw': -0.0014, 'goals_added_above_avg': 0.0029, 'count_actions': 1}, {'action_type': 'Interrupting', 'goals_added_raw': 0.046, 'goals_added_above_avg': -0.0197, 'count_actions': 10}, {'action_type': 'Passing', 'goals_added_raw': -0.089, 'goals_added_above_avg': -0.1277, 'count_actions': 34}, {'action_type': 'Receiving', 'goals_added_raw': 0.038, 'goals_added_above_avg': 0.0112, 'count_actions': 25}, {'action_type': 'Shooting', 'goals_added_raw': 0.0125, 'goals_added_above_avg': -0.0013, 'count_actions': 1}]"
aDQ0lp9pQE,zeQZBOzQKw,CM,965,"[{'action_type': 'Dribbling', 'goals_added_raw': -0.4411, 'goals_added_above_avg': -0.5536, 'count_actions': 172}, {'action_type': 'Fouling', 'goals_added_raw': 0.4384, 'goals_added_above_avg': 0.4199, 'count_actions': 34}, {'action_type': 'Interrupting', 'goals_added_raw': 0.2033, 'goals_added_above_avg': -0.3914, 'count_actions': 76}, {'action_type': 'Passing', 'goals_added_raw': -0.6016, 'goals_added_above_avg': -0.8322, 'count_actions': 407}, {'action_type': 'Receiving', 'goals_added_raw': 1.5102, 'goals_added_above_avg': 0.93, 'count_actions': 373}, {'action_type': 'Shooting', 'goals_added_raw': 0.5147, 'goals_added_above_avg': 0.2003, 'count_actions': 21}]"
aDQ0lryRQE,lgpMOvnQzy,FB,393,"[{'action_type': 'Dribbling', 'goals_added_raw': -0.0135, 'goals_added_above_avg': -0.0419, 'count_actions': 63}, {'action_type': 'Fouling', 'goals_added_raw': -0.0254, 'goals_added_above_avg': -0.0094, 'count_actions': 13}, {'action_type': 'Interrupting', 'goals_added_raw': 0.0672, 'goals_added_above_avg': -0.1812, 'count_actions': 26}, {'action_type': 'Passing', 'goals_added_raw': -0.0141, 'goals_added_above_avg': -0.1603, 'count_actions': 172}, {'action_type': 'Receiving', 'goals_added_raw': 0.0354, 'goals_added_above_avg': -0.066, 'count_actions': 141}, {'action_type': 'Shooting', 'goals_added_raw': 0.0613, 'goals_added_above_avg': 0.0093, 'count_actions': 3}]"
aDQ0x9bpQE,lgpMOvnQzy,ST,476,"[{'action_type': 'Dribbling', 'goals_added_raw': -0.1588, 'goals_added_above_avg': -0.1123, 'count_actions': 56}, {'action_type': 'Fouling', 'goals_added_raw': 0.2852, 'goals_added_above_avg': 0.2323, 'count_actions': 20}, {'action_type': 'Interrupting', 'goals_added_raw': 0.21, 'goals_added_above_avg': 0.0221, 'count_actions': 28}, {'action_type': 'Passing', 'goals_added_raw': -0.304, 'goals_added_above_avg': -0.2041, 'count_actions': 76}, {'action_type': 'Receiving', 'goals_added_raw': 2.0316, 'goals_added_above_avg': 1.2001, 'count_actions': 90}, {'action_type': 'Shooting', 'goals_added_raw': 0.5321, 'goals_added_above_avg': 0.2229, 'count_actions': 15}]"
e7Mz0EpXqr,mKAqBBmqbg,CM,2081,"[{'action_type': 'Dribbling', 'goals_added_raw': 0.2906, 'goals_added_above_avg': 0.0938, 'count_actions': 244}, {'action_type': 'Fouling', 'goals_added_raw': -0.0479, 'goals_added_above_avg': -0.0479, 'count_actions': 65}, {'action_type': 'Interrupting', 'goals_added_raw': 1.0213, 'goals_added_above_avg': -0.3528, 'count_actions': 181}, {'action_type': 'Passing', 'goals_added_raw': -0.5055, 'goals_added_above_avg': -1.2303, 'count_actions': 867}, {'action_type': 'Receiving', 'goals_added_raw': 0.7623, 'goals_added_above_avg': -0.2149, 'count_actions': 737}, {'action_type': 'Shooting', 'goals_added_raw': 0.3923, 'goals_added_above_avg': -0.1759, 'count_actions': 19}]"
e7Mz913GQr,eVq3ya6MWO,CB,1030,"[{'action_type': 'Dribbling', 'goals_added_raw': 0.0147, 'goals_added_above_avg': -0.0073, 'count_actions': 124}, {'action_type': 'Fouling', 'goals_added_raw': -0.017, 'goals_added_above_avg': 0.0868, 'count_actions': 7}, {'action_type': 'Interrupting', 'goals_added_raw': 1.4714, 'goals_added_above_avg': 0.6638, 'count_actions': 109}, {'action_type': 'Passing', 'goals_added_raw': 0.9118, 'goals_added_above_avg': 0.3362, 'count_actions': 659}, {'action_type': 'Receiving', 'goals_added_raw': 0.2268, 'goals_added_above_avg': 0.0011, 'count_actions': 565}, {'action_type': 'Shooting', 'goals_added_raw': 0.1216, 'goals_added_above_avg': 0.0078, 'count_actions': 3}]"
e7Mz9NpeQr,NPqxKXZ59d,FB,1134,"[{'action_type': 'Dribbling', 'goals_added_raw': -0.0093, 'goals_added_above_avg': -0.0911, 'count_actions': 125}, {'action_type': 'Fouling', 'goals_added_raw': -0.0543, 'goals_added_above_avg': -0.0081, 'count_actions': 23}, {'action_type': 'Interrupting', 'goals_added_raw': 0.3449, 'goals_added_above_avg': -0.3718, 'count_actions': 116}, {'action_type': 'Passing', 'goals_added_raw': 0.3164, 'goals_added_above_avg': -0.1056, 'count_actions': 638}, {'action_type': 'Receiving', 'goals_added_raw': 0.3641, 'goals_added_above_avg': 0.0715, 'count_actions': 483}, {'action_type': 'Shooting', 'goals_added_raw': 0.1968, 'goals_added_above_avg': 0.0467, 'count_actions': 7}]"
e7Mz9PWjQr,pzeQZ6xQKw,FB,651,"[{'action_type': 'Dribbling', 'goals_added_raw': 0.0363, 'goals_added_above_avg': -0.0112, 'count_actions': 61}, {'action_type': 'Fouling', 'goals_added_raw': -0.0139, 'goals_added_above_avg': 0.0111, 'count_actions': 9}, {'action_type': 'Interrupting', 'goals_added_raw': 0.58, 'goals_added_above_avg': 0.1667, 'count_actions': 74}, {'action_type': 'Passing', 'goals_added_raw': 0.3743, 'goals_added_above_avg': 0.1341, 'count_actions': 383}, {'action_type': 'Receiving', 'goals_added_raw': 0.2449, 'goals_added_above_avg': 0.0694, 'count_actions': 243}, {'action_type': 'Shooting', 'goals_added_raw': 0.046, 'goals_added_above_avg': -0.0456, 'count_actions': 3}]"
e7Mz9eaOQr,zeQZkL1MKw,CM,2066,"[{'action_type': 'Dribbling', 'goals_added_raw': 0.9532, 'goals_added_above_avg': 0.7441, 'count_actions': 593}, {'action_type': 'Fouling', 'goals_added_raw': 0.0324, 'goals_added_above_avg': 0.0409, 'count_actions': 54}, {'action_type': 'Interrupting', 'goals_added_raw': 1.282, 'goals_added_above_avg': -0.1062, 'count_actions': 142}, {'action_type': 'Passing', 'goals_added_raw': 2.9282, 'goals_added_above_avg': 2.2719, 'count_actions': 1632}, {'action_type': 'Receiving', 'goals_added_raw': 1.2224, 'goals_added_above_avg': 0.2586, 'count_actions': 1456}, {'action_type': 'Shooting', 'goals_added_raw': 0.7626, 'goals_added_above_avg': 0.2045, 'count_actions': 29}]"
e7MzAxyGQr,NPqxKXZ59d,CB,925,"[{'action_type': 'Dribbling', 'goals_added_raw': 0.1035, 'goals_added_above_avg': 0.0837, 'count_actions': 117}, {'action_type': 'Fouling', 'goals_added_raw': 9.0301e-06, 'goals_added_above_avg': 0.0932, 'count_actions': 10}, {'action_type': 'Interrupting', 'goals_added_raw': 2.3245, 'goals_added_above_avg': 1.5992, 'count_actions': 116}, {'action_type': 'Passing', 'goals_added_raw': 0.5686, 'goals_added_above_avg': 0.0517, 'count_actions': 514}, {'action_type': 'Receiving', 'goals_added_raw': 0.2064, 'goals_added_above_avg': 0.0037, 'count_actions': 433}, {'action_type': 'Shooting', 'goals_added_raw': 0.0931, 'goals_added_above_avg': -0.0092, 'count_actions': 3}]"
e7MzJPvGMr,kaDQ0wRqEv,FB,1087,"[{'action_type': 'Dribbling', 'goals_added_raw': 0.1202, 'goals_added_above_avg': 0.0452, 'count_actions': 160}, {'action_type': 'Fouling', 'goals_added_raw': -0.1071, 'goals_added_above_avg': -0.0587, 'count_actions': 30}, {'action_type': 'Interrupting', 'goals_added_raw': 0.8613, 'goals_added_above_avg': 0.164, 'count_actions': 130}, {'action_type': 'Passing', 'goals_added_raw': 0.2999, 'goals_added_above_avg': -0.1173, 'count_actions': 707}, {'action_type': 'Receiving', 'goals_added_raw': 0.0515, 'goals_added_above_avg': -0.2263, 'count_actions': 558}, {'action_type': 'Shooting', 'goals_added_raw': 0.0373, 'goals_added_above_avg': -0.1051, 'count_actions': 1}]"
e7MzJV2GMr,Vj58weDM8n,ST,2355,"[{'action_type': 'Dribbling', 'goals_added_raw': 1.055, 'goals_added_above_avg': 1.2589, 'count_actions': 517}, {'action_type': 'Fouling', 'goals_added_raw': 0.6644, 'goals_added_above_avg': 0.426, 'count_actions': 119}, {'action_type': 'Interrupting', 'goals_added_raw': 0.8592, 'goals_added_above_avg': -0.1419, 'count_actions': 145}, {'action_type': 'Passing', 'goals_added_raw': 1.1347, 'goals_added_above_avg': 1.4418, 'count_actions': 1062}, {'action_type': 'Receiving', 'goals_added_raw': 1.6727, 'goals_added_above_avg': -2.1281, 'count_actions': 956}, {'action_type': 'Shooting', 'goals_added_raw': 1.5849, 'goals_added_above_avg': 0.1401, 'count_actions': 62}]"
e7MzJVJ7Mr,pzeQZ6xQKw,W,121,"[{'action_type': 'Dribbling', 'goals_added_raw': 0.0219, 'goals_added_above_avg': 0.0039, 'count_actions': 21}, {'action_type': 'Fouling', 'goals_added_raw': -0.0173, 'goals_added_above_avg': -0.0215, 'count_actions': 3}, {'action_type': 'Interrupting', 'goals_added_raw': 0.0975, 'goals_added_above_avg': 0.0255, 'count_actions': 7}, {'action_type': 'Passing', 'goals_added_raw': -0.1107, 'goals_added_above_avg': -0.1345, 'count_actions': 59}, {'action_type': 'Receiving', 'goals_added_raw': 0.0625, 'goals_added_above_avg': -0.0239, 'count_actions': 54}, {'action_type': 'Shooting', 'goals_added_raw': 0.0829, 'goals_added_above_avg': 0.0376, 'count_actions': 3}]"
e7MzZ63OMr,mKAqBBmqbg,FB,1390,"[{'action_type': 'Dribbling', 'goals_added_raw': 1.1532, 'goals_added_above_avg': 1.0462, 'count_actions': 232}, {'action_type': 'Fouling', 'goals_added_raw': 0.3245, 'goals_added_above_avg': 0.3747, 'count_actions': 35}, {'action_type': 'Interrupting', 'goals_added_raw': 0.6316, 'goals_added_above_avg': -0.2462, 'count_actions': 133}, {'action_type': 'Passing', 'goals_added_raw': 0.1422, 'goals_added_above_avg': -0.3595, 'count_actions': 505}, {'action_type': 'Receiving', 'goals_added_raw': 0.3018, 'goals_added_above_avg': -0.1243, 'count_actions': 400}, {'action_type': 'Shooting', 'goals_added_raw': 0.3528, 'goals_added_above_avg': 0.1364, 'count_actions': 14}]"
e7MzZNxJMr,zeQZkL1MKw,CM,129,"[{'action_type': 'Dribbling', 'goals_added_raw': 0.0631, 'goals_added_above_avg': 0.0518, 'count_actions': 19}, {'action_type': 'Fouling', 'goals_added_raw': 0, 'goals_added_above_avg': -0.009, 'count_actions': 0}, {'action_type': 'Interrupting', 'goals_added_raw': 0.1045, 'goals_added_above_avg': 0.0382, 'count_actions': 11}, {'action_type': 'Passing', 'goals_added_raw': 0.1797, 'goals_added_above_avg': 0.166, 'count_actions': 65}, {'action_type': 'Receiving', 'goals_added_raw': 0.0374, 'goals_added_above_avg': -0.0941, 'count_actions': 60}, {'action_type': 'Shooting', 'goals_added_raw': 0.0979, 'goals_added_above_avg': 0.0368, 'count_actions': 3}]"
e7MzZpaXMr,vzqoOgNqap,FB,611,"[{'action_type': 'Dribbling', 'goals_added_raw': -0.0458, 'goals_added_above_avg': -0.0913, 'count_actions': 65}, {'action_type': 'Fouling', 'goals_added_raw': -0.003, 'goals_added_above_avg': 0.022, 'count_actions': 6}, {'action_type': 'Interrupting', 'goals_added_raw': 0.3502, 'goals_added_above_avg': -0.0412, 'count_actions': 67}, {'action_type': 'Passing', 'goals_added_raw': -0.0196, 'goals_added_above_avg': -0.2501, 'count_actions': 348}, {'action_type': 'Receiving', 'goals_added_raw': 0.2474, 'goals_added_above_avg': 0.0889, 'count_actions': 269}, {'action_type': 'Shooting', 'goals_added_raw': 0.0601, 'goals_added_above_avg': -0.0229, 'count_actions': 4}]"
e7MzxlJqr0,zeQZBOzQKw,ST,65,"[{'action_type': 'Dribbling', 'goals_added_raw': -0.0711, 'goals_added_above_avg': -0.0592, 'count_actions': 5}, {'action_type': 'Fouling', 'goals_added_raw': 0.2507, 'goals_added_above_avg': 0.2419, 'count_actions': 3}, {'action_type': 'Interrupting', 'goals_added_raw': 0.0094, 'goals_added_above_avg': -0.0125, 'count_actions': 1}, {'action_type': 'Passing', 'goals_added_raw': -0.0234, 'goals_added_above_avg': 0.0006, 'count_actions': 11}, {'action_type': 'Receiving', 'goals_added_raw': 0.0575, 'goals_added_above_avg': -0.0795, 'count_actions': 11}, {'action_type': 'Shooting', 'goals_added_raw': 0.0247, 'goals_added_above_avg': -0.0238, 'count_actions': 2}]"
e7MzzmEeMr,zeQZBOzQKw,CB,2379,"[{'action_type': 'Dribbling', 'goals_added_raw': 0.3284, 'goals_added_above_avg': 0.2775, 'count_actions': 596}, {'action_type': 'Fouling', 'goals_added_raw': -0.2048, 'goals_added_above_avg': 0.0349, 'count_actions': 41}, {'action_type': 'Interrupting', 'goals_added_raw': 2.5883, 'goals_added_above_avg': 0.7229, 'count_actions': 284}, {'action_type': 'Passing', 'goals_added_raw': 2.4377, 'goals_added_above_avg': 1.1083, 'count_actions': 2157}, {'action_type': 'Receiving', 'goals_added_raw': 0.0683, 'goals_added_above_avg': -0.4531, 'count_actions': 1776}, {'action_type': 'Shooting', 'goals_added_raw': 0.1004, 'goals_added_above_avg': -0.1626, 'count_actions': 5}]"
eV5D0G2Z5K,NWMWlBK5lz,CB,288,"[{'action_type': 'Dribbling', 'goals_added_raw': 0.0187, 'goals_added_above_avg': 0.0046, 'count_actions': 55}, {'action_type': 'Fouling', 'goals_added_raw': 0.0365, 'goals_added_above_avg': 0.0561, 'count_actions': 9}, {'action_type': 'Interrupting', 'goals_added_raw': 0.2972, 'goals_added_above_avg': 0.0953, 'count_actions': 29}, {'action_type': 'Passing', 'goals_added_raw': -0.057, 'goals_added_above_avg': -0.1886, 'count_actions': 117}, {'action_type': 'Receiving', 'goals_added_raw': 0.0449, 'goals_added_above_avg': -0.0243, 'count_actions': 89}, {'action_type': 'Shooting', 'goals_added_raw': 0, 'goals_added_above_avg': -0.0353, 'count_actions': 0}]"
eV5D0on95K,jYQJ19EqGR,CB,389,"[{'action_type': 'Dribbling', 'goals_added_raw': 0.0501, 'goals_added_above_avg': 0.0382, 'count_actions': 40}, {'action_type': 'Fouling', 'goals_added_raw': 0.0014, 'goals_added_above_avg': 0.0354, 'count_actions': 5}, {'action_type': 'Interrupting', 'goals_added_raw': 0.4595, 'goals_added_above_avg': 0.1605, 'count_actions': 57}, {'action_type': 'Passing', 'goals_added_raw': 0.2699, 'goals_added_above_avg': 0.0655, 'count_actions': 207}, {'action_type': 'Receiving', 'goals_added_raw': 0.0363, 'goals_added_above_avg': -0.0608, 'count_actions': 171}, {'action_type': 'Shooting', 'goals_added_raw': 0.0391, 'goals_added_above_avg': -0.0121, 'count_actions': 1}]"
eV5D21BAQK,Z2vQ1xlqrA,CB,1539,"[{'action_type': 'Dribbling', 'goals_added_raw': -0.1018, 'goals_added_above_avg': -0.1391, 'count_actions': 158}, {'action_type': 'Fouling', 'goals_added_raw': -0.0182, 'goals_added_above_avg': 0.1318, 'count_actions': 5}, {'action_type': 'Interrupting', 'goals_added_raw': 1.7002, 'goals_added_above_avg': 0.5065, 'count_actions': 212}, {'action_type': 'Passing', 'goals_added_raw': 0.4935, 'goals_added_above_avg': -0.3506, 'count_actions': 764}, {'action_type': 'Receiving', 'goals_added_raw': 0.1516, 'goals_added_above_avg': -0.189, 'count_actions': 609}, {'action_type': 'Shooting', 'goals_added_raw': 0.0381, 'goals_added_above_avg': -0.1338, 'count_actions': 1}]"
eV5D2NgaQK,9z5k7Yg5A3,FB,272,"[{'action_type': 'Dribbling', 'goals_added_raw': -0.5708, 'goals_added_above_avg': -0.5904, 'count_actions': 49}, {'action_type': 'Fouling', 'goals_added_raw': 0.0151, 'goals_added_above_avg': 0.0262, 'count_actions': 14}, {'action_type': 'Interrupting', 'goals_added_raw': 0.1312, 'goals_added_above_avg': -0.0407, 'count_actions': 40}, {'action_type': 'Passing', 'goals_added_raw': 0.2007, 'goals_added_above_avg': 0.0995, 'count_actions': 115}, {'action_type': 'Receiving', 'goals_added_raw': 0.0444, 'goals_added_above_avg': -0.0258, 'count_actions': 68}, {'action_type': 'Shooting', 'goals_added_raw': 0.0402, 'goals_added_above_avg': 0.0042, 'count_actions': 3}]"
eV5D2RJAQK,a2lqR4JMr0,CM,2292,"[{'action_type': 'Dribbling', 'goals_added_raw': 0.5862, 'goals_added_above_avg': 0.3882, 'count_actions': 379}, {'action_type': 'Fouling', 'goals_added_raw': 0.1269, 'goals_added_above_avg': 0.1463, 'count_actions': 42}, {'action_type': 'Interrupting', 'goals_added_raw': 1.5819, 'goals_added_above_avg': 0.0266, 'count_actions': 228}, {'action_type': 'Passing', 'goals_added_raw': 0.3033, 'goals_added_above_avg': -0.4518, 'count_actions': 1351}, {'action_type': 'Receiving', 'goals_added_raw': 0.6544, 'goals_added_above_avg': -0.3243, 'count_actions': 1108}, {'action_type': 'Shooting', 'goals_added_raw': 0.479, 'goals_added_above_avg': -0.1051, 'count_actions': 24}]"
eV5DB6nQKn,a2lqRX2Mr0,ST,452,"[{'action_type': 'Dribbling', 'goals_added_raw': 0.2548, 'goals_added_above_avg': 0.2595, 'count_actions': 71}, {'action_type': 'Fouling', 'goals_added_raw': 0.046, 'goals_added_above_avg': 0.0048, 'count_actions': 14}, {'action_type': 'Interrupting', 'goals_added_raw': 0.0649, 'goals_added_above_avg': -0.1399, 'count_actions': 11}, {'action_type': 'Passing', 'goals_added_raw': -0.6092, 'goals_added_above_avg': -0.5615, 'count_actions': 123}, {'action_type': 'Receiving', 'goals_added_raw': 0.8481, 'goals_added_above_avg': 0.1922, 'count_actions': 131}, {'action_type': 'Shooting', 'goals_added_raw': 0.3189, 'goals_added_above_avg': 0.0581, 'count_actions': 12}]"
eV5DL18a5K,kaDQ0wRqEv,CB,1880,"[{'action_type': 'Dribbling', 'goals_added_raw': 0.1009, 'goals_added_above_avg': 0.0606, 'count_actions': 309}, {'action_type': 'Fouling', 'goals_added_raw': -0.0919, 'goals_added_above_avg': 0.0976, 'count_actions': 23}, {'action_type': 'Interrupting', 'goals_added_raw': 1.6583, 'goals_added_above_avg': 0.1843, 'count_actions': 254}, {'action_type': 'Passing', 'goals_added_raw': 1.164, 'goals_added_above_avg': 0.1134, 'count_actions': 1144}, {'action_type': 'Receiving', 'goals_added_raw': 0.1317, 'goals_added_above_avg': -0.2803, 'count_actions': 956}, {'action_type': 'Shooting', 'goals_added_raw': 0.0691, 'goals_added_above_avg': -0.1387, 'count_actions': 8}]"
eV5DL1xR5K,mvzqoLZQap,CB,2569,"[{'action_type': 'Dribbling', 'goals_added_raw': 0.9325, 'goals_added_above_avg': 0.8504, 'count_actions': 510}, {'action_type': 'Fouling', 'goals_added_raw': -0.0081, 'goals_added_above_avg': 0.2194, 'count_actions': 31}, {'action_type': 'Interrupting', 'goals_added_raw': 1.3519, 'goals_added_above_avg': -0.622, 'count_actions': 309}, {'action_type': 'Passing', 'goals_added_raw': 0.9904, 'goals_added_above_avg': -0.3665, 'count_actions': 1711}, {'action_type': 'Receiving', 'goals_added_raw': 0.1084, 'goals_added_above_avg': -0.5088, 'count_actions': 1412}, {'action_type': 'Shooting', 'goals_added_raw': 0.2589, 'goals_added_above_avg': -0.0652, 'count_actions': 10}]"
eV5DL9aZ5K,APk5LGOMOW,FB,2261,"[{'action_type': 'Dribbling', 'goals_added_raw': 0.0557, 'goals_added_above_avg': -0.1075, 'count_actions': 265}, {'action_type': 'Fouling', 'goals_added_raw': 0.2576, 'goals_added_above_avg': 0.3498, 'count_actions': 16}, {'action_type': 'Interrupting', 'goals_added_raw': 0.8662, 'goals_added_above_avg': -0.5628, 'count_actions': 172}, {'action_type': 'Passing', 'goals_added_raw': 1.0364, 'goals_added_above_avg': 0.1951, 'count_actions': 1190}, {'action_type': 'Receiving', 'goals_added_raw': 0.4796, 'goals_added_above_avg': -0.1038, 'count_actions': 833}, {'action_type': 'Shooting', 'goals_added_raw': 0.1597, 'goals_added_above_avg': -0.1396, 'count_actions': 7}]"
eV5DLWdm5K,"['KAqBN0Vqbg', 'WBLMvYAQxe']",FB,430,"[{'action_type': 'Dribbling', 'goals_added_raw': 0.0067, 'goals_added_above_avg': -0.0243, 'count_actions': 51}, {'action_type': 'Fouling', 'goals_added_raw': -0.047, 'goals_added_above_avg': -0.0294, 'count_actions': 14}, {'action_type': 'Interrupting', 'goals_added_raw': 0.2177, 'goals_added_above_avg': -0.054, 'count_actions': 45}, {'action_type': 'Passing', 'goals_added_raw': 0.083, 'goals_added_above_avg': -0.077, 'count_actions': 230}, {'action_type': 'Receiving', 'goals_added_raw': 0.0953, 'goals_added_above_avg': -0.0157, 'count_actions': 162}, {'action_type': 'Shooting', 'goals_added_raw': 8.4922e-06, 'goals_added_above_avg': -0.0569, 'count_actions': 1}]"
eV5DLnOY5K,vzqoOgNqap,CB,1810,"[{'action_type': 'Dribbling', 'goals_added_raw': 0.1646, 'goals_added_above_avg': 0.1259, 'count_actions': 292}, {'action_type': 'Fouling', 'goals_added_raw': -0.1533, 'goals_added_above_avg': 0.0291, 'count_actions': 35}, {'action_type': 'Interrupting', 'goals_added_raw': 1.3791, 'goals_added_above_avg': -0.0401, 'count_actions': 241}, {'action_type': 'Passing', 'goals_added_raw': 1.4543, 'goals_added_above_avg': 0.4428, 'count_actions': 1290}, {'action_type': 'Receiving', 'goals_added_raw': 0.4426, 'goals_added_above_avg': 0.0459, 'count_actions': 1126}, {'action_type': 'Shooting', 'goals_added_raw': 0.2727, 'goals_added_above_avg': 0.0726, 'count_actions': 11}]"
eV5DRabAQK,kRQabn8MKZ,CB,85,"[{'action_type': 'Dribbling', 'goals_added_raw': 0.0073, 'goals_added_above_avg': 0.0033, 'count_actions': 9}, {'action_type': 'Fouling', 'goals_added_raw': -0.0368, 'goals_added_above_avg': -0.0307, 'count_actions': 3}, {'action_type': 'Interrupting', 'goals_added_raw': 0.1801, 'goals_added_above_avg': 0.1199, 'count_actions': 13}, {'action_type': 'Passing', 'goals_added_raw': -0.001, 'goals_added_above_avg': -0.0406, 'count_actions': 30}, {'action_type': 'Receiving', 'goals_added_raw': -0.001, 'goals_added_above_avg': -0.0213, 'count_actions': 21}, {'action_type': 'Shooting', 'goals_added_raw': 0, 'goals_added_above_avg': -0.0103, 'count_actions': 0}]"
eV5DkvNOMK,jYQJ19EqGR,CB,726,"[{'action_type': 'Dribbling', 'goals_added_raw': 0.1607, 'goals_added_above_avg': 0.1452, 'count_actions': 92}, {'action_type': 'Fouling', 'goals_added_raw': -0.0165, 'goals_added_above_avg': 0.0567, 'count_actions': 7}, {'action_type': 'Interrupting', 'goals_added_raw': 0.1387, 'goals_added_above_avg': -0.4306, 'count_actions': 82}, {'action_type': 'Passing', 'goals_added_raw': 0.2972, 'goals_added_above_avg': -0.1085, 'count_actions': 378}, {'action_type': 'Receiving', 'goals_added_raw': 0.209, 'goals_added_above_avg': 0.0499, 'count_actions': 317}, {'action_type': 'Shooting', 'goals_added_raw': 0.1174, 'goals_added_above_avg': 0.0371, 'count_actions': 5}]"
eV5DkxpAMK,mvzqoLZQap,W,171,"[{'action_type': 'Dribbling', 'goals_added_raw': 0.0761, 'goals_added_above_avg': 0.0572, 'count_actions': 37}, {'action_type': 'Fouling', 'goals_added_raw': -0.0052, 'goals_added_above_avg': -0.0165, 'count_actions': 3}, {'action_type': 'Interrupting', 'goals_added_raw': 0.0019, 'goals_added_above_avg': -0.0843, 'count_actions': 5}, {'action_type': 'Passing', 'goals_added_raw': -0.1167, 'goals_added_above_avg': -0.1254, 'count_actions': 51}, {'action_type': 'Receiving', 'goals_added_raw': 0.1179, 'goals_added_above_avg': -0.0553, 'count_actions': 56}, {'action_type': 'Shooting', 'goals_added_raw': 0.0894, 'goals_added_above_avg': 0.0102, 'count_actions': 2}]"
eV5DkyKOMK,vzqoOgNqap,W,516,"[{'action_type': 'Dribbling', 'goals_added_raw': 0.1489, 'goals_added_above_avg': 0.053, 'count_actions': 124}, {'action_type': 'Fouling', 'goals_added_raw': 0.0712, 'goals_added_above_avg': 0.0293, 'count_actions': 20}, {'action_type': 'Interrupting', 'goals_added_raw': 0.3307, 'goals_added_above_avg': 0.074, 'count_actions': 52}, {'action_type': 'Passing', 'goals_added_raw': 0.1596, 'goals_added_above_avg': 0.1352, 'count_actions': 192}, {'action_type': 'Receiving', 'goals_added_raw': 1.0657, 'goals_added_above_avg': 0.5534, 'count_actions': 185}, {'action_type': 'Shooting', 'goals_added_raw': 0.3303, 'goals_added_above_avg': 0.0757, 'count_actions': 12}]"
eV5DpPa5Kn,X0Oq66zq6D,ST,793,"[{'action_type': 'Dribbling', 'goals_added_raw': 0.2016, 'goals_added_above_avg': 0.3472, 'count_actions': 86}, {'action_type': 'Fouling', 'goals_added_raw': 0.3299, 'goals_added_above_avg': 0.2224, 'count_actions': 29}, {'action_type': 'Interrupting', 'goals_added_raw': 0.0058, 'goals_added_above_avg': -0.2611, 'count_actions': 27}, {'action_type': 'Passing', 'goals_added_raw': -0.2528, 'goals_added_above_avg': 0.0397, 'count_actions': 148}, {'action_type': 'Receiving', 'goals_added_raw': 1.6, 'goals_added_above_avg': -0.0715, 'count_actions': 167}, {'action_type': 'Shooting', 'goals_added_raw': 0.742, 'goals_added_above_avg': 0.1504, 'count_actions': 23}]"
eV5Dz67ZQK,9z5k7Yg5A3,CM,1896,"[{'action_type': 'Dribbling', 'goals_added_raw': 0.2581, 'goals_added_above_avg': 0.0924, 'count_actions': 194}, {'action_type': 'Fouling', 'goals_added_raw': -0.0761, 'goals_added_above_avg': -0.057, 'count_actions': 42}, {'action_type': 'Interrupting', 'goals_added_raw': 1.5263, 'goals_added_above_avg': 0.2323, 'count_actions': 212}, {'action_type': 'Passing', 'goals_added_raw': 0.443, 'goals_added_above_avg': -0.1924, 'count_actions': 862}, {'action_type': 'Receiving', 'goals_added_raw': 0.2351, 'goals_added_above_avg': -0.5613, 'count_actions': 597}, {'action_type': 'Shooting', 'goals_added_raw': 0.1322, 'goals_added_above_avg': -0.3447, 'count_actions': 9}]"
eV5DzXvnQK,APk5LGOMOW,CB,2096,"[{'action_type': 'Dribbling', 'goals_added_raw': -0.1654, 'goals_added_above_avg': -0.2199, 'count_actions': 329}, {'action_type': 'Fouling', 'goals_added_raw': 0.0191, 'goals_added_above_avg': 0.2189, 'count_actions': 34}, {'action_type': 'Interrupting', 'goals_added_raw': 1.7034, 'goals_added_above_avg': 0.0889, 'count_actions': 279}, {'action_type': 'Passing', 'goals_added_raw': 1.51, 'goals_added_above_avg': 0.3742, 'count_actions': 1059}, {'action_type': 'Receiving', 'goals_added_raw': 0.2612, 'goals_added_above_avg': -0.2055, 'count_actions': 799}, {'action_type': 'Shooting', 'goals_added_raw': 0.2922, 'goals_added_above_avg': 0.0564, 'count_actions': 18}]"
eV5Dzm8EQK,eVq3ya6MWO,CB,284,"[{'action_type': 'Dribbling', 'goals_added_raw': -0.0089, 'goals_added_above_avg': -0.0222, 'count_actions': 35}, {'action_type': 'Fouling', 'goals_added_raw': -0.0059, 'goals_added_above_avg': 0.0142, 'count_actions': 6}, {'action_type': 'Interrupting', 'goals_added_raw': 0.2046, 'goals_added_above_avg': 0.0036, 'count_actions': 34}, {'action_type': 'Passing', 'goals_added_raw': 0.1607, 'goals_added_above_avg': 0.0285, 'count_actions': 181}, {'action_type': 'Receiving', 'goals_added_raw': 0.0278, 'goals_added_above_avg': -0.0399, 'count_actions': 154}, {'action_type': 'Shooting', 'goals_added_raw': 0, 'goals_added_above_avg': -0.0345, 'count_actions': 0}]"
eV5Dzr7EQK,gpMOLwl5zy,ST,375,"[{'action_type': 'Dribbling', 'goals_added_raw': -0.0374, 'goals_added_above_avg': -0.0409, 'count_actions': 43}, {'action_type': 'Fouling', 'goals_added_raw': -0.0006, 'goals_added_above_avg': -0.0326, 'count_actions': 14}, {'action_type': 'Interrupting', 'goals_added_raw': 0.1473, 'goals_added_above_avg': -0.022, 'count_actions': 31}, {'action_type': 'Passing', 'goals_added_raw': -0.2461, 'goals_added_above_avg': -0.2165, 'count_actions': 92}, {'action_type': 'Receiving', 'goals_added_raw': 0.4541, 'goals_added_above_avg': -0.0538, 'count_actions': 86}, {'action_type': 'Shooting', 'goals_added_raw': 0.0967, 'goals_added_above_avg': -0.1078, 'count_actions': 5}]"
eVq3aOPvMW,WBLMvYAQxe,ST,231,"[{'action_type': 'Dribbling', 'goals_added_raw': 0.0778, 'goals_added_above_avg': 0.093, 'count_actions': 41}, {'action_type': 'Fouling', 'goals_added_raw': -0.0035, 'goals_added_above_avg': -0.0271, 'count_actions': 14}, {'action_type': 'Interrupting', 'goals_added_raw': 0.0214, 'goals_added_above_avg': -0.0774, 'count_actions': 11}, {'action_type': 'Passing', 'goals_added_raw': -0.6157, 'goals_added_above_avg': -0.5953, 'count_actions': 89}, {'action_type': 'Receiving', 'goals_added_raw': 0.4622, 'goals_added_above_avg': 0.1039, 'count_actions': 82}, {'action_type': 'Shooting', 'goals_added_raw': 0.1786, 'goals_added_above_avg': 0.0391, 'count_actions': 6}]"
eVq3alzDMW,gpMOLwl5zy,FB,1025,"[{'action_type': 'Dribbling', 'goals_added_raw': 0.0627, 'goals_added_above_avg': 0.0061, 'count_actions': 169}, {'action_type': 'Fouling', 'goals_added_raw': 0.1536, 'goals_added_above_avg': 0.2159, 'count_actions': 30}, {'action_type': 'Interrupting', 'goals_added_raw': 1.3948, 'goals_added_above_avg': 0.6951, 'count_actions': 121}, {'action_type': 'Passing', 'goals_added_raw': 0.3305, 'goals_added_above_avg': -0.1147, 'count_actions': 596}, {'action_type': 'Receiving', 'goals_added_raw': 0.3675, 'goals_added_above_avg': 0.1163, 'count_actions': 452}, {'action_type': 'Shooting', 'goals_added_raw': 0.1646, 'goals_added_above_avg': 0.0363, 'count_actions': 7}]"
eVq3eJOwMW,Vj58weDM8n,DM,34,"[{'action_type': 'Dribbling', 'goals_added_raw': 0.023, 'goals_added_above_avg': 0.0194, 'count_actions': 4}, {'action_type': 'Fouling', 'goals_added_raw': 0.0031, 'goals_added_above_avg': 0.0046, 'count_actions': 1}, {'action_type': 'Interrupting', 'goals_added_raw': 0.0274, 'goals_added_above_avg': 0.0016, 'count_actions': 3}, {'action_type': 'Passing', 'goals_added_raw': -0.0331, 'goals_added_above_avg': -0.0484, 'count_actions': 13}, {'action_type': 'Receiving', 'goals_added_raw': 0.0023, 'goals_added_above_avg': -0.0072, 'count_actions': 12}, {'action_type': 'Shooting', 'goals_added_raw': 0, 'goals_added_above_avg': -0.0063, 'count_actions': 0}]"
eVq3ejEvMW,"['Vj58weDM8n', 'Z2vQ1xlqrA']",ST,222,"[{'action_type': 'Dribbling', 'goals_added_raw': -0.0425, 'goals_added_above_avg': -0.0171, 'count_actions': 25}, {'action_type': 'Fouling', 'goals_added_raw': -0.0019, 'goals_added_above_avg': -0.0269, 'count_actions': 6}, {'action_type': 'Interrupting', 'goals_added_raw': 0.06, 'goals_added_above_avg': -0.0261, 'count_actions': 10}, {'action_type': 'Passing', 'goals_added_raw': 0.0083, 'goals_added_above_avg': 0.0635, 'count_actions': 32}, {'action_type': 'Receiving', 'goals_added_raw': 0.3594, 'goals_added_above_avg': -0.0458, 'count_actions': 39}, {'action_type': 'Shooting', 'goals_added_raw': 0.0646, 'goals_added_above_avg': -0.084, 'count_actions': 3}]"
eVq3jBAv5W,eVq3ya6MWO,ST,455,"[{'action_type': 'Dribbling', 'goals_added_raw': 0.1809, 'goals_added_above_avg': 0.2162, 'count_actions': 25}, {'action_type': 'Fouling', 'goals_added_raw': 0.0167, 'goals_added_above_avg': -0.035, 'count_actions': 6}, {'action_type': 'Interrupting', 'goals_added_raw': -0.269, 'goals_added_above_avg': -0.4505, 'count_actions': 9}, {'action_type': 'Passing', 'goals_added_raw': -0.4703, 'goals_added_above_avg': -0.3823, 'count_actions': 81}, {'action_type': 'Receiving', 'goals_added_raw': 0.635, 'goals_added_above_avg': -0.1487, 'count_actions': 74}, {'action_type': 'Shooting', 'goals_added_raw': 0.1937, 'goals_added_above_avg': -0.103, 'count_actions': 6}]"
eVq3jBjj5W,NWMWlBK5lz,ST,1090,"[{'action_type': 'Dribbling', 'goals_added_raw': -0.0184, 'goals_added_above_avg': 0.0613, 'count_actions': 107}, {'action_type': 'Fouling', 'goals_added_raw': 0.1174, 'goals_added_above_avg': -0.0083, 'count_actions': 19}, {'action_type': 'Interrupting', 'goals_added_raw': 0.4736, 'goals_added_above_avg': 0.0419, 'count_actions': 55}, {'action_type': 'Passing', 'goals_added_raw': -0.6719, 'goals_added_above_avg': -0.4808, 'count_actions': 261}, {'action_type': 'Receiving', 'goals_added_raw': 2.4678, 'goals_added_above_avg': 0.6145, 'count_actions': 262}, {'action_type': 'Shooting', 'goals_added_raw': 0.7532, 'goals_added_above_avg': 0.0445, 'count_actions': 20}]"
eVq3jDBG5W,a2lqRX2Mr0,CM,496,"[{'action_type': 'Dribbling', 'goals_added_raw': 0.2034, 'goals_added_above_avg': 0.1601, 'count_actions': 62}, {'action_type': 'Fouling', 'goals_added_raw': -0.0173, 'goals_added_above_avg': -0.004, 'count_actions': 12}, {'action_type': 'Interrupting', 'goals_added_raw': -0.0259, 'goals_added_above_avg': -0.3794, 'count_actions': 28}, {'action_type': 'Passing', 'goals_added_raw': -0.0534, 'goals_added_above_avg': -0.2446, 'count_actions': 179}, {'action_type': 'Receiving', 'goals_added_raw': 0.5313, 'goals_added_above_avg': 0.3507, 'count_actions': 160}, {'action_type': 'Shooting', 'goals_added_raw': 0.335, 'goals_added_above_avg': 0.2253, 'count_actions': 12}]"
eVq3jJYw5W,0KPqjA456v,DM,300,"[{'action_type': 'Dribbling', 'goals_added_raw': 0.0445, 'goals_added_above_avg': 0.0125, 'count_actions': 25}, {'action_type': 'Fouling', 'goals_added_raw': 0.0022, 'goals_added_above_avg': 0.0151, 'count_actions': 8}, {'action_type': 'Interrupting', 'goals_added_raw': 0.2623, 'goals_added_above_avg': 0.034, 'count_actions': 27}, {'action_type': 'Passing', 'goals_added_raw': -0.0634, 'goals_added_above_avg': -0.1983, 'count_actions': 111}, {'action_type': 'Receiving', 'goals_added_raw': 0.0142, 'goals_added_above_avg': -0.0696, 'count_actions': 87}, {'action_type': 'Shooting', 'goals_added_raw': 0.0272, 'goals_added_above_avg': -0.0281, 'count_actions': 1}]"
eVq3jn1g5W,pzeQZ6xQKw,AM,313,"[{'action_type': 'Dribbling', 'goals_added_raw': 0.026, 'goals_added_above_avg': -0.0084, 'count_actions': 43}, {'action_type': 'Fouling', 'goals_added_raw': -0.0019, 'goals_added_above_avg': -0.0082, 'count_actions': 11}, {'action_type': 'Interrupting', 'goals_added_raw': 0.0686, 'goals_added_above_avg': -0.1284, 'count_actions': 11}, {'action_type': 'Passing', 'goals_added_raw': 0.0917, 'goals_added_above_avg': -0.0246, 'count_actions': 142}, {'action_type': 'Receiving', 'goals_added_raw': 0.1619, 'goals_added_above_avg': -0.0166, 'count_actions': 123}, {'action_type': 'Shooting', 'goals_added_raw': 0.1453, 'goals_added_above_avg': 0.0445, 'count_actions': 8}]"
eVq3jx6G5W,lgpMOvnQzy,DM,1893,"[{'action_type': 'Dribbling', 'goals_added_raw': -0.0702, 'goals_added_above_avg': -0.2721, 'count_actions': 270}, {'action_type': 'Fouling', 'goals_added_raw': -0.1709, 'goals_added_above_avg': -0.0898, 'count_actions': 52}, {'action_type': 'Interrupting', 'goals_added_raw': 1.2069, 'goals_added_above_avg': -0.2338, 'count_actions': 270}, {'action_type': 'Passing', 'goals_added_raw': 0.618, 'goals_added_above_avg': -0.2329, 'count_actions': 1071}, {'action_type': 'Receiving', 'goals_added_raw': 0.1329, 'goals_added_above_avg': -0.3957, 'count_actions': 807}, {'action_type': 'Shooting', 'goals_added_raw': 0.2586, 'goals_added_above_avg': -0.0906, 'count_actions': 13}]"
eVq3jyYV5W,a2lqR4JMr0,CB,1208,"[{'action_type': 'Dribbling', 'goals_added_raw': 0.0724, 'goals_added_above_avg': 0.0465, 'count_actions': 171}, {'action_type': 'Fouling', 'goals_added_raw': -0.2835, 'goals_added_above_avg': -0.1617, 'count_actions': 13}, {'action_type': 'Interrupting', 'goals_added_raw': 0.4032, 'goals_added_above_avg': -0.544, 'count_actions': 136}, {'action_type': 'Passing', 'goals_added_raw': 0.6152, 'goals_added_above_avg': -0.0598, 'count_actions': 680}, {'action_type': 'Receiving', 'goals_added_raw': 0.1974, 'goals_added_above_avg': -0.0673, 'count_actions': 536}, {'action_type': 'Shooting', 'goals_added_raw': 0.0813, 'goals_added_above_avg': -0.0523, 'count_actions': 4}]"
eVq3r1eD5W,a2lqRX2Mr0,CM,2225,"[{'action_type': 'Dribbling', 'goals_added_raw': 1.0711, 'goals_added_above_avg': 0.8788, 'count_actions': 444}, {'action_type': 'Fouling', 'goals_added_raw': -0.1453, 'goals_added_above_avg': -0.1263, 'count_actions': 62}, {'action_type': 'Interrupting', 'goals_added_raw': 1.0591, 'goals_added_above_avg': -0.451, 'count_actions': 196}, {'action_type': 'Passing', 'goals_added_raw': 1.4055, 'goals_added_above_avg': 0.672, 'count_actions': 1047}, {'action_type': 'Receiving', 'goals_added_raw': 0.9215, 'goals_added_above_avg': -0.028, 'count_actions': 930}, {'action_type': 'Shooting', 'goals_added_raw': 0.4429, 'goals_added_above_avg': -0.1238, 'count_actions': 16}]"
eVq3rBnV5W,zeQZkL1MKw,W,984,"[{'action_type': 'Dribbling', 'goals_added_raw': 0.6267, 'goals_added_above_avg': 0.5151, 'count_actions': 185}, {'action_type': 'Fouling', 'goals_added_raw': -0.0299, 'goals_added_above_avg': -0.1322, 'count_actions': 27}, {'action_type': 'Interrupting', 'goals_added_raw': 0.2161, 'goals_added_above_avg': -0.2185, 'count_actions': 52}, {'action_type': 'Passing', 'goals_added_raw': 0.3641, 'goals_added_above_avg': 0.4126, 'count_actions': 290}, {'action_type': 'Receiving', 'goals_added_raw': 0.8005, 'goals_added_above_avg': -0.4682, 'count_actions': 316}, {'action_type': 'Shooting', 'goals_added_raw': 0.6712, 'goals_added_above_avg': 0.1066, 'count_actions': 27}]"
eVq3rXzD5W,NWMWlBK5lz,FB,1624,"[{'action_type': 'Dribbling', 'goals_added_raw': 1.1686, 'goals_added_above_avg': 1.042, 'count_actions': 354}, {'action_type': 'Fouling', 'goals_added_raw': 0.0887, 'goals_added_above_avg': 0.145, 'count_actions': 28}, {'action_type': 'Interrupting', 'goals_added_raw': 0.6549, 'goals_added_above_avg': -0.3597, 'count_actions': 130}, {'action_type': 'Passing', 'goals_added_raw': 0.0443, 'goals_added_above_avg': -0.533, 'count_actions': 583}, {'action_type': 'Receiving', 'goals_added_raw': 0.8733, 'goals_added_above_avg': 0.3941, 'count_actions': 530}, {'action_type': 'Shooting', 'goals_added_raw': 0.5293, 'goals_added_above_avg': 0.2852, 'count_actions': 22}]"
eVq3rkkw5W,APk5LGOMOW,CB,253,"[{'action_type': 'Dribbling', 'goals_added_raw': 0.0205, 'goals_added_above_avg': 0.0087, 'count_actions': 43}, {'action_type': 'Fouling', 'goals_added_raw': -0.0162, 'goals_added_above_avg': 0.0017, 'count_actions': 6}, {'action_type': 'Interrupting', 'goals_added_raw': 0.167, 'goals_added_above_avg': -0.0121, 'count_actions': 33}, {'action_type': 'Passing', 'goals_added_raw': 0.1611, 'goals_added_above_avg': 0.0433, 'count_actions': 178}, {'action_type': 'Receiving', 'goals_added_raw': 0.0096, 'goals_added_above_avg': -0.0508, 'count_actions': 133}, {'action_type': 'Shooting', 'goals_added_raw': 0.0288, 'goals_added_above_avg': -0.0019, 'count_actions': 1}]"
eVq3x2B6QW,wvq9B9wQWn,CB,2398,"[{'action_type': 'Dribbling', 'goals_added_raw': 0.0218, 'goals_added_above_avg': -0.0376, 'count_actions': 343}, {'action_type': 'Fouling', 'goals_added_raw': -0.0312, 'goals_added_above_avg': 0.2049, 'count_actions': 50}, {'action_type': 'Interrupting', 'goals_added_raw': 1.7913, 'goals_added_above_avg': -0.0867, 'count_actions': 317}, {'action_type': 'Passing', 'goals_added_raw': 0.9557, 'goals_added_above_avg': -0.3739, 'count_actions': 1409}, {'action_type': 'Receiving', 'goals_added_raw': 0.3672, 'goals_added_above_avg': -0.164, 'count_actions': 1196}, {'action_type': 'Shooting', 'goals_added_raw': 0.2934, 'goals_added_above_avg': 0.0212, 'count_actions': 15}]"
eVq3xWKgQW,WBLMvYAQxe,DM,1049,"[{'action_type': 'Dribbling', 'goals_added_raw': 0.1588, 'goals_added_above_avg': 0.0511, 'count_actions': 158}, {'action_type': 'Fouling', 'goals_added_raw': -0.0487, 'goals_added_above_avg': -0.0108, 'count_actions': 27}, {'action_type': 'Interrupting', 'goals_added_raw': 1.1054, 'goals_added_above_avg': 0.3239, 'count_actions': 166}, {'action_type': 'Passing', 'goals_added_raw': 0.1823, 'goals_added_above_avg': -0.2646, 'count_actions': 729}, {'action_type': 'Receiving', 'goals_added_raw': 0.1972, 'goals_added_above_avg': -0.126, 'count_actions': 598}, {'action_type': 'Shooting', 'goals_added_raw': 0.0864, 'goals_added_above_avg': -0.1216, 'count_actions': 8}]"
eVq3xk1VQW,lgpMOvnQzy,DM,1262,"[{'action_type': 'Dribbling', 'goals_added_raw': 0.4294, 'goals_added_above_avg': 0.2948, 'count_actions': 230}, {'action_type': 'Fouling', 'goals_added_raw': -0.0362, 'goals_added_above_avg': 0.0179, 'count_actions': 51}, {'action_type': 'Interrupting', 'goals_added_raw': 0.4634, 'goals_added_above_avg': -0.4971, 'count_actions': 97}, {'action_type': 'Passing', 'goals_added_raw': 1.3726, 'goals_added_above_avg': 0.8053, 'count_actions': 936}, {'action_type': 'Receiving', 'goals_added_raw': 0.2043, 'goals_added_above_avg': -0.1481, 'count_actions': 701}, {'action_type': 'Shooting', 'goals_added_raw': 0.5849, 'goals_added_above_avg': 0.3521, 'count_actions': 34}]"
eVq3y3LXMW,mKAqBBmqbg,W,14,"[{'action_type': 'Dribbling', 'goals_added_raw': 0, 'goals_added_above_avg': -0.002, 'count_actions': 0}, {'action_type': 'Fouling', 'goals_added_raw': 0, 'goals_added_above_avg': -0.0006, 'count_actions': 0}, {'action_type': 'Interrupting', 'goals_added_raw': 0.123, 'goals_added_above_avg': 0.1149, 'count_actions': 3}, {'action_type': 'Passing', 'goals_added_raw': -0.0027, 'goals_added_above_avg': -0.005, 'count_actions': 4}, {'action_type': 'Receiving', 'goals_added_raw': 0.0014, 'goals_added_above_avg': -0.0091, 'count_actions': 2}, {'action_type': 'Shooting', 'goals_added_raw': 0, 'goals_added_above_avg': -0.0055, 'count_actions': 0}]"
eVq3y6KGMW,eVq3ya6MWO,W,1056,"[{'action_type': 'Dribbling', 'goals_added_raw': 0.9664, 'goals_added_above_avg': 0.7813, 'count_actions': 255}, {'action_type': 'Fouling', 'goals_added_raw': 0.0426, 'goals_added_above_avg': -0.06, 'count_actions': 31}, {'action_type': 'Interrupting', 'goals_added_raw': 0.3687, 'goals_added_above_avg': -0.1208, 'count_actions': 64}, {'action_type': 'Passing', 'goals_added_raw': -0.0102, 'goals_added_above_avg': -0.0157, 'count_actions': 369}, {'action_type': 'Receiving', 'goals_added_raw': 1.038, 'goals_added_above_avg': -0.1513, 'count_actions': 370}, {'action_type': 'Shooting', 'goals_added_raw': 0.8318, 'goals_added_above_avg': 0.2625, 'count_actions': 28}]"
eVq3yPAGMW,kRQand1MKZ,CB,2429,"[{'action_type': 'Dribbling', 'goals_added_raw': 0.1348, 'goals_added_above_avg': 0.0828, 'count_actions': 328}, {'action_type': 'Fouling', 'goals_added_raw': -0.2456, 'goals_added_above_avg': -0.0008, 'count_actions': 34}, {'action_type': 'Interrupting', 'goals_added_raw': 2.4464, 'goals_added_above_avg': 0.5419, 'count_actions': 359}, {'action_type': 'Passing', 'goals_added_raw': 1.1827, 'goals_added_above_avg': -0.1747, 'count_actions': 1223}, {'action_type': 'Receiving', 'goals_added_raw': 0.9521, 'goals_added_above_avg': 0.4198, 'count_actions': 903}, {'action_type': 'Shooting', 'goals_added_raw': 0.4101, 'goals_added_above_avg': 0.1416, 'count_actions': 13}]"
eVq3yR3yMW,kRQand1MKZ,CM,1668,"[{'action_type': 'Dribbling', 'goals_added_raw': 0.4178, 'goals_added_above_avg': 0.2767, 'count_actions': 193}, {'action_type': 'Fouling', 'goals_added_raw': -0.0318, 'goals_added_above_avg': -0.0086, 'count_actions': 32}, {'action_type': 'Interrupting', 'goals_added_raw': 1.4136, 'goals_added_above_avg': 0.2681, 'count_actions': 164}, {'action_type': 'Passing', 'goals_added_raw': 1.0511, 'goals_added_above_avg': 0.4765, 'count_actions': 881}, {'action_type': 'Receiving', 'goals_added_raw': 0.226, 'goals_added_above_avg': -0.4607, 'count_actions': 695}, {'action_type': 'Shooting', 'goals_added_raw': 0.0526, 'goals_added_above_avg': -0.3572, 'count_actions': 6}]"
eVq3yp76MW,Vj58weDM8n,W,12,"[{'action_type': 'Dribbling', 'goals_added_raw': -0.0308, 'goals_added_above_avg': -0.0332, 'count_actions': 2}, {'action_type': 'Fouling', 'goals_added_raw': 0, 'goals_added_above_avg': -0.0011, 'count_actions': 0}, {'action_type': 'Interrupting', 'goals_added_raw': 0, 'goals_added_above_avg': -0.0057, 'count_actions': 0}, {'action_type': 'Passing', 'goals_added_raw': -0.0091, 'goals_added_above_avg': -0.0092, 'count_actions': 1}, {'action_type': 'Receiving', 'goals_added_raw': 0.018, 'goals_added_above_avg': 0.0051, 'count_actions': 4}, {'action_type': 'Shooting', 'goals_added_raw': 0.0001, 'goals_added_above_avg': -0.0062, 'count_actions': 1}]"
gOMn6eOBMw,0KPqjA456v,W,999,"[{'action_type': 'Dribbling', 'goals_added_raw': 1.9346, 'goals_added_above_avg': 1.7641, 'count_actions': 231}, {'action_type': 'Fouling', 'goals_added_raw': 0.3081, 'goals_added_above_avg': 0.2111, 'count_actions': 26}, {'action_type': 'Interrupting', 'goals_added_raw': 0.2434, 'goals_added_above_avg': -0.2178, 'count_actions': 40}, {'action_type': 'Passing', 'goals_added_raw': 0.6368, 'goals_added_above_avg': 0.6582, 'count_actions': 467}, {'action_type': 'Receiving', 'goals_added_raw': 1.0916, 'goals_added_above_avg': -0.0596, 'count_actions': 402}, {'action_type': 'Shooting', 'goals_added_raw': 0.6119, 'goals_added_above_avg': 0.0685, 'count_actions': 25}]"
gOMn6jW8Mw,KAqBN0Vqbg,CB,982,"[{'action_type': 'Dribbling', 'goals_added_raw': -0.0716, 'goals_added_above_avg': -0.0926, 'count_actions': 180}, {'action_type': 'Fouling', 'goals_added_raw': -0.0079, 'goals_added_above_avg': 0.091, 'count_actions': 9}, {'action_type': 'Interrupting', 'goals_added_raw': -0.3041, 'goals_added_above_avg': -1.0741, 'count_actions': 112}, {'action_type': 'Passing', 'goals_added_raw': 0.8467, 'goals_added_above_avg': 0.2979, 'count_actions': 701}, {'action_type': 'Receiving', 'goals_added_raw': 0.0632, 'goals_added_above_avg': -0.152, 'count_actions': 567}, {'action_type': 'Shooting', 'goals_added_raw': 0.0943, 'goals_added_above_avg': -0.0143, 'count_actions': 3}]"
gOMn6n8XMw,gpMOLwl5zy,ST,1102,"[{'action_type': 'Dribbling', 'goals_added_raw': -0.1515, 'goals_added_above_avg': -0.0305, 'count_actions': 45}, {'action_type': 'Fouling', 'goals_added_raw': 0.0318, 'goals_added_above_avg': -0.0903, 'count_actions': 16}, {'action_type': 'Interrupting', 'goals_added_raw': 0.1943, 'goals_added_above_avg': -0.2358, 'count_actions': 33}, {'action_type': 'Passing', 'goals_added_raw': -0.321, 'goals_added_above_avg': -0.0789, 'count_actions': 180}, {'action_type': 'Receiving', 'goals_added_raw': 2.0046, 'goals_added_above_avg': 0.0448, 'count_actions': 163}, {'action_type': 'Shooting', 'goals_added_raw': 0.7368, 'goals_added_above_avg': 0.0148, 'count_actions': 23}]"
gOMnR0wlMw,kRQand1MKZ,CM,71,"[{'action_type': 'Dribbling', 'goals_added_raw': 0.0177, 'goals_added_above_avg': 0.0075, 'count_actions': 9}, {'action_type': 'Fouling', 'goals_added_raw': -0.0184, 'goals_added_above_avg': -0.0215, 'count_actions': 2}, {'action_type': 'Interrupting', 'goals_added_raw': 0.0069, 'goals_added_above_avg': -0.0338, 'count_actions': 3}, {'action_type': 'Passing', 'goals_added_raw': 0.0373, 'goals_added_above_avg': 0.0255, 'count_actions': 34}, {'action_type': 'Receiving', 'goals_added_raw': 0.0263, 'goals_added_above_avg': -0.0272, 'count_actions': 29}, {'action_type': 'Shooting', 'goals_added_raw': 0, 'goals_added_above_avg': -0.0279, 'count_actions': 0}]"
gOMnR96lMw,vzqoOgNqap,W,953,"[{'action_type': 'Dribbling', 'goals_added_raw': 0.1809, 'goals_added_above_avg': 0.015, 'count_actions': 122}, {'action_type': 'Fouling', 'goals_added_raw': 0.0334, 'goals_added_above_avg': -0.0376, 'count_actions': 23}, {'action_type': 'Interrupting', 'goals_added_raw': 0.3551, 'goals_added_above_avg': -0.1326, 'count_actions': 69}, {'action_type': 'Passing', 'goals_added_raw': -0.2848, 'goals_added_above_avg': -0.3683, 'count_actions': 229}, {'action_type': 'Receiving', 'goals_added_raw': 0.8552, 'goals_added_above_avg': -0.0418, 'count_actions': 228}, {'action_type': 'Shooting', 'goals_added_raw': 0.1492, 'goals_added_above_avg': -0.3017, 'count_actions': 6}]"
gOMnRE8BMw,wvq9B9wQWn,AM,1534,"[{'action_type': 'Dribbling', 'goals_added_raw': 1.4504, 'goals_added_above_avg': 1.204, 'count_actions': 256}, {'action_type': 'Fouling', 'goals_added_raw': -0.0207, 'goals_added_above_avg': -0.1806, 'count_actions': 13}, {'action_type': 'Interrupting', 'goals_added_raw': 0.9185, 'goals_added_above_avg': 0.2133, 'count_actions': 75}, {'action_type': 'Passing', 'goals_added_raw': 0.5334, 'goals_added_above_avg': 0.2015, 'count_actions': 752}, {'action_type': 'Receiving', 'goals_added_raw': 2.4693, 'goals_added_above_avg': 0.8944, 'count_actions': 614}, {'action_type': 'Shooting', 'goals_added_raw': 1.4963, 'goals_added_above_avg': 0.6912, 'count_actions': 60}]"
gOMnY2BmQw,lgpMOvnQzy,FB,50,"[{'action_type': 'Dribbling', 'goals_added_raw': 0.0016, 'goals_added_above_avg': -0.002, 'count_actions': 8}, {'action_type': 'Fouling', 'goals_added_raw': 0.0018, 'goals_added_above_avg': 0.0039, 'count_actions': 1}, {'action_type': 'Interrupting', 'goals_added_raw': 0.0023, 'goals_added_above_avg': -0.0293, 'count_actions': 2}, {'action_type': 'Passing', 'goals_added_raw': -0.0306, 'goals_added_above_avg': -0.0492, 'count_actions': 26}, {'action_type': 'Receiving', 'goals_added_raw': 0.018, 'goals_added_above_avg': 0.0051, 'count_actions': 23}, {'action_type': 'Shooting', 'goals_added_raw': 9.41e-06, 'goals_added_above_avg': -0.0066, 'count_actions': 1}]"
gOMnY6XOQw,Z2vQ1xlqrA,CB,603,"[{'action_type': 'Dribbling', 'goals_added_raw': -0.062, 'goals_added_above_avg': -0.0749, 'count_actions': 94}, {'action_type': 'Fouling', 'goals_added_raw': -0.253, 'goals_added_above_avg': -0.1923, 'count_actions': 16}, {'action_type': 'Interrupting', 'goals_added_raw': 0.8233, 'goals_added_above_avg': 0.3505, 'count_actions': 112}, {'action_type': 'Passing', 'goals_added_raw': 0.4283, 'goals_added_above_avg': 0.0913, 'count_actions': 314}, {'action_type': 'Receiving', 'goals_added_raw': 0.1047, 'goals_added_above_avg': -0.0275, 'count_actions': 244}, {'action_type': 'Shooting', 'goals_added_raw': 0.0048, 'goals_added_above_avg': -0.0618, 'count_actions': 2}]"
gOMnYNjlQw,NWMWlBK5lz,CM,15,"[{'action_type': 'Dribbling', 'goals_added_raw': -0.0089, 'goals_added_above_avg': -0.0102, 'count_actions': 1}, {'action_type': 'Fouling', 'goals_added_raw': -0.0126, 'goals_added_above_avg': -0.0125, 'count_actions': 2}, {'action_type': 'Interrupting', 'goals_added_raw': 0.0124, 'goals_added_above_avg': 0.0023, 'count_actions': 1}, {'action_type': 'Passing', 'goals_added_raw': -0.0047, 'goals_added_above_avg': -0.0095, 'count_actions': 3}, {'action_type': 'Receiving', 'goals_added_raw': 0.0005, 'goals_added_above_avg': -0.006, 'count_actions': 2}, {'action_type': 'Shooting', 'goals_added_raw': 0, 'goals_added_above_avg': -0.0039, 'count_actions': 0}]"
gOMnYNmXQw,a2lqR4JMr0,CM,6,"[{'action_type': 'Dribbling', 'goals_added_raw': 0.007, 'goals_added_above_avg': 0.0065, 'count_actions': 2}, {'action_type': 'Fouling', 'goals_added_raw': 0, 'goals_added_above_avg': 0, 'count_actions': 0}, {'action_type': 'Interrupting', 'goals_added_raw': 0.0025, 'goals_added_above_avg': -0.0015, 'count_actions': 2}, {'action_type': 'Passing', 'goals_added_raw': 0.0016, 'goals_added_above_avg': -0.0004, 'count_actions': 3}, {'action_type': 'Receiving', 'goals_added_raw': 0.0016, 'goals_added_above_avg': -0.001, 'count_actions': 2}, {'action_type': 'Shooting', 'goals_added_raw': 0, 'goals_added_above_avg': -0.0015, 'count_actions': 0}]"
gOMnYVweQw,zeQZkL1MKw,CB,1221,"[{'action_type': 'Dribbling', 'goals_added_raw': 0.0277, 'goals_added_above_avg': -0.0225, 'count_actions': 200}, {'action_type': 'Fouling', 'goals_added_raw': -0.2526, 'goals_added_above_avg': -0.1534, 'count_actions': 22}, {'action_type': 'Interrupting', 'goals_added_raw': 0.6845, 'goals_added_above_avg': -0.2357, 'count_actions': 141}, {'action_type': 'Passing', 'goals_added_raw': 0.3452, 'goals_added_above_avg': -0.2725, 'count_actions': 756}, {'action_type': 'Receiving', 'goals_added_raw': 0.1098, 'goals_added_above_avg': -0.2304, 'count_actions': 618}, {'action_type': 'Shooting', 'goals_added_raw': 0.1136, 'goals_added_above_avg': -0.0604, 'count_actions': 4}]"
gOMnYZnAQw,wvq9B9wQWn,CB,51,"[{'action_type': 'Dribbling', 'goals_added_raw': -0.0084, 'goals_added_above_avg': -0.0104, 'count_actions': 4}, {'action_type': 'Fouling', 'goals_added_raw': 0.0072, 'goals_added_above_avg': 0.0113, 'count_actions': 1}, {'action_type': 'Interrupting', 'goals_added_raw': 0.0242, 'goals_added_above_avg': -0.0133, 'count_actions': 5}, {'action_type': 'Passing', 'goals_added_raw': 0.0125, 'goals_added_above_avg': -0.0128, 'count_actions': 24}, {'action_type': 'Receiving', 'goals_added_raw': 0.0001, 'goals_added_above_avg': -0.0118, 'count_actions': 19}, {'action_type': 'Shooting', 'goals_added_raw': 0, 'goals_added_above_avg': -0.006, 'count_actions': 0}]"
gOMnd9ROqw,NWMWlBK5lz,FB,52,"[{'action_type': 'Dribbling', 'goals_added_raw': 0.0055, 'goals_added_above_avg': 0.0024, 'count_actions': 4}, {'action_type': 'Fouling', 'goals_added_raw': -0.25, 'goals_added_above_avg': -0.2471, 'count_actions': 1}, {'action_type': 'Interrupting', 'goals_added_raw': 0.1091, 'goals_added_above_avg': 0.0742, 'count_actions': 9}, {'action_type': 'Passing', 'goals_added_raw': 0.0451, 'goals_added_above_avg': 0.0234, 'count_actions': 16}, {'action_type': 'Receiving', 'goals_added_raw': 0.0088, 'goals_added_above_avg': -0.0041, 'count_actions': 9}, {'action_type': 'Shooting', 'goals_added_raw': 0, 'goals_added_above_avg': -0.0066, 'count_actions': 0}]"
gOMndX0Jqw,mKAqBBmqbg,AM,25,"[{'action_type': 'Dribbling', 'goals_added_raw': -0.0689, 'goals_added_above_avg': -0.0723, 'count_actions': 2}, {'action_type': 'Fouling', 'goals_added_raw': -0.001, 'goals_added_above_avg': -0.0037, 'count_actions': 2}, {'action_type': 'Interrupting', 'goals_added_raw': -0.0032, 'goals_added_above_avg': -0.0145, 'count_actions': 1}, {'action_type': 'Passing', 'goals_added_raw': -0.0042, 'goals_added_above_avg': -0.0128, 'count_actions': 5}, {'action_type': 'Receiving', 'goals_added_raw': 0.0194, 'goals_added_above_avg': -0.0055, 'count_actions': 6}, {'action_type': 'Shooting', 'goals_added_raw': 0, 'goals_added_above_avg': -0.0131, 'count_actions': 0}]"
gOMndXXmqw,a2lqRX2Mr0,DM,70,"[{'action_type': 'Dribbling', 'goals_added_raw': 0.0838, 'goals_added_above_avg': 0.0763, 'count_actions': 30}, {'action_type': 'Fouling', 'goals_added_raw': 0.0197, 'goals_added_above_avg': 0.0227, 'count_actions': 3}, {'action_type': 'Interrupting', 'goals_added_raw': 0.0828, 'goals_added_above_avg': 0.0295, 'count_actions': 4}, {'action_type': 'Passing', 'goals_added_raw': 0.1387, 'goals_added_above_avg': 0.1072, 'count_actions': 82}, {'action_type': 'Receiving', 'goals_added_raw': 0.0193, 'goals_added_above_avg': -0.0003, 'count_actions': 81}, {'action_type': 'Shooting', 'goals_added_raw': 0, 'goals_added_above_avg': -0.0129, 'count_actions': 0}]"
gOMndYAxqw,kRQand1MKZ,W,8,"[{'action_type': 'Dribbling', 'goals_added_raw': -0.0285, 'goals_added_above_avg': -0.0301, 'count_actions': 4}, {'action_type': 'Fouling', 'goals_added_raw': 0, 'goals_added_above_avg': -0.0008, 'count_actions': 0}, {'action_type': 'Interrupting', 'goals_added_raw': 0.0403, 'goals_added_above_avg': 0.0365, 'count_actions': 2}, {'action_type': 'Passing', 'goals_added_raw': 0.0046, 'goals_added_above_avg': 0.0045, 'count_actions': 1}, {'action_type': 'Receiving', 'goals_added_raw': 0.002, 'goals_added_above_avg': -0.0066, 'count_actions': 2}, {'action_type': 'Shooting', 'goals_added_raw': 0, 'goals_added_above_avg': -0.0042, 'count_actions': 0}]"
gOMnl3y6qw,wvq9B9wQWn,AM,999,"[{'action_type': 'Dribbling', 'goals_added_raw': 0.9086, 'goals_added_above_avg': 0.829, 'count_actions': 176}, {'action_type': 'Fouling', 'goals_added_raw': 0.0557, 'goals_added_above_avg': -0.0472, 'count_actions': 20}, {'action_type': 'Interrupting', 'goals_added_raw': 0.0877, 'goals_added_above_avg': -0.3539, 'count_actions': 39}, {'action_type': 'Passing', 'goals_added_raw': -0.3155, 'goals_added_above_avg': -0.408, 'count_actions': 376}, {'action_type': 'Receiving', 'goals_added_raw': 1.006, 'goals_added_above_avg': -0.2175, 'count_actions': 393}, {'action_type': 'Shooting', 'goals_added_raw': 0.589, 'goals_added_above_avg': 0.0373, 'count_actions': 18}]"
gOMnl6zBqw,jYQJ19EqGR,ST,789,"[{'action_type': 'Dribbling', 'goals_added_raw': 0.2167, 'goals_added_above_avg': 0.3448, 'count_actions': 108}, {'action_type': 'Fouling', 'goals_added_raw': 0.0434, 'goals_added_above_avg': -0.0617, 'count_actions': 26}, {'action_type': 'Interrupting', 'goals_added_raw': 0.0199, 'goals_added_above_avg': -0.2515, 'count_actions': 28}, {'action_type': 'Passing', 'goals_added_raw': -0.5008, 'goals_added_above_avg': -0.2263, 'count_actions': 139}, {'action_type': 'Receiving', 'goals_added_raw': 1.4986, 'goals_added_above_avg': -0.119, 'count_actions': 161}, {'action_type': 'Shooting', 'goals_added_raw': 0.4066, 'goals_added_above_avg': -0.1725, 'count_actions': 15}]"
gOMnlGZmqw,mvzqoLZQap,FB,965,"[{'action_type': 'Dribbling', 'goals_added_raw': -0.1069, 'goals_added_above_avg': -0.2216, 'count_actions': 178}, {'action_type': 'Fouling', 'goals_added_raw': -0.0075, 'goals_added_above_avg': -0.0169, 'count_actions': 12}, {'action_type': 'Interrupting', 'goals_added_raw': 0.4828, 'goals_added_above_avg': -0.0749, 'count_actions': 70}, {'action_type': 'Passing', 'goals_added_raw': -0.3263, 'goals_added_above_avg': -0.5564, 'count_actions': 533}, {'action_type': 'Receiving', 'goals_added_raw': 0.3517, 'goals_added_above_avg': -0.1902, 'count_actions': 433}, {'action_type': 'Shooting', 'goals_added_raw': 0.1247, 'goals_added_above_avg': -0.1477, 'count_actions': 6}]"
gOMnlKNeqw,NPqxKXZ59d,W,1133,"[{'action_type': 'Dribbling', 'goals_added_raw': 0.4237, 'goals_added_above_avg': 0.197, 'count_actions': 198}, {'action_type': 'Fouling', 'goals_added_raw': 0.2715, 'goals_added_above_avg': 0.1651, 'count_actions': 18}, {'action_type': 'Interrupting', 'goals_added_raw': 0.4859, 'goals_added_above_avg': -0.049, 'count_actions': 75}, {'action_type': 'Passing', 'goals_added_raw': -0.4783, 'goals_added_above_avg': -0.4868, 'count_actions': 372}, {'action_type': 'Receiving', 'goals_added_raw': 1.9052, 'goals_added_above_avg': 0.6897, 'count_actions': 360}, {'action_type': 'Shooting', 'goals_added_raw': 0.9295, 'goals_added_above_avg': 0.3323, 'count_actions': 30}]"
gOMnlWY8qw,wvq9B9wQWn,CB,1294,"[{'action_type': 'Dribbling', 'goals_added_raw': 0.1279, 'goals_added_above_avg': 0.0856, 'count_actions': 204}, {'action_type': 'Fouling', 'goals_added_raw': -0.2267, 'goals_added_above_avg': -0.1135, 'count_actions': 34}, {'action_type': 'Interrupting', 'goals_added_raw': 0.7525, 'goals_added_above_avg': -0.2183, 'count_actions': 150}, {'action_type': 'Passing', 'goals_added_raw': 0.9326, 'goals_added_above_avg': 0.2631, 'count_actions': 862}, {'action_type': 'Receiving', 'goals_added_raw': 0.1792, 'goals_added_above_avg': -0.1156, 'count_actions': 740}, {'action_type': 'Shooting', 'goals_added_raw': 0.0566, 'goals_added_above_avg': -0.0927, 'count_actions': 3}]"
gOMnlp9eqw,EKXMeX3Q64,CM,2093,"[{'action_type': 'Dribbling', 'goals_added_raw': 0.0069, 'goals_added_above_avg': -0.1765, 'count_actions': 169}, {'action_type': 'Fouling', 'goals_added_raw': 0.1841, 'goals_added_above_avg': 0.2157, 'count_actions': 58}, {'action_type': 'Interrupting', 'goals_added_raw': 1.309, 'goals_added_above_avg': -0.1276, 'count_actions': 230}, {'action_type': 'Passing', 'goals_added_raw': 0.965, 'goals_added_above_avg': 0.2403, 'count_actions': 669}, {'action_type': 'Receiving', 'goals_added_raw': 0.1387, 'goals_added_above_avg': -0.7464, 'count_actions': 434}, {'action_type': 'Shooting', 'goals_added_raw': 0.3997, 'goals_added_above_avg': -0.1186, 'count_actions': 18}]"
gjMN6B9KMK,gpMOLwl5zy,CB,338,"[{'action_type': 'Dribbling', 'goals_added_raw': -0.0106, 'goals_added_above_avg': -0.0179, 'count_actions': 38}, {'action_type': 'Fouling', 'goals_added_raw': -0.0312, 'goals_added_above_avg': 0.0028, 'count_actions': 10}, {'action_type': 'Interrupting', 'goals_added_raw': 0.0133, 'goals_added_above_avg': -0.2517, 'count_actions': 33}, {'action_type': 'Passing', 'goals_added_raw': -0.0509, 'goals_added_above_avg': -0.2398, 'count_actions': 174}, {'action_type': 'Receiving', 'goals_added_raw': 0.1109, 'goals_added_above_avg': 0.0368, 'count_actions': 141}, {'action_type': 'Shooting', 'goals_added_raw': 0.0424, 'goals_added_above_avg': 0.005, 'count_actions': 2}]"
gjMN6gkKMK,YgOMngl5wN,FB,1836,"[{'action_type': 'Dribbling', 'goals_added_raw': -0.3811, 'goals_added_above_avg': -0.494, 'count_actions': 151}, {'action_type': 'Fouling', 'goals_added_raw': -0.1379, 'goals_added_above_avg': -0.0399, 'count_actions': 35}, {'action_type': 'Interrupting', 'goals_added_raw': 1.0263, 'goals_added_above_avg': -0.1928, 'count_actions': 209}, {'action_type': 'Passing', 'goals_added_raw': 0.327, 'goals_added_above_avg': -0.4283, 'count_actions': 739}, {'action_type': 'Receiving', 'goals_added_raw': 0.511, 'goals_added_above_avg': 0.0523, 'count_actions': 573}, {'action_type': 'Shooting', 'goals_added_raw': 0.2479, 'goals_added_above_avg': 0.0133, 'count_actions': 14}]"
gjMN6r64MK,EKXMeX3Q64,CB,2333,"[{'action_type': 'Dribbling', 'goals_added_raw': 0.0557, 'goals_added_above_avg': 0.0058, 'count_actions': 275}, {'action_type': 'Fouling', 'goals_added_raw': 0.3551, 'goals_added_above_avg': 0.5902, 'count_actions': 56}, {'action_type': 'Interrupting', 'goals_added_raw': 1.7949, 'goals_added_above_avg': -0.0343, 'count_actions': 360}, {'action_type': 'Passing', 'goals_added_raw': 0.2325, 'goals_added_above_avg': -1.0712, 'count_actions': 990}, {'action_type': 'Receiving', 'goals_added_raw': 1.762, 'goals_added_above_avg': 1.2507, 'count_actions': 711}, {'action_type': 'Shooting', 'goals_added_raw': 0.5217, 'goals_added_above_avg': 0.2639, 'count_actions': 20}]"
gjMN7Xz05K,WBLMvYAQxe,ST,434,"[{'action_type': 'Dribbling', 'goals_added_raw': -0.037, 'goals_added_above_avg': 0.0427, 'count_actions': 29}, {'action_type': 'Fouling', 'goals_added_raw': 0.0054, 'goals_added_above_avg': -0.0534, 'count_actions': 3}, {'action_type': 'Interrupting', 'goals_added_raw': 0.0585, 'goals_added_above_avg': -0.0876, 'count_actions': 13}, {'action_type': 'Passing', 'goals_added_raw': -0.2782, 'goals_added_above_avg': -0.1181, 'count_actions': 58}, {'action_type': 'Receiving', 'goals_added_raw': 0.7595, 'goals_added_above_avg': -0.1553, 'count_actions': 54}, {'action_type': 'Shooting', 'goals_added_raw': 0.2675, 'goals_added_above_avg': -0.0563, 'count_actions': 9}]"
gjMNRGojMK,YgOMngl5wN,W,2267,"[{'action_type': 'Dribbling', 'goals_added_raw': 1.6063, 'goals_added_above_avg': 1.3096, 'count_actions': 731}, {'action_type': 'Fouling', 'goals_added_raw': 0.4323, 'goals_added_above_avg': 0.2006, 'count_actions': 99}, {'action_type': 'Interrupting', 'goals_added_raw': 1.432, 'goals_added_above_avg': 0.4167, 'count_actions': 156}, {'action_type': 'Passing', 'goals_added_raw': 1.2842, 'goals_added_above_avg': 1.3462, 'count_actions': 1098}, {'action_type': 'Receiving', 'goals_added_raw': 1.6422, 'goals_added_above_avg': -1.1669, 'count_actions': 1094}, {'action_type': 'Shooting', 'goals_added_raw': 1.6308, 'goals_added_above_avg': 0.3538, 'count_actions': 68}]"
gjMNRerBMK,kaDQ0wRqEv,W,537,"[{'action_type': 'Dribbling', 'goals_added_raw': 0.1623, 'goals_added_above_avg': 0.0636, 'count_actions': 115}, {'action_type': 'Fouling', 'goals_added_raw': 0.1423, 'goals_added_above_avg': 0.0996, 'count_actions': 44}, {'action_type': 'Interrupting', 'goals_added_raw': 0.3034, 'goals_added_above_avg': 0.0343, 'count_actions': 36}, {'action_type': 'Passing', 'goals_added_raw': 0.0187, 'goals_added_above_avg': -0.0097, 'count_actions': 187}, {'action_type': 'Receiving', 'goals_added_raw': 0.5008, 'goals_added_above_avg': -0.0262, 'count_actions': 196}, {'action_type': 'Shooting', 'goals_added_raw': 0.2885, 'goals_added_above_avg': 0.0261, 'count_actions': 14}]"
gjMNRogDMK,pzeQZ6xQKw,W,40,"[{'action_type': 'Dribbling', 'goals_added_raw': 0.1701, 'goals_added_above_avg': 0.1621, 'count_actions': 9}, {'action_type': 'Fouling', 'goals_added_raw': 0, 'goals_added_above_avg': -0.0038, 'count_actions': 0}, {'action_type': 'Interrupting', 'goals_added_raw': -0.0176, 'goals_added_above_avg': -0.0365, 'count_actions': 4}, {'action_type': 'Passing', 'goals_added_raw': 0.0084, 'goals_added_above_avg': 0.0081, 'count_actions': 18}, {'action_type': 'Receiving', 'goals_added_raw': 0.022, 'goals_added_above_avg': -0.0209, 'count_actions': 20}, {'action_type': 'Shooting', 'goals_added_raw': 0.1174, 'goals_added_above_avg': 0.0963, 'count_actions': 4}]"
gjMNRxjvMK,zeQZkL1MKw,CB,1562,"[{'action_type': 'Dribbling', 'goals_added_raw': 0.2893, 'goals_added_above_avg': 0.2559, 'count_actions': 307}, {'action_type': 'Fouling', 'goals_added_raw': -0.2934, 'goals_added_above_avg': -0.1359, 'count_actions': 36}, {'action_type': 'Interrupting', 'goals_added_raw': 0.5843, 'goals_added_above_avg': -0.6404, 'count_actions': 145}, {'action_type': 'Passing', 'goals_added_raw': 0.8097, 'goals_added_above_avg': -0.0632, 'count_actions': 994}, {'action_type': 'Receiving', 'goals_added_raw': 0.3363, 'goals_added_above_avg': -0.006, 'count_actions': 840}, {'action_type': 'Shooting', 'goals_added_raw': 0.0253, 'goals_added_above_avg': -0.1473, 'count_actions': 4}]"
gjMNRyB3MK,YgOMngl5wN,FB,70,"[{'action_type': 'Dribbling', 'goals_added_raw': -0.0037, 'goals_added_above_avg': -0.0088, 'count_actions': 10}, {'action_type': 'Fouling', 'goals_added_raw': -0.0146, 'goals_added_above_avg': -0.0118, 'count_actions': 1}, {'action_type': 'Interrupting', 'goals_added_raw': 0.0466, 'goals_added_above_avg': 0.0023, 'count_actions': 12}, {'action_type': 'Passing', 'goals_added_raw': 0.0568, 'goals_added_above_avg': 0.0308, 'count_actions': 31}, {'action_type': 'Receiving', 'goals_added_raw': 0.0107, 'goals_added_above_avg': -0.0073, 'count_actions': 23}, {'action_type': 'Shooting', 'goals_added_raw': 0.0977, 'goals_added_above_avg': 0.0884, 'count_actions': 3}]"
gjMNjJbkMK,Z2vQ1xlqrA,CM,1139,"[{'action_type': 'Dribbling', 'goals_added_raw': -0.3893, 'goals_added_above_avg': -0.5011, 'count_actions': 134}, {'action_type': 'Fouling', 'goals_added_raw': -0.0385, 'goals_added_above_avg': -0.0237, 'count_actions': 40}, {'action_type': 'Interrupting', 'goals_added_raw': 1.4634, 'goals_added_above_avg': 0.6758, 'count_actions': 97}, {'action_type': 'Passing', 'goals_added_raw': -0.0972, 'goals_added_above_avg': -0.4926, 'count_actions': 490}, {'action_type': 'Receiving', 'goals_added_raw': 0.2864, 'goals_added_above_avg': -0.1901, 'count_actions': 387}, {'action_type': 'Shooting', 'goals_added_raw': 0.0804, 'goals_added_above_avg': -0.2031, 'count_actions': 2}]"
gjMNjY0kMK,kRQand1MKZ,CM,15,"[{'action_type': 'Dribbling', 'goals_added_raw': -0.0106, 'goals_added_above_avg': -0.0118, 'count_actions': 4}, {'action_type': 'Fouling', 'goals_added_raw': 0.0016, 'goals_added_above_avg': 0.0017, 'count_actions': 2}, {'action_type': 'Interrupting', 'goals_added_raw': 0, 'goals_added_above_avg': -0.0101, 'count_actions': 0}, {'action_type': 'Passing', 'goals_added_raw': -0.0216, 'goals_added_above_avg': -0.0265, 'count_actions': 6}, {'action_type': 'Receiving', 'goals_added_raw': 0.0128, 'goals_added_above_avg': 0.0063, 'count_actions': 7}, {'action_type': 'Shooting', 'goals_added_raw': 0, 'goals_added_above_avg': -0.0039, 'count_actions': 0}]"
gjMNjxPBMK,zeQZBOzQKw,FB,240,"[{'action_type': 'Dribbling', 'goals_added_raw': 0.0081, 'goals_added_above_avg': -0.0038, 'count_actions': 28}, {'action_type': 'Fouling', 'goals_added_raw': 0.0038, 'goals_added_above_avg': 0.02, 'count_actions': 5}, {'action_type': 'Interrupting', 'goals_added_raw': 0.2533, 'goals_added_above_avg': 0.0854, 'count_actions': 25}, {'action_type': 'Passing', 'goals_added_raw': 0.0749, 'goals_added_above_avg': -0.0343, 'count_actions': 128}, {'action_type': 'Receiving', 'goals_added_raw': -0.0039, 'goals_added_above_avg': -0.0617, 'count_actions': 102}, {'action_type': 'Shooting', 'goals_added_raw': 0, 'goals_added_above_avg': -0.0294, 'count_actions': 0}]"
gjMNv7PpMK,zeQZBOzQKw,CM,1498,"[{'action_type': 'Dribbling', 'goals_added_raw': 0.3215, 'goals_added_above_avg': 0.1924, 'count_actions': 311}, {'action_type': 'Fouling', 'goals_added_raw': -0.0401, 'goals_added_above_avg': -0.0268, 'count_actions': 57}, {'action_type': 'Interrupting', 'goals_added_raw': 0.9403, 'goals_added_above_avg': -0.0804, 'count_actions': 115}, {'action_type': 'Passing', 'goals_added_raw': 0.7525, 'goals_added_above_avg': 0.2672, 'count_actions': 1390}, {'action_type': 'Receiving', 'goals_added_raw': 0.2037, 'goals_added_above_avg': -0.5159, 'count_actions': 1246}, {'action_type': 'Shooting', 'goals_added_raw': 0.0445, 'goals_added_above_avg': -0.353, 'count_actions': 4}]"
gjMNvrO4MK,mvzqoLZQap,FB,2116,"[{'action_type': 'Dribbling', 'goals_added_raw': 0.4747, 'goals_added_above_avg': 0.3712, 'count_actions': 385}, {'action_type': 'Fouling', 'goals_added_raw': 0.0006, 'goals_added_above_avg': 0.1451, 'count_actions': 22}, {'action_type': 'Interrupting', 'goals_added_raw': 1.0679, 'goals_added_above_avg': -0.4169, 'count_actions': 160}, {'action_type': 'Passing', 'goals_added_raw': 1.1215, 'goals_added_above_avg': 0.1531, 'count_actions': 1474}, {'action_type': 'Receiving', 'goals_added_raw': 0.2761, 'goals_added_above_avg': -0.2322, 'count_actions': 1223}, {'action_type': 'Shooting', 'goals_added_raw': 0.3093, 'goals_added_above_avg': 0.0504, 'count_actions': 12}]"
gpMO1r1yqz,a2lqR4JMr0,ST,33,"[{'action_type': 'Dribbling', 'goals_added_raw': 0.0705, 'goals_added_above_avg': 0.073, 'count_actions': 4}, {'action_type': 'Fouling', 'goals_added_raw': 0.0031, 'goals_added_above_avg': -0.0011, 'count_actions': 3}, {'action_type': 'Interrupting', 'goals_added_raw': -0.0206, 'goals_added_above_avg': -0.033, 'count_actions': 2}, {'action_type': 'Passing', 'goals_added_raw': 0.0057, 'goals_added_above_avg': 0.01, 'count_actions': 6}, {'action_type': 'Receiving', 'goals_added_raw': 0.0233, 'goals_added_above_avg': -0.0341, 'count_actions': 7}, {'action_type': 'Shooting', 'goals_added_raw': 0.0504, 'goals_added_above_avg': 0.0282, 'count_actions': 1}]"
gpMOL01y5z,kaDQ0wRqEv,CM,1619,"[{'action_type': 'Dribbling', 'goals_added_raw': -0.2649, 'goals_added_above_avg': -0.4303, 'count_actions': 187}, {'action_type': 'Fouling', 'goals_added_raw': -0.1514, 'goals_added_above_avg': -0.1619, 'count_actions': 46}, {'action_type': 'Interrupting', 'goals_added_raw': 0.7442, 'goals_added_above_avg': -0.298, 'count_actions': 163}, {'action_type': 'Passing', 'goals_added_raw': 0.1027, 'goals_added_above_avg': -0.4542, 'count_actions': 539}, {'action_type': 'Receiving', 'goals_added_raw': 0.4723, 'goals_added_above_avg': -0.3495, 'count_actions': 432}, {'action_type': 'Shooting', 'goals_added_raw': 0.3736, 'goals_added_above_avg': -0.0921, 'count_actions': 17}]"
gpMOLX225z,mKAqBBmqbg,AM,1735,"[{'action_type': 'Dribbling', 'goals_added_raw': -0.0137, 'goals_added_above_avg': -0.2158, 'count_actions': 222}, {'action_type': 'Fouling', 'goals_added_raw': -0.0058, 'goals_added_above_avg': -0.1457, 'count_actions': 10}, {'action_type': 'Interrupting', 'goals_added_raw': 0.6018, 'goals_added_above_avg': -0.2567, 'count_actions': 128}, {'action_type': 'Passing', 'goals_added_raw': -0.3201, 'goals_added_above_avg': -0.6263, 'count_actions': 681}, {'action_type': 'Receiving', 'goals_added_raw': 1.1467, 'goals_added_above_avg': -0.5662, 'count_actions': 531}, {'action_type': 'Shooting', 'goals_added_raw': 0.5182, 'goals_added_above_avg': -0.3159, 'count_actions': 19}]"
gpMOa2rRqz,gpMOLwl5zy,CM,1255,"[{'action_type': 'Dribbling', 'goals_added_raw': 0.1179, 'goals_added_above_avg': 0.012, 'count_actions': 138}, {'action_type': 'Fouling', 'goals_added_raw': -0.3038, 'goals_added_above_avg': -0.2846, 'count_actions': 33}, {'action_type': 'Interrupting', 'goals_added_raw': 0.796, 'goals_added_above_avg': -0.0687, 'count_actions': 90}, {'action_type': 'Passing', 'goals_added_raw': 0.0073, 'goals_added_above_avg': -0.4301, 'count_actions': 549}, {'action_type': 'Receiving', 'goals_added_raw': 0.0752, 'goals_added_above_avg': -0.436, 'count_actions': 446}, {'action_type': 'Shooting', 'goals_added_raw': 0.1237, 'goals_added_above_avg': -0.1815, 'count_actions': 5}]"
gpMOa67Eqz,0KPqjA456v,DM,1749,"[{'action_type': 'Dribbling', 'goals_added_raw': 0.0564, 'goals_added_above_avg': -0.1228, 'count_actions': 181}, {'action_type': 'Fouling', 'goals_added_raw': -0.0748, 'goals_added_above_avg': -0.0124, 'count_actions': 53}, {'action_type': 'Interrupting', 'goals_added_raw': 0.7455, 'goals_added_above_avg': -0.5556, 'count_actions': 155}, {'action_type': 'Passing', 'goals_added_raw': -0.0475, 'goals_added_above_avg': -0.7899, 'count_actions': 699}, {'action_type': 'Receiving', 'goals_added_raw': 0.2514, 'goals_added_above_avg': -0.2909, 'count_actions': 510}, {'action_type': 'Shooting', 'goals_added_raw': 0.3871, 'goals_added_above_avg': 0.0388, 'count_actions': 17}]"
gpMOa6DOqz,YgOMngl5wN,CM,1264,"[{'action_type': 'Dribbling', 'goals_added_raw': 0.167, 'goals_added_above_avg': 0.0353, 'count_actions': 127}, {'action_type': 'Fouling', 'goals_added_raw': 0.0546, 'goals_added_above_avg': 0.0242, 'count_actions': 38}, {'action_type': 'Interrupting', 'goals_added_raw': 1.019, 'goals_added_above_avg': 0.2399, 'count_actions': 99}, {'action_type': 'Passing', 'goals_added_raw': -0.2977, 'goals_added_above_avg': -0.7012, 'count_actions': 459}, {'action_type': 'Receiving', 'goals_added_raw': 0.3603, 'goals_added_above_avg': -0.3869, 'count_actions': 400}, {'action_type': 'Shooting', 'goals_added_raw': 0.3696, 'goals_added_above_avg': -0.0481, 'count_actions': 17}]"
gpMOa6zrqz,kRQabn8MKZ,W,1253,"[{'action_type': 'Dribbling', 'goals_added_raw': -0.0636, 'goals_added_above_avg': -0.2122, 'count_actions': 167}, {'action_type': 'Fouling', 'goals_added_raw': 0.0243, 'goals_added_above_avg': -0.0481, 'count_actions': 26}, {'action_type': 'Interrupting', 'goals_added_raw': 0.1947, 'goals_added_above_avg': -0.4659, 'count_actions': 57}, {'action_type': 'Passing', 'goals_added_raw': -0.0772, 'goals_added_above_avg': -0.2368, 'count_actions': 321}, {'action_type': 'Receiving', 'goals_added_raw': 1.4306, 'goals_added_above_avg': 0.2611, 'count_actions': 298}, {'action_type': 'Shooting', 'goals_added_raw': 0.5152, 'goals_added_above_avg': -0.0369, 'count_actions': 20}]"
gpMOaaB2qz,Z2vQ1xlqrA,CM,1395,"[{'action_type': 'Dribbling', 'goals_added_raw': 0.0166, 'goals_added_above_avg': -0.0683, 'count_actions': 247}, {'action_type': 'Fouling', 'goals_added_raw': 0.0912, 'goals_added_above_avg': 0.0291, 'count_actions': 50}, {'action_type': 'Interrupting', 'goals_added_raw': 0.6532, 'goals_added_above_avg': -0.1383, 'count_actions': 80}, {'action_type': 'Passing', 'goals_added_raw': 1.5039, 'goals_added_above_avg': 1.2124, 'count_actions': 662}, {'action_type': 'Receiving', 'goals_added_raw': 0.2497, 'goals_added_above_avg': -0.9452, 'count_actions': 584}, {'action_type': 'Shooting', 'goals_added_raw': 0.1666, 'goals_added_above_avg': -0.3985, 'count_actions': 9}]"
gpMOalwDqz,0KPqjA456v,DM,1086,"[{'action_type': 'Dribbling', 'goals_added_raw': 0.1066, 'goals_added_above_avg': -0.0085, 'count_actions': 150}, {'action_type': 'Fouling', 'goals_added_raw': 0.2685, 'goals_added_above_avg': 0.2861, 'count_actions': 20}, {'action_type': 'Interrupting', 'goals_added_raw': 0.8884, 'goals_added_above_avg': 0.1233, 'count_actions': 92}, {'action_type': 'Passing', 'goals_added_raw': 0.0405, 'goals_added_above_avg': -0.4046, 'count_actions': 485}, {'action_type': 'Receiving', 'goals_added_raw': 0.5858, 'goals_added_above_avg': 0.1499, 'count_actions': 381}, {'action_type': 'Shooting', 'goals_added_raw': 0.2993, 'goals_added_above_avg': 0.0364, 'count_actions': 16}]"
gpMOe7GOqz,kaDQ0wRqEv,CB,931,"[{'action_type': 'Dribbling', 'goals_added_raw': 0.0739, 'goals_added_above_avg': 0.0436, 'count_actions': 212}, {'action_type': 'Fouling', 'goals_added_raw': -0.5917, 'goals_added_above_avg': -0.5092, 'count_actions': 24}, {'action_type': 'Interrupting', 'goals_added_raw': 0.5788, 'goals_added_above_avg': -0.1331, 'count_actions': 129}, {'action_type': 'Passing', 'goals_added_raw': 0.6447, 'goals_added_above_avg': 0.1565, 'count_actions': 587}, {'action_type': 'Receiving', 'goals_added_raw': 0.0156, 'goals_added_above_avg': -0.2381, 'count_actions': 464}, {'action_type': 'Shooting', 'goals_added_raw': 0.0129, 'goals_added_above_avg': -0.1142, 'count_actions': 2}]"
gpMOeAdDqz,zeQZkL1MKw,AM,82,"[{'action_type': 'Dribbling', 'goals_added_raw': 0.0579, 'goals_added_above_avg': 0.0467, 'count_actions': 14}, {'action_type': 'Fouling', 'goals_added_raw': -0.0027, 'goals_added_above_avg': -0.0118, 'count_actions': 3}, {'action_type': 'Interrupting', 'goals_added_raw': 0.0018, 'goals_added_above_avg': -0.0352, 'count_actions': 3}, {'action_type': 'Passing', 'goals_added_raw': 0.0217, 'goals_added_above_avg': -0.0063, 'count_actions': 35}, {'action_type': 'Receiving', 'goals_added_raw': 0.0144, 'goals_added_above_avg': -0.0675, 'count_actions': 30}, {'action_type': 'Shooting', 'goals_added_raw': 0, 'goals_added_above_avg': -0.0429, 'count_actions': 0}]"
gpMOeEDEqz,kaDQ0wRqEv,W,208,"[{'action_type': 'Dribbling', 'goals_added_raw': -0.1162, 'goals_added_above_avg': -0.1494, 'count_actions': 24}, {'action_type': 'Fouling', 'goals_added_raw': 0.0026, 'goals_added_above_avg': -0.0088, 'count_actions': 2}, {'action_type': 'Interrupting', 'goals_added_raw': 0.0295, 'goals_added_above_avg': -0.0813, 'count_actions': 8}, {'action_type': 'Passing', 'goals_added_raw': -0.0241, 'goals_added_above_avg': -0.0492, 'count_actions': 66}, {'action_type': 'Receiving', 'goals_added_raw': 0.1201, 'goals_added_above_avg': -0.0526, 'count_actions': 59}, {'action_type': 'Shooting', 'goals_added_raw': 0.0352, 'goals_added_above_avg': -0.0514, 'count_actions': 1}]"
gpMOeEnOqz,a2lqR4JMr0,FB,1610,"[{'action_type': 'Dribbling', 'goals_added_raw': 0.783, 'goals_added_above_avg': 0.6668, 'count_actions': 330}, {'action_type': 'Fouling', 'goals_added_raw': 0.0559, 'goals_added_above_avg': 0.0767, 'count_actions': 33}, {'action_type': 'Interrupting', 'goals_added_raw': 0.5871, 'goals_added_above_avg': -0.3685, 'count_actions': 160}, {'action_type': 'Passing', 'goals_added_raw': -0.182, 'goals_added_above_avg': -0.6331, 'count_actions': 452}, {'action_type': 'Receiving', 'goals_added_raw': 1.6847, 'goals_added_above_avg': 0.9192, 'count_actions': 470}, {'action_type': 'Shooting', 'goals_added_raw': 1.2672, 'goals_added_above_avg': 0.9129, 'count_actions': 53}]"
gpMOeEzyqz,KAqBN0Vqbg,FB,2137,"[{'action_type': 'Dribbling', 'goals_added_raw': -0.3563, 'goals_added_above_avg': -0.5003, 'count_actions': 225}, {'action_type': 'Fouling', 'goals_added_raw': -0.0527, 'goals_added_above_avg': 0.0489, 'count_actions': 47}, {'action_type': 'Interrupting', 'goals_added_raw': 1.1175, 'goals_added_above_avg': -0.2941, 'count_actions': 239}, {'action_type': 'Passing', 'goals_added_raw': 0.1202, 'goals_added_above_avg': -0.7322, 'count_actions': 966}, {'action_type': 'Receiving', 'goals_added_raw': 1.0875, 'goals_added_above_avg': 0.5283, 'count_actions': 714}, {'action_type': 'Shooting', 'goals_added_raw': 0.4523, 'goals_added_above_avg': 0.1585, 'count_actions': 13}]"
gpMOeGdrqz,WBLMvYAQxe,W,1634,"[{'action_type': 'Dribbling', 'goals_added_raw': 0.1396, 'goals_added_above_avg': -0.1743, 'count_actions': 342}, {'action_type': 'Fouling', 'goals_added_raw': -0.0977, 'goals_added_above_avg': -0.243, 'count_actions': 49}, {'action_type': 'Interrupting', 'goals_added_raw': 0.553, 'goals_added_above_avg': -0.228, 'count_actions': 112}, {'action_type': 'Passing', 'goals_added_raw': -1.0199, 'goals_added_above_avg': -1.0798, 'count_actions': 629}, {'action_type': 'Receiving', 'goals_added_raw': 1.8146, 'goals_added_above_avg': 0.1222, 'count_actions': 612}, {'action_type': 'Shooting', 'goals_added_raw': 0.9366, 'goals_added_above_avg': 0.1024, 'count_actions': 38}]"
gpMOeP02qz,zeQZkL1MKw,FB,61,"[{'action_type': 'Dribbling', 'goals_added_raw': -0.0214, 'goals_added_above_avg': -0.0219, 'count_actions': 11}, {'action_type': 'Fouling', 'goals_added_raw': -0.0119, 'goals_added_above_avg': -0.0121, 'count_actions': 2}, {'action_type': 'Interrupting', 'goals_added_raw': 0.0315, 'goals_added_above_avg': -0.0025, 'count_actions': 6}, {'action_type': 'Passing', 'goals_added_raw': -0.0242, 'goals_added_above_avg': -0.0356, 'count_actions': 33}, {'action_type': 'Receiving', 'goals_added_raw': 0.0036, 'goals_added_above_avg': -0.0404, 'count_actions': 25}, {'action_type': 'Shooting', 'goals_added_raw': 0, 'goals_added_above_avg': -0.0174, 'count_actions': 0}]"
gpMOeRl1qz,jYQJ19EqGR,W,63,"[{'action_type': 'Dribbling', 'goals_added_raw': 0.0252, 'goals_added_above_avg': 0.0126, 'count_actions': 8}, {'action_type': 'Fouling', 'goals_added_raw': 0, 'goals_added_above_avg': -0.0059, 'count_actions': 0}, {'action_type': 'Interrupting', 'goals_added_raw': 0.0184, 'goals_added_above_avg': -0.0113, 'count_actions': 4}, {'action_type': 'Passing', 'goals_added_raw': -0.0258, 'goals_added_above_avg': -0.0263, 'count_actions': 14}, {'action_type': 'Receiving', 'goals_added_raw': 0.0069, 'goals_added_above_avg': -0.0607, 'count_actions': 14}, {'action_type': 'Shooting', 'goals_added_raw': 0.0148, 'goals_added_above_avg': -0.0184, 'count_actions': 1}]"
gpMOeWWRqz,kRQabn8MKZ,AM,134,"[{'action_type': 'Dribbling', 'goals_added_raw': -0.0923, 'goals_added_above_avg': -0.0874, 'count_actions': 20}, {'action_type': 'Fouling', 'goals_added_raw': 0.001, 'goals_added_above_avg': -0.0116, 'count_actions': 5}, {'action_type': 'Interrupting', 'goals_added_raw': 0.0801, 'goals_added_above_avg': 0.0198, 'count_actions': 8}, {'action_type': 'Passing', 'goals_added_raw': -0.2211, 'goals_added_above_avg': -0.2187, 'count_actions': 23}, {'action_type': 'Receiving', 'goals_added_raw': 0.6995, 'goals_added_above_avg': 0.5103, 'count_actions': 30}, {'action_type': 'Shooting', 'goals_added_raw': 0.1341, 'goals_added_above_avg': 0.0579, 'count_actions': 5}]"
gpMOo1JyMz,kRQabn8MKZ,W,782,"[{'action_type': 'Dribbling', 'goals_added_raw': 1.1994, 'goals_added_above_avg': 1.0803, 'count_actions': 191}, {'action_type': 'Fouling', 'goals_added_raw': -0.0076, 'goals_added_above_avg': -0.087, 'count_actions': 8}, {'action_type': 'Interrupting', 'goals_added_raw': 0.5475, 'goals_added_above_avg': 0.191, 'count_actions': 43}, {'action_type': 'Passing', 'goals_added_raw': 0.0594, 'goals_added_above_avg': 0.0127, 'count_actions': 235}, {'action_type': 'Receiving', 'goals_added_raw': 0.2653, 'goals_added_above_avg': -0.6267, 'count_actions': 237}, {'action_type': 'Shooting', 'goals_added_raw': 0.3137, 'goals_added_above_avg': -0.112, 'count_actions': 12}]"
gpMOoOjEMz,kaDQ0wRqEv,CB,2342,"[{'action_type': 'Dribbling', 'goals_added_raw': 0.3567, 'goals_added_above_avg': 0.2327, 'count_actions': 396}, {'action_type': 'Fouling', 'goals_added_raw': -0.2741, 'goals_added_above_avg': -0.1024, 'count_actions': 57}, {'action_type': 'Interrupting', 'goals_added_raw': 1.5738, 'goals_added_above_avg': -0.2168, 'count_actions': 245}, {'action_type': 'Passing', 'goals_added_raw': 0.9031, 'goals_added_above_avg': -0.2681, 'count_actions': 1244}, {'action_type': 'Receiving', 'goals_added_raw': 0.3876, 'goals_added_above_avg': -0.2253, 'count_actions': 1027}, {'action_type': 'Shooting', 'goals_added_raw': 0.2115, 'goals_added_above_avg': -0.1372, 'count_actions': 13}]"
gpMOoOpOMz,zeQZBOzQKw,FB,117,"[{'action_type': 'Dribbling', 'goals_added_raw': 0.0486, 'goals_added_above_avg': 0.0372, 'count_actions': 11}, {'action_type': 'Fouling', 'goals_added_raw': -0.0008, 'goals_added_above_avg': -0.0011, 'count_actions': 5}, {'action_type': 'Interrupting', 'goals_added_raw': 0.0356, 'goals_added_above_avg': -0.0391, 'count_actions': 5}, {'action_type': 'Passing', 'goals_added_raw': -0.0018, 'goals_added_above_avg': -0.0442, 'count_actions': 52}, {'action_type': 'Receiving', 'goals_added_raw': 0.0135, 'goals_added_above_avg': -0.0427, 'count_actions': 40}, {'action_type': 'Shooting', 'goals_added_raw': 0, 'goals_added_above_avg': -0.0317, 'count_actions': 0}]"
gpMOoZ47Mz,a2lqRX2Mr0,W,1854,"[{'action_type': 'Dribbling', 'goals_added_raw': 1.3816, 'goals_added_above_avg': 1.0106, 'count_actions': 317}, {'action_type': 'Fouling', 'goals_added_raw': -0.1029, 'goals_added_above_avg': -0.2769, 'count_actions': 26}, {'action_type': 'Interrupting', 'goals_added_raw': 0.3552, 'goals_added_above_avg': -0.5201, 'count_actions': 73}, {'action_type': 'Passing', 'goals_added_raw': -1.2934, 'goals_added_above_avg': -1.3074, 'count_actions': 573}, {'action_type': 'Receiving', 'goals_added_raw': 2.152, 'goals_added_above_avg': 0.163, 'count_actions': 572}, {'action_type': 'Shooting', 'goals_added_raw': 1.5113, 'goals_added_above_avg': 0.534, 'count_actions': 53}]"
gpMOogB1Mz,zeQZkL1MKw,CM,2039,"[{'action_type': 'Dribbling', 'goals_added_raw': 0.8566, 'goals_added_above_avg': 0.6186, 'count_actions': 391}, {'action_type': 'Fouling', 'goals_added_raw': -0.2266, 'goals_added_above_avg': -0.2715, 'count_actions': 51}, {'action_type': 'Interrupting', 'goals_added_raw': 1.1959, 'goals_added_above_avg': -0.0662, 'count_actions': 157}, {'action_type': 'Passing', 'goals_added_raw': 0.3582, 'goals_added_above_avg': -0.1878, 'count_actions': 1113}, {'action_type': 'Receiving', 'goals_added_raw': 1.7443, 'goals_added_above_avg': 0.5042, 'count_actions': 943}, {'action_type': 'Shooting', 'goals_added_raw': 0.6166, 'goals_added_above_avg': -0.0627, 'count_actions': 25}]"
gpMOokN7Mz,kaDQ0wRqEv,FB,102,"[{'action_type': 'Dribbling', 'goals_added_raw': 0.0405, 'goals_added_above_avg': 0.0332, 'count_actions': 10}, {'action_type': 'Fouling', 'goals_added_raw': 0.0159, 'goals_added_above_avg': 0.0201, 'count_actions': 3}, {'action_type': 'Interrupting', 'goals_added_raw': 0.0772, 'goals_added_above_avg': 0.0127, 'count_actions': 7}, {'action_type': 'Passing', 'goals_added_raw': 0.0644, 'goals_added_above_avg': 0.0264, 'count_actions': 44}, {'action_type': 'Receiving', 'goals_added_raw': -0.0366, 'goals_added_above_avg': -0.0629, 'count_actions': 30}, {'action_type': 'Shooting', 'goals_added_raw': 0.0002, 'goals_added_above_avg': -0.0133, 'count_actions': 1}]"
gpMOov07Mz,kRQand1MKZ,CM,1446,"[{'action_type': 'Dribbling', 'goals_added_raw': -0.0155, 'goals_added_above_avg': -0.1243, 'count_actions': 233}, {'action_type': 'Fouling', 'goals_added_raw': -0.2673, 'goals_added_above_avg': -0.2598, 'count_actions': 33}, {'action_type': 'Interrupting', 'goals_added_raw': 1.0802, 'goals_added_above_avg': 0.11, 'count_actions': 137}, {'action_type': 'Passing', 'goals_added_raw': 0.5811, 'goals_added_above_avg': 0.1352, 'count_actions': 657}, {'action_type': 'Receiving', 'goals_added_raw': 0.4848, 'goals_added_above_avg': -0.2295, 'count_actions': 530}, {'action_type': 'Shooting', 'goals_added_raw': 0.3111, 'goals_added_above_avg': -0.0812, 'count_actions': 17}]"
gpMOoypDMz,a2lqR4JMr0,FB,491,"[{'action_type': 'Dribbling', 'goals_added_raw': 0.1986, 'goals_added_above_avg': 0.1374, 'count_actions': 85}, {'action_type': 'Fouling', 'goals_added_raw': 0.0346, 'goals_added_above_avg': 0.0239, 'count_actions': 17}, {'action_type': 'Interrupting', 'goals_added_raw': 0.2681, 'goals_added_above_avg': -0.0056, 'count_actions': 42}, {'action_type': 'Passing', 'goals_added_raw': -0.164, 'goals_added_above_avg': -0.2802, 'count_actions': 114}, {'action_type': 'Receiving', 'goals_added_raw': 0.11, 'goals_added_above_avg': -0.1952, 'count_actions': 103}, {'action_type': 'Shooting', 'goals_added_raw': 0.1439, 'goals_added_above_avg': -0.009, 'count_actions': 4}]"
jYQJ14KyqG,X0Oq66zq6D,W,2041,"[{'action_type': 'Dribbling', 'goals_added_raw': 1.3116, 'goals_added_above_avg': 0.9189, 'count_actions': 467}, {'action_type': 'Fouling', 'goals_added_raw': 0.5, 'goals_added_above_avg': 0.3159, 'count_actions': 78}, {'action_type': 'Interrupting', 'goals_added_raw': 0.9632, 'goals_added_above_avg': -0.0167, 'count_actions': 138}, {'action_type': 'Passing', 'goals_added_raw': 0.88, 'goals_added_above_avg': 0.8068, 'count_actions': 854}, {'action_type': 'Receiving', 'goals_added_raw': 2.3302, 'goals_added_above_avg': 0.2039, 'count_actions': 817}, {'action_type': 'Shooting', 'goals_added_raw': 2.0519, 'goals_added_above_avg': 1.0003, 'count_actions': 69}]"
jYQJ1PaVqG,YgOMngl5wN,CB,1375,"[{'action_type': 'Dribbling', 'goals_added_raw': -0.0164, 'goals_added_above_avg': -0.0458, 'count_actions': 135}, {'action_type': 'Fouling', 'goals_added_raw': -0.106, 'goals_added_above_avg': 0.0326, 'count_actions': 11}, {'action_type': 'Interrupting', 'goals_added_raw': 0.9457, 'goals_added_above_avg': -0.1324, 'count_actions': 174}, {'action_type': 'Passing', 'goals_added_raw': 0.3564, 'goals_added_above_avg': -0.412, 'count_actions': 624}, {'action_type': 'Receiving', 'goals_added_raw': 0.2687, 'goals_added_above_avg': -0.0326, 'count_actions': 491}, {'action_type': 'Shooting', 'goals_added_raw': 0.1481, 'goals_added_above_avg': -0.0039, 'count_actions': 7}]"
jYQJB7wVQG,WBLMvYAQxe,DM,1871,"[{'action_type': 'Dribbling', 'goals_added_raw': -0.2086, 'goals_added_above_avg': -0.3958, 'count_actions': 317}, {'action_type': 'Fouling', 'goals_added_raw': 0.2334, 'goals_added_above_avg': 0.2744, 'count_actions': 42}, {'action_type': 'Interrupting', 'goals_added_raw': 0.799, 'goals_added_above_avg': -0.5362, 'count_actions': 111}, {'action_type': 'Passing', 'goals_added_raw': 0.3477, 'goals_added_above_avg': -0.3944, 'count_actions': 1105}, {'action_type': 'Receiving', 'goals_added_raw': 1.3571, 'goals_added_above_avg': 0.6606, 'count_actions': 992}, {'action_type': 'Shooting', 'goals_added_raw': 0.8095, 'goals_added_above_avg': 0.3819, 'count_actions': 35}]"
jYQJBvJGQG,gpMOLwl5zy,CB,1235,"[{'action_type': 'Dribbling', 'goals_added_raw': -0.0116, 'goals_added_above_avg': -0.0661, 'count_actions': 111}, {'action_type': 'Fouling', 'goals_added_raw': 0.0109, 'goals_added_above_avg': 0.1032, 'count_actions': 8}, {'action_type': 'Interrupting', 'goals_added_raw': 0.6474, 'goals_added_above_avg': -0.2512, 'count_actions': 144}, {'action_type': 'Passing', 'goals_added_raw': 0.3864, 'goals_added_above_avg': -0.2072, 'count_actions': 601}, {'action_type': 'Receiving', 'goals_added_raw': 0.2248, 'goals_added_above_avg': -0.114, 'count_actions': 492}, {'action_type': 'Shooting', 'goals_added_raw': 0.1535, 'goals_added_above_avg': -0.0171, 'count_actions': 5}]"
jYQJYXpPqG,jYQJ8EW5GR,W,963,"[{'action_type': 'Dribbling', 'goals_added_raw': -0.229, 'goals_added_above_avg': -0.3508, 'count_actions': 154}, {'action_type': 'Fouling', 'goals_added_raw': 0.0355, 'goals_added_above_avg': -0.0286, 'count_actions': 14}, {'action_type': 'Interrupting', 'goals_added_raw': 0.4214, 'goals_added_above_avg': -0.0718, 'count_actions': 61}, {'action_type': 'Passing', 'goals_added_raw': 0.0322, 'goals_added_above_avg': -0.0474, 'count_actions': 237}, {'action_type': 'Receiving', 'goals_added_raw': 2.3807, 'goals_added_above_avg': 1.448, 'count_actions': 237}, {'action_type': 'Shooting', 'goals_added_raw': 0.9372, 'goals_added_above_avg': 0.4952, 'count_actions': 34}]"
jYQJa30DqG,gpMOLwl5zy,FB,2081,"[{'action_type': 'Dribbling', 'goals_added_raw': 0.3915, 'goals_added_above_avg': 0.1419, 'count_actions': 458}, {'action_type': 'Fouling', 'goals_added_raw': -0.2244, 'goals_added_above_avg': -0.2443, 'count_actions': 83}, {'action_type': 'Interrupting', 'goals_added_raw': 0.9837, 'goals_added_above_avg': -0.2578, 'count_actions': 197}, {'action_type': 'Passing', 'goals_added_raw': 0.5, 'goals_added_above_avg': -0.0182, 'count_actions': 924}, {'action_type': 'Receiving', 'goals_added_raw': 0.5887, 'goals_added_above_avg': -0.578, 'count_actions': 789}, {'action_type': 'Shooting', 'goals_added_raw': 0.5061, 'goals_added_above_avg': -0.0958, 'count_actions': 26}]"
jYQJa3GEqG,9z5k7Yg5A3,CB,885,"[{'action_type': 'Dribbling', 'goals_added_raw': -0.1339, 'goals_added_above_avg': -0.1528, 'count_actions': 86}, {'action_type': 'Fouling', 'goals_added_raw': 0.0079, 'goals_added_above_avg': 0.097, 'count_actions': 36}, {'action_type': 'Interrupting', 'goals_added_raw': 0.8657, 'goals_added_above_avg': 0.1718, 'count_actions': 110}, {'action_type': 'Passing', 'goals_added_raw': 0.4627, 'goals_added_above_avg': -0.0318, 'count_actions': 341}, {'action_type': 'Receiving', 'goals_added_raw': 0.2644, 'goals_added_above_avg': 0.0704, 'count_actions': 213}, {'action_type': 'Shooting', 'goals_added_raw': 0.0535, 'goals_added_above_avg': -0.0443, 'count_actions': 2}]"
jYQJaaBdqG,YgOMngl5wN,CM,1544,"[{'action_type': 'Dribbling', 'goals_added_raw': 0.2448, 'goals_added_above_avg': 0.0756, 'count_actions': 228}, {'action_type': 'Fouling', 'goals_added_raw': 0.0488, 'goals_added_above_avg': 0.0164, 'count_actions': 17}, {'action_type': 'Interrupting', 'goals_added_raw': 0.6003, 'goals_added_above_avg': -0.3478, 'count_actions': 77}, {'action_type': 'Passing', 'goals_added_raw': 1.955, 'goals_added_above_avg': 1.5288, 'count_actions': 1100}, {'action_type': 'Receiving', 'goals_added_raw': 0.2643, 'goals_added_above_avg': -0.6514, 'count_actions': 910}, {'action_type': 'Shooting', 'goals_added_raw': 0.4146, 'goals_added_above_avg': -0.0877, 'count_actions': 20}]"
jYQJal6kqG,pzeQZ6xQKw,FB,1527,"[{'action_type': 'Dribbling', 'goals_added_raw': -0.0378, 'goals_added_above_avg': -0.144, 'count_actions': 173}, {'action_type': 'Fouling', 'goals_added_raw': -0.1901, 'goals_added_above_avg': -0.123, 'count_actions': 73}, {'action_type': 'Interrupting', 'goals_added_raw': 0.923, 'goals_added_above_avg': -0.0542, 'count_actions': 148}, {'action_type': 'Passing', 'goals_added_raw': 0.596, 'goals_added_above_avg': 0.0129, 'count_actions': 959}, {'action_type': 'Receiving', 'goals_added_raw': 0.3516, 'goals_added_above_avg': -0.0393, 'count_actions': 696}, {'action_type': 'Shooting', 'goals_added_raw': 0.0308, 'goals_added_above_avg': -0.1695, 'count_actions': 3}]"
jYQJamlEqG,kRQand1MKZ,FB,655,"[{'action_type': 'Dribbling', 'goals_added_raw': 0.0377, 'goals_added_above_avg': -0.0275, 'count_actions': 75}, {'action_type': 'Fouling', 'goals_added_raw': 0.0145, 'goals_added_above_avg': 0.0207, 'count_actions': 8}, {'action_type': 'Interrupting', 'goals_added_raw': 0.5123, 'goals_added_above_avg': 0.1156, 'count_actions': 58}, {'action_type': 'Passing', 'goals_added_raw': -0.46, 'goals_added_above_avg': -0.6517, 'count_actions': 214}, {'action_type': 'Receiving', 'goals_added_raw': 0.4057, 'goals_added_above_avg': 0.1147, 'count_actions': 164}, {'action_type': 'Shooting', 'goals_added_raw': 0.1348, 'goals_added_above_avg': -0.0146, 'count_actions': 5}]"
jYQJanvVqG,wvq9B9wQWn,CM,2252,"[{'action_type': 'Dribbling', 'goals_added_raw': 0.5779, 'goals_added_above_avg': 0.3853, 'count_actions': 285}, {'action_type': 'Fouling', 'goals_added_raw': 0.0592, 'goals_added_above_avg': 0.0749, 'count_actions': 49}, {'action_type': 'Interrupting', 'goals_added_raw': 1.4676, 'goals_added_above_avg': -0.0525, 'count_actions': 221}, {'action_type': 'Passing', 'goals_added_raw': 0.2561, 'goals_added_above_avg': -0.474, 'count_actions': 1159}, {'action_type': 'Receiving', 'goals_added_raw': 0.5343, 'goals_added_above_avg': -0.4417, 'count_actions': 948}, {'action_type': 'Shooting', 'goals_added_raw': 0.5456, 'goals_added_above_avg': -0.0352, 'count_actions': 17}]"
jYQJg3nEMG,wvq9B9wQWn,ST,81,"[{'action_type': 'Dribbling', 'goals_added_raw': 0.0836, 'goals_added_above_avg': 0.0941, 'count_actions': 10}, {'action_type': 'Fouling', 'goals_added_raw': -0.0062, 'goals_added_above_avg': -0.0167, 'count_actions': 4}, {'action_type': 'Interrupting', 'goals_added_raw': 0.0147, 'goals_added_above_avg': -0.0141, 'count_actions': 10}, {'action_type': 'Passing', 'goals_added_raw': 0.028, 'goals_added_above_avg': 0.0535, 'count_actions': 23}, {'action_type': 'Receiving', 'goals_added_raw': 0.0543, 'goals_added_above_avg': -0.1045, 'count_actions': 21}, {'action_type': 'Shooting', 'goals_added_raw': 0.0672, 'goals_added_above_avg': 0.0093, 'count_actions': 2}]"
jYQJg6lWMG,9z5k7Yg5A3,W,501,"[{'action_type': 'Dribbling', 'goals_added_raw': 0.0758, 'goals_added_above_avg': 0.0189, 'count_actions': 100}, {'action_type': 'Fouling', 'goals_added_raw': 0.0389, 'goals_added_above_avg': 0.0017, 'count_actions': 11}, {'action_type': 'Interrupting', 'goals_added_raw': 0.3686, 'goals_added_above_avg': 0.1207, 'count_actions': 25}, {'action_type': 'Passing', 'goals_added_raw': -0.2219, 'goals_added_above_avg': -0.2351, 'count_actions': 164}, {'action_type': 'Receiving', 'goals_added_raw': 0.9239, 'goals_added_above_avg': 0.3873, 'count_actions': 163}, {'action_type': 'Shooting', 'goals_added_raw': 0.4844, 'goals_added_above_avg': 0.2394, 'count_actions': 15}]"
jYQJg7nEMG,kRQabn8MKZ,CM,49,"[{'action_type': 'Dribbling', 'goals_added_raw': 0.0143, 'goals_added_above_avg': 0.0088, 'count_actions': 11}, {'action_type': 'Fouling', 'goals_added_raw': 0.0025, 'goals_added_above_avg': -0.0001, 'count_actions': 3}, {'action_type': 'Interrupting', 'goals_added_raw': -0.0148, 'goals_added_above_avg': -0.0424, 'count_actions': 3}, {'action_type': 'Passing', 'goals_added_raw': -0.0453, 'goals_added_above_avg': -0.0616, 'count_actions': 27}, {'action_type': 'Receiving', 'goals_added_raw': 0.0162, 'goals_added_above_avg': -0.0189, 'count_actions': 24}, {'action_type': 'Shooting', 'goals_added_raw': 0, 'goals_added_above_avg': -0.0191, 'count_actions': 0}]"
jYQJgEJdMG,9z5k7Yg5A3,W,1561,"[{'action_type': 'Dribbling', 'goals_added_raw': 1.275, 'goals_added_above_avg': 0.9825, 'count_actions': 337}, {'action_type': 'Fouling', 'goals_added_raw': 0.2967, 'goals_added_above_avg': 0.1628, 'count_actions': 39}, {'action_type': 'Interrupting', 'goals_added_raw': 0.4417, 'goals_added_above_avg': -0.3215, 'count_actions': 130}, {'action_type': 'Passing', 'goals_added_raw': 0.8252, 'goals_added_above_avg': 0.7477, 'count_actions': 564}, {'action_type': 'Receiving', 'goals_added_raw': 2.113, 'goals_added_above_avg': 0.5302, 'count_actions': 522}, {'action_type': 'Shooting', 'goals_added_raw': 1.2179, 'goals_added_above_avg': 0.4319, 'count_actions': 48}]"
jYQJgRABMG,19vQ2095K6,CB,2017,"[{'action_type': 'Dribbling', 'goals_added_raw': 0.1223, 'goals_added_above_avg': 0.0694, 'count_actions': 329}, {'action_type': 'Fouling', 'goals_added_raw': -0.0183, 'goals_added_above_avg': 0.1735, 'count_actions': 22}, {'action_type': 'Interrupting', 'goals_added_raw': 0.15, 'goals_added_above_avg': -1.4023, 'count_actions': 228}, {'action_type': 'Passing', 'goals_added_raw': 0.8036, 'goals_added_above_avg': -0.2877, 'count_actions': 1229}, {'action_type': 'Receiving', 'goals_added_raw': 0.6581, 'goals_added_above_avg': 0.2086, 'count_actions': 1088}, {'action_type': 'Shooting', 'goals_added_raw': 0.1704, 'goals_added_above_avg': -0.0567, 'count_actions': 8}]"
jYQJgokGMG,kRQabn8MKZ,CB,252,"[{'action_type': 'Dribbling', 'goals_added_raw': -0.0008, 'goals_added_above_avg': -0.0061, 'count_actions': 33}, {'action_type': 'Fouling', 'goals_added_raw': -0.0071, 'goals_added_above_avg': 0.0183, 'count_actions': 2}, {'action_type': 'Interrupting', 'goals_added_raw': -0.0294, 'goals_added_above_avg': -0.227, 'count_actions': 43}, {'action_type': 'Passing', 'goals_added_raw': 0.1436, 'goals_added_above_avg': 0.0027, 'count_actions': 136}, {'action_type': 'Receiving', 'goals_added_raw': 0.1211, 'goals_added_above_avg': 0.0659, 'count_actions': 111}, {'action_type': 'Shooting', 'goals_added_raw': 0.0514, 'goals_added_above_avg': 0.0236, 'count_actions': 2}]"
jYQJgrOWMG,zeQZBOzQKw,FB,1297,"[{'action_type': 'Dribbling', 'goals_added_raw': -0.1377, 'goals_added_above_avg': -0.2313, 'count_actions': 208}, {'action_type': 'Fouling', 'goals_added_raw': 0.0214, 'goals_added_above_avg': 0.0743, 'count_actions': 61}, {'action_type': 'Interrupting', 'goals_added_raw': 1.4693, 'goals_added_above_avg': 0.6496, 'count_actions': 142}, {'action_type': 'Passing', 'goals_added_raw': 0.266, 'goals_added_above_avg': -0.2166, 'count_actions': 912}, {'action_type': 'Receiving', 'goals_added_raw': 0.3128, 'goals_added_above_avg': -0.0219, 'count_actions': 705}, {'action_type': 'Shooting', 'goals_added_raw': 0.2097, 'goals_added_above_avg': 0.038, 'count_actions': 8}]"
jYQJzApVQG,EKXMeX3Q64,FB,2131,"[{'action_type': 'Dribbling', 'goals_added_raw': 0.415, 'goals_added_above_avg': 0.2612, 'count_actions': 214}, {'action_type': 'Fouling', 'goals_added_raw': -0.1107, 'goals_added_above_avg': -0.0238, 'count_actions': 35}, {'action_type': 'Interrupting', 'goals_added_raw': 0.9641, 'goals_added_above_avg': -0.3827, 'count_actions': 248}, {'action_type': 'Passing', 'goals_added_raw': 0.698, 'goals_added_above_avg': -0.0949, 'count_actions': 808}, {'action_type': 'Receiving', 'goals_added_raw': 0.1321, 'goals_added_above_avg': -0.4178, 'count_actions': 487}, {'action_type': 'Shooting', 'goals_added_raw': 0.2888, 'goals_added_above_avg': 0.0067, 'count_actions': 9}]"
jYQJzWGyQG,NWMWlBK5lz,CB,1568,"[{'action_type': 'Dribbling', 'goals_added_raw': 0.1897, 'goals_added_above_avg': 0.1561, 'count_actions': 238}, {'action_type': 'Fouling', 'goals_added_raw': -0.2534, 'goals_added_above_avg': -0.0953, 'count_actions': 24}, {'action_type': 'Interrupting', 'goals_added_raw': 1.3625, 'goals_added_above_avg': 0.1331, 'count_actions': 210}, {'action_type': 'Passing', 'goals_added_raw': 1.2368, 'goals_added_above_avg': 0.3606, 'count_actions': 980}, {'action_type': 'Receiving', 'goals_added_raw': 0.6264, 'goals_added_above_avg': 0.2828, 'count_actions': 749}, {'action_type': 'Shooting', 'goals_added_raw': 0.2141, 'goals_added_above_avg': 0.0408, 'count_actions': 6}]"
jYQJzmgEQG,wvq9B9wQWn,CM,456,"[{'action_type': 'Dribbling', 'goals_added_raw': 0.0967, 'goals_added_above_avg': 0.0489, 'count_actions': 110}, {'action_type': 'Fouling', 'goals_added_raw': 0.0892, 'goals_added_above_avg': 0.0723, 'count_actions': 14}, {'action_type': 'Interrupting', 'goals_added_raw': 0.2631, 'goals_added_above_avg': -0.0066, 'count_actions': 29}, {'action_type': 'Passing', 'goals_added_raw': 0.7055, 'goals_added_above_avg': 0.5547, 'count_actions': 231}, {'action_type': 'Receiving', 'goals_added_raw': 0.1859, 'goals_added_above_avg': -0.1084, 'count_actions': 190}, {'action_type': 'Shooting', 'goals_added_raw': 0.1353, 'goals_added_above_avg': -0.0277, 'count_actions': 5}]"
jYQJznnkQG,wvq9B9wQWn,CM,2034,"[{'action_type': 'Dribbling', 'goals_added_raw': -0.396, 'goals_added_above_avg': -0.5738, 'count_actions': 214}, {'action_type': 'Fouling', 'goals_added_raw': -0.0655, 'goals_added_above_avg': -0.0446, 'count_actions': 69}, {'action_type': 'Interrupting', 'goals_added_raw': 1.6417, 'goals_added_above_avg': 0.2528, 'count_actions': 221}, {'action_type': 'Passing', 'goals_added_raw': 0.0122, 'goals_added_above_avg': -0.6705, 'count_actions': 1065}, {'action_type': 'Receiving', 'goals_added_raw': 0.7174, 'goals_added_above_avg': -0.1357, 'count_actions': 866}, {'action_type': 'Shooting', 'goals_added_raw': 0.3537, 'goals_added_above_avg': -0.1573, 'count_actions': 16}]"
jYQJznrBQG,APk5LGOMOW,ST,2080,"[{'action_type': 'Dribbling', 'goals_added_raw': -1.3203, 'goals_added_above_avg': -0.9384, 'count_actions': 251}, {'action_type': 'Fouling', 'goals_added_raw': 0.2619, 'goals_added_above_avg': -0.0201, 'count_actions': 78}, {'action_type': 'Interrupting', 'goals_added_raw': 0.6548, 'goals_added_above_avg': -0.0451, 'count_actions': 85}, {'action_type': 'Passing', 'goals_added_raw': -0.66, 'goals_added_above_avg': 0.1073, 'count_actions': 418}, {'action_type': 'Receiving', 'goals_added_raw': 6.5389, 'goals_added_above_avg': 2.1547, 'count_actions': 455}, {'action_type': 'Shooting', 'goals_added_raw': 1.3038, 'goals_added_above_avg': -0.248, 'count_actions': 59}]"
jYQJzpAkQG,NPqxKXZ59d,DM,939,"[{'action_type': 'Dribbling', 'goals_added_raw': -0.2997, 'goals_added_above_avg': -0.3723, 'count_actions': 92}, {'action_type': 'Fouling', 'goals_added_raw': 0.0249, 'goals_added_above_avg': 0.019, 'count_actions': 22}, {'action_type': 'Interrupting', 'goals_added_raw': 0.398, 'goals_added_above_avg': -0.2141, 'count_actions': 79}, {'action_type': 'Passing', 'goals_added_raw': -0.2076, 'goals_added_above_avg': -0.5084, 'count_actions': 346}, {'action_type': 'Receiving', 'goals_added_raw': 0.6009, 'goals_added_above_avg': 0.0372, 'count_actions': 283}, {'action_type': 'Shooting', 'goals_added_raw': 0.1041, 'goals_added_above_avg': -0.1846, 'count_actions': 2}]"
jYQJzwXkQG,zeQZBOzQKw,DM,1740,"[{'action_type': 'Dribbling', 'goals_added_raw': 0.3722, 'goals_added_above_avg': 0.1924, 'count_actions': 370}, {'action_type': 'Fouling', 'goals_added_raw': 0.3539, 'goals_added_above_avg': 0.4186, 'count_actions': 45}, {'action_type': 'Interrupting', 'goals_added_raw': 2.0498, 'goals_added_above_avg': 0.7491, 'count_actions': 198}, {'action_type': 'Passing', 'goals_added_raw': 1.1175, 'goals_added_above_avg': 0.3698, 'count_actions': 1818}, {'action_type': 'Receiving', 'goals_added_raw': 0.5366, 'goals_added_above_avg': 0.0084, 'count_actions': 1569}, {'action_type': 'Shooting', 'goals_added_raw': 0.1628, 'goals_added_above_avg': -0.1783, 'count_actions': 7}]"
kRQa2AvjMK,NWMWlBK5lz,AM,2047,"[{'action_type': 'Dribbling', 'goals_added_raw': 1.5922, 'goals_added_above_avg': 1.4408, 'count_actions': 499}, {'action_type': 'Fouling', 'goals_added_raw': 0.3857, 'goals_added_above_avg': 0.2178, 'count_actions': 54}, {'action_type': 'Interrupting', 'goals_added_raw': 0.2293, 'goals_added_above_avg': -0.7727, 'count_actions': 77}, {'action_type': 'Passing', 'goals_added_raw': 2.4482, 'goals_added_above_avg': 2.0558, 'count_actions': 934}, {'action_type': 'Receiving', 'goals_added_raw': 1.2223, 'goals_added_above_avg': -0.9408, 'count_actions': 853}, {'action_type': 'Shooting', 'goals_added_raw': 1.7446, 'goals_added_above_avg': 0.7385, 'count_actions': 79}]"
kRQa2j0LMK,NWMWlBK5lz,CB,1163,"[{'action_type': 'Dribbling', 'goals_added_raw': -0.2518, 'goals_added_above_avg': -0.2891, 'count_actions': 145}, {'action_type': 'Fouling', 'goals_added_raw': -0.325, 'goals_added_above_avg': -0.2225, 'count_actions': 12}, {'action_type': 'Interrupting', 'goals_added_raw': 0.9777, 'goals_added_above_avg': 0.103, 'count_actions': 124}, {'action_type': 'Passing', 'goals_added_raw': 0.1098, 'goals_added_above_avg': -0.4943, 'count_actions': 665}, {'action_type': 'Receiving', 'goals_added_raw': 0.0353, 'goals_added_above_avg': -0.2291, 'count_actions': 512}, {'action_type': 'Shooting', 'goals_added_raw': 0.1464, 'goals_added_above_avg': 0.0125, 'count_actions': 5}]"
kRQaP8xjqK,YgOMngl5wN,CM,61,"[{'action_type': 'Dribbling', 'goals_added_raw': 0.0815, 'goals_added_above_avg': 0.0738, 'count_actions': 13}, {'action_type': 'Fouling', 'goals_added_raw': -0.0022, 'goals_added_above_avg': -0.0051, 'count_actions': 1}, {'action_type': 'Interrupting', 'goals_added_raw': -0.0223, 'goals_added_above_avg': -0.057, 'count_actions': 2}, {'action_type': 'Passing', 'goals_added_raw': -0.1061, 'goals_added_above_avg': -0.1213, 'count_actions': 28}, {'action_type': 'Receiving', 'goals_added_raw': 0.0357, 'goals_added_above_avg': -0.0091, 'count_actions': 24}, {'action_type': 'Shooting', 'goals_added_raw': 0, 'goals_added_above_avg': -0.0239, 'count_actions': 0}]"
kRQaPd61qK,YgOMngl5wN,CB,1936,"[{'action_type': 'Dribbling', 'goals_added_raw': -0.0987, 'goals_added_above_avg': -0.1444, 'count_actions': 228}, {'action_type': 'Fouling', 'goals_added_raw': -0.1551, 'goals_added_above_avg': 0.0349, 'count_actions': 44}, {'action_type': 'Interrupting', 'goals_added_raw': 1.6672, 'goals_added_above_avg': 0.162, 'count_actions': 247}, {'action_type': 'Passing', 'goals_added_raw': 0.7845, 'goals_added_above_avg': -0.2817, 'count_actions': 997}, {'action_type': 'Receiving', 'goals_added_raw': 0.0863, 'goals_added_above_avg': -0.3413, 'count_actions': 809}, {'action_type': 'Shooting', 'goals_added_raw': 0.1126, 'goals_added_above_avg': -0.1032, 'count_actions': 7}]"
kRQabvYbMK,kRQabn8MKZ,CB,1903,"[{'action_type': 'Dribbling', 'goals_added_raw': 0.258, 'goals_added_above_avg': 0.2173, 'count_actions': 209}, {'action_type': 'Fouling', 'goals_added_raw': -0.3028, 'goals_added_above_avg': -0.111, 'count_actions': 32}, {'action_type': 'Interrupting', 'goals_added_raw': 2.3107, 'goals_added_above_avg': 0.8186, 'count_actions': 282}, {'action_type': 'Passing', 'goals_added_raw': 1.0647, 'goals_added_above_avg': 0.0013, 'count_actions': 903}, {'action_type': 'Receiving', 'goals_added_raw': 0.6995, 'goals_added_above_avg': 0.2825, 'count_actions': 699}, {'action_type': 'Shooting', 'goals_added_raw': 0.2648, 'goals_added_above_avg': 0.0545, 'count_actions': 16}]"
kRQaodJm5K,EKXMeX3Q64,FB,2417,"[{'action_type': 'Dribbling', 'goals_added_raw': 0.1573, 'goals_added_above_avg': -0.0171, 'count_actions': 229}, {'action_type': 'Fouling', 'goals_added_raw': -0.4795, 'goals_added_above_avg': -0.3809, 'count_actions': 29}, {'action_type': 'Interrupting', 'goals_added_raw': 0.2012, 'goals_added_above_avg': -1.3263, 'count_actions': 216}, {'action_type': 'Passing', 'goals_added_raw': 1.394, 'goals_added_above_avg': 0.4947, 'count_actions': 1039}, {'action_type': 'Receiving', 'goals_added_raw': 0.3341, 'goals_added_above_avg': -0.2896, 'count_actions': 622}, {'action_type': 'Shooting', 'goals_added_raw': 0.1404, 'goals_added_above_avg': -0.1795, 'count_actions': 6}]"
kRQaopnY5K,NPqxKXZ59d,FB,1231,"[{'action_type': 'Dribbling', 'goals_added_raw': -0.0577, 'goals_added_above_avg': -0.1465, 'count_actions': 139}, {'action_type': 'Fouling', 'goals_added_raw': -0.1049, 'goals_added_above_avg': -0.0547, 'count_actions': 23}, {'action_type': 'Interrupting', 'goals_added_raw': 1.0206, 'goals_added_above_avg': 0.2427, 'count_actions': 145}, {'action_type': 'Passing', 'goals_added_raw': 0.1959, 'goals_added_above_avg': -0.2621, 'count_actions': 624}, {'action_type': 'Receiving', 'goals_added_raw': 0.1911, 'goals_added_above_avg': -0.1265, 'count_actions': 459}, {'action_type': 'Shooting', 'goals_added_raw': 0.2349, 'goals_added_above_avg': 0.072, 'count_actions': 9}]"
kRQaovVo5K,kaDQ0wRqEv,W,1365,"[{'action_type': 'Dribbling', 'goals_added_raw': 1.2592, 'goals_added_above_avg': 0.9922, 'count_actions': 336}, {'action_type': 'Fouling', 'goals_added_raw': 0.0684, 'goals_added_above_avg': -0.0613, 'count_actions': 42}, {'action_type': 'Interrupting', 'goals_added_raw': 0.6937, 'goals_added_above_avg': 0.0512, 'count_actions': 75}, {'action_type': 'Passing', 'goals_added_raw': 0.4808, 'goals_added_above_avg': 0.4379, 'count_actions': 491}, {'action_type': 'Receiving', 'goals_added_raw': 1.842, 'goals_added_above_avg': 0.3848, 'count_actions': 511}, {'action_type': 'Shooting', 'goals_added_raw': 1.9242, 'goals_added_above_avg': 1.205, 'count_actions': 60}]"
kRQawAyb5K,kRQabn8MKZ,ST,728,"[{'action_type': 'Dribbling', 'goals_added_raw': -0.3291, 'goals_added_above_avg': -0.2425, 'count_actions': 92}, {'action_type': 'Fouling', 'goals_added_raw': 0.0302, 'goals_added_above_avg': -0.0602, 'count_actions': 15}, {'action_type': 'Interrupting', 'goals_added_raw': 0.3332, 'goals_added_above_avg': 0.0619, 'count_actions': 46}, {'action_type': 'Passing', 'goals_added_raw': 0.0687, 'goals_added_above_avg': 0.229, 'count_actions': 151}, {'action_type': 'Receiving', 'goals_added_raw': 1.3532, 'goals_added_above_avg': 0.0104, 'count_actions': 159}, {'action_type': 'Shooting', 'goals_added_raw': 0.5676, 'goals_added_above_avg': 0.0688, 'count_actions': 21}]"
kRQawPbO5K,mKAqBBmqbg,ST,132,"[{'action_type': 'Dribbling', 'goals_added_raw': -0.0239, 'goals_added_above_avg': -0.0229, 'count_actions': 12}, {'action_type': 'Fouling', 'goals_added_raw': -0.0044, 'goals_added_above_avg': -0.0201, 'count_actions': 4}, {'action_type': 'Interrupting', 'goals_added_raw': 0, 'goals_added_above_avg': -0.0527, 'count_actions': 0}, {'action_type': 'Passing', 'goals_added_raw': -0.0795, 'goals_added_above_avg': -0.0667, 'count_actions': 26}, {'action_type': 'Receiving', 'goals_added_raw': 0.152, 'goals_added_above_avg': -0.0554, 'count_actions': 27}, {'action_type': 'Shooting', 'goals_added_raw': 0.0564, 'goals_added_above_avg': -0.0275, 'count_actions': 2}]"
kRQawobY5K,a2lqR4JMr0,W,943,"[{'action_type': 'Dribbling', 'goals_added_raw': 0.3953, 'goals_added_above_avg': 0.2643, 'count_actions': 174}, {'action_type': 'Fouling', 'goals_added_raw': 0.0732, 'goals_added_above_avg': 0.0022, 'count_actions': 29}, {'action_type': 'Interrupting', 'goals_added_raw': 0.3364, 'goals_added_above_avg': -0.1411, 'count_actions': 42}, {'action_type': 'Passing', 'goals_added_raw': -0.2707, 'goals_added_above_avg': -0.4097, 'count_actions': 256}, {'action_type': 'Receiving', 'goals_added_raw': 0.5835, 'goals_added_above_avg': -0.3288, 'count_actions': 261}, {'action_type': 'Shooting', 'goals_added_raw': 0.4325, 'goals_added_above_avg': -0.0163, 'count_actions': 18}]"
kRQay0LQKZ,vzqoOgNqap,FB,1617,"[{'action_type': 'Dribbling', 'goals_added_raw': 0.203, 'goals_added_above_avg': 0.0863, 'count_actions': 343}, {'action_type': 'Fouling', 'goals_added_raw': -0.0554, 'goals_added_above_avg': 0.0105, 'count_actions': 35}, {'action_type': 'Interrupting', 'goals_added_raw': 0.5802, 'goals_added_above_avg': -0.4417, 'count_actions': 184}, {'action_type': 'Passing', 'goals_added_raw': 1.7673, 'goals_added_above_avg': 1.1657, 'count_actions': 1158}, {'action_type': 'Receiving', 'goals_added_raw': 0.6256, 'goals_added_above_avg': 0.2084, 'count_actions': 895}, {'action_type': 'Shooting', 'goals_added_raw': 0.1818, 'goals_added_above_avg': -0.0322, 'count_actions': 9}]"
ljqE2EwAQx,19vQ2095K6,CB,2432,"[{'action_type': 'Dribbling', 'goals_added_raw': 0.3405, 'goals_added_above_avg': 0.2885, 'count_actions': 385}, {'action_type': 'Fouling', 'goals_added_raw': -0.0506, 'goals_added_above_avg': 0.1945, 'count_actions': 18}, {'action_type': 'Interrupting', 'goals_added_raw': 2.9626, 'goals_added_above_avg': 1.0557, 'count_actions': 356}, {'action_type': 'Passing', 'goals_added_raw': 1.1185, 'goals_added_above_avg': -0.2405, 'count_actions': 1490}, {'action_type': 'Receiving', 'goals_added_raw': 0.3839, 'goals_added_above_avg': -0.149, 'count_actions': 1222}, {'action_type': 'Shooting', 'goals_added_raw': 0.0744, 'goals_added_above_avg': -0.1944, 'count_actions': 4}]"
ljqE2ekNQx,gpMOLwl5zy,FB,608,"[{'action_type': 'Dribbling', 'goals_added_raw': -0.2389, 'goals_added_above_avg': -0.2871, 'count_actions': 95}, {'action_type': 'Fouling', 'goals_added_raw': -0.0068, 'goals_added_above_avg': 0.0099, 'count_actions': 7}, {'action_type': 'Interrupting', 'goals_added_raw': 0.96, 'goals_added_above_avg': 0.5754, 'count_actions': 49}, {'action_type': 'Passing', 'goals_added_raw': 0.3672, 'goals_added_above_avg': 0.1438, 'count_actions': 355}, {'action_type': 'Receiving', 'goals_added_raw': 0.3462, 'goals_added_above_avg': 0.1223, 'count_actions': 287}, {'action_type': 'Shooting', 'goals_added_raw': 0.0175, 'goals_added_above_avg': -0.0982, 'count_actions': 1}]"
ljqE2vBzQx,kaDQ0wRqEv,FB,1552,"[{'action_type': 'Dribbling', 'goals_added_raw': 0.0027, 'goals_added_above_avg': -0.1093, 'count_actions': 185}, {'action_type': 'Fouling', 'goals_added_raw': -0.2203, 'goals_added_above_avg': -0.157, 'count_actions': 12}, {'action_type': 'Interrupting', 'goals_added_raw': 0.5738, 'goals_added_above_avg': -0.407, 'count_actions': 129}, {'action_type': 'Passing', 'goals_added_raw': -0.0134, 'goals_added_above_avg': -0.5909, 'count_actions': 728}, {'action_type': 'Receiving', 'goals_added_raw': 0.274, 'goals_added_above_avg': -0.1265, 'count_actions': 507}, {'action_type': 'Shooting', 'goals_added_raw': 0.1395, 'goals_added_above_avg': -0.0659, 'count_actions': 5}]"
ljqE9NX4qx,wvq9B9wQWn,ST,35,"[{'action_type': 'Dribbling', 'goals_added_raw': -0.1632, 'goals_added_above_avg': -0.1598, 'count_actions': 5}, {'action_type': 'Fouling', 'goals_added_raw': -0.0115, 'goals_added_above_avg': -0.0142, 'count_actions': 2}, {'action_type': 'Interrupting', 'goals_added_raw': 0.0036, 'goals_added_above_avg': -0.0116, 'count_actions': 2}, {'action_type': 'Passing', 'goals_added_raw': -0.0558, 'goals_added_above_avg': -0.0515, 'count_actions': 8}, {'action_type': 'Receiving', 'goals_added_raw': 0.1197, 'goals_added_above_avg': 0.0675, 'count_actions': 11}, {'action_type': 'Shooting', 'goals_added_raw': 0.0743, 'goals_added_above_avg': 0.0554, 'count_actions': 2}]"
ljqE9kzoqx,kRQand1MKZ,ST,589,"[{'action_type': 'Dribbling', 'goals_added_raw': -0.0387, 'goals_added_above_avg': 0.0254, 'count_actions': 74}, {'action_type': 'Fouling', 'goals_added_raw': 0.0106, 'goals_added_above_avg': -0.0599, 'count_actions': 18}, {'action_type': 'Interrupting', 'goals_added_raw': 0.1741, 'goals_added_above_avg': -0.0465, 'count_actions': 27}, {'action_type': 'Passing', 'goals_added_raw': -0.1102, 'goals_added_above_avg': 0.0349, 'count_actions': 121}, {'action_type': 'Receiving', 'goals_added_raw': 1.5063, 'goals_added_above_avg': 0.4294, 'count_actions': 135}, {'action_type': 'Shooting', 'goals_added_raw': 0.5377, 'goals_added_above_avg': 0.1399, 'count_actions': 18}]"
ljqEJ0okQx,0KPqjA456v,AM,181,"[{'action_type': 'Dribbling', 'goals_added_raw': -0.008, 'goals_added_above_avg': -0.0038, 'count_actions': 20}, {'action_type': 'Fouling', 'goals_added_raw': -0.015, 'goals_added_above_avg': -0.0372, 'count_actions': 5}, {'action_type': 'Interrupting', 'goals_added_raw': 0.0644, 'goals_added_above_avg': -0.0069, 'count_actions': 7}, {'action_type': 'Passing', 'goals_added_raw': -0.1252, 'goals_added_above_avg': -0.1227, 'count_actions': 37}, {'action_type': 'Receiving', 'goals_added_raw': 0.1346, 'goals_added_above_avg': -0.1465, 'count_actions': 39}, {'action_type': 'Shooting', 'goals_added_raw': 0.08, 'goals_added_above_avg': -0.0349, 'count_actions': 2}]"
ljqEJ8KkQx,Z2vQ1xlqrA,CB,964,"[{'action_type': 'Dribbling', 'goals_added_raw': 0.1679, 'goals_added_above_avg': 0.1285, 'count_actions': 86}, {'action_type': 'Fouling', 'goals_added_raw': -0.5121, 'goals_added_above_avg': -0.4372, 'count_actions': 9}, {'action_type': 'Interrupting', 'goals_added_raw': 0.5516, 'goals_added_above_avg': -0.1479, 'count_actions': 96}, {'action_type': 'Passing', 'goals_added_raw': -0.1069, 'goals_added_above_avg': -0.5764, 'count_actions': 423}, {'action_type': 'Receiving', 'goals_added_raw': 0.1522, 'goals_added_above_avg': -0.0735, 'count_actions': 351}, {'action_type': 'Shooting', 'goals_added_raw': 0.0803, 'goals_added_above_avg': -0.0344, 'count_actions': 3}]"
ljqEJEozQx,kaDQ0wRqEv,W,1582,"[{'action_type': 'Dribbling', 'goals_added_raw': 0.6903, 'goals_added_above_avg': 0.4614, 'count_actions': 268}, {'action_type': 'Fouling', 'goals_added_raw': -0.2656, 'goals_added_above_avg': -0.3287, 'count_actions': 37}, {'action_type': 'Interrupting', 'goals_added_raw': 0.8574, 'goals_added_above_avg': 0.0036, 'count_actions': 174}, {'action_type': 'Passing', 'goals_added_raw': 0.3059, 'goals_added_above_avg': 0.0348, 'count_actions': 591}, {'action_type': 'Receiving', 'goals_added_raw': 0.5642, 'goals_added_above_avg': -0.6026, 'count_actions': 496}, {'action_type': 'Shooting', 'goals_added_raw': 0.4251, 'goals_added_above_avg': -0.1566, 'count_actions': 17}]"
ljqEJEvzQx,jYQJ19EqGR,DM,1598,"[{'action_type': 'Dribbling', 'goals_added_raw': 0.5372, 'goals_added_above_avg': 0.3531, 'count_actions': 238}, {'action_type': 'Fouling', 'goals_added_raw': -0.0002, 'goals_added_above_avg': 0.0298, 'count_actions': 29}, {'action_type': 'Interrupting', 'goals_added_raw': 1.373, 'goals_added_above_avg': 0.2409, 'count_actions': 128}, {'action_type': 'Passing', 'goals_added_raw': -0.0364, 'goals_added_above_avg': -0.6277, 'count_actions': 692}, {'action_type': 'Receiving', 'goals_added_raw': 0.7232, 'goals_added_above_avg': 0.0687, 'count_actions': 618}, {'action_type': 'Shooting', 'goals_added_raw': 0.5857, 'goals_added_above_avg': 0.1991, 'count_actions': 25}]"
ljqEJWxzQx,a2lqR4JMr0,FB,394,"[{'action_type': 'Dribbling', 'goals_added_raw': 0.193, 'goals_added_above_avg': 0.1595, 'count_actions': 59}, {'action_type': 'Fouling', 'goals_added_raw': 0.0274, 'goals_added_above_avg': 0.0354, 'count_actions': 15}, {'action_type': 'Interrupting', 'goals_added_raw': 0.1743, 'goals_added_above_avg': -0.068, 'count_actions': 40}, {'action_type': 'Passing', 'goals_added_raw': -0.2478, 'goals_added_above_avg': -0.3869, 'count_actions': 132}, {'action_type': 'Receiving', 'goals_added_raw': 0.2591, 'goals_added_above_avg': 0.1031, 'count_actions': 122}, {'action_type': 'Shooting', 'goals_added_raw': 0.1775, 'goals_added_above_avg': 0.098, 'count_actions': 8}]"
ljqEJonzQx,9z5k7Yg5A3,ST,2094,"[{'action_type': 'Dribbling', 'goals_added_raw': -0.802, 'goals_added_above_avg': -0.4497, 'count_actions': 192}, {'action_type': 'Fouling', 'goals_added_raw': 0.4026, 'goals_added_above_avg': 0.1222, 'count_actions': 81}, {'action_type': 'Interrupting', 'goals_added_raw': 0.688, 'goals_added_above_avg': -0.0281, 'count_actions': 122}, {'action_type': 'Passing', 'goals_added_raw': -0.3149, 'goals_added_above_avg': 0.426, 'count_actions': 514}, {'action_type': 'Receiving', 'goals_added_raw': 3.5601, 'goals_added_above_avg': -0.7669, 'count_actions': 530}, {'action_type': 'Shooting', 'goals_added_raw': 1.301, 'goals_added_above_avg': -0.2429, 'count_actions': 53}]"
ljqEJzLkQx,jYQJ8EW5GR,CB,370,"[{'action_type': 'Dribbling', 'goals_added_raw': -0.0121, 'goals_added_above_avg': -0.02, 'count_actions': 22}, {'action_type': 'Fouling', 'goals_added_raw': -0.2497, 'goals_added_above_avg': -0.2124, 'count_actions': 2}, {'action_type': 'Interrupting', 'goals_added_raw': 0.5076, 'goals_added_above_avg': 0.2175, 'count_actions': 38}, {'action_type': 'Passing', 'goals_added_raw': 0.1194, 'goals_added_above_avg': -0.0874, 'count_actions': 171}, {'action_type': 'Receiving', 'goals_added_raw': 0.0723, 'goals_added_above_avg': -0.0088, 'count_actions': 138}, {'action_type': 'Shooting', 'goals_added_raw': 0.0004, 'goals_added_above_avg': -0.0405, 'count_actions': 1}]"
ljqEL4wo5x,NWMWlBK5lz,CM,1525,"[{'action_type': 'Dribbling', 'goals_added_raw': 0.3666, 'goals_added_above_avg': 0.2506, 'count_actions': 265}, {'action_type': 'Fouling', 'goals_added_raw': 0.3547, 'goals_added_above_avg': 0.3536, 'count_actions': 61}, {'action_type': 'Interrupting', 'goals_added_raw': 1.2089, 'goals_added_above_avg': 0.2125, 'count_actions': 96}, {'action_type': 'Passing', 'goals_added_raw': 0.0841, 'goals_added_above_avg': -0.3816, 'count_actions': 727}, {'action_type': 'Receiving', 'goals_added_raw': 0.8899, 'goals_added_above_avg': 0.095, 'count_actions': 683}, {'action_type': 'Shooting', 'goals_added_raw': 0.4648, 'goals_added_above_avg': 0.0348, 'count_actions': 20}]"
ljqELGYo5x,KAqBN0Vqbg,DM,820,"[{'action_type': 'Dribbling', 'goals_added_raw': 0.0466, 'goals_added_above_avg': -0.0345, 'count_actions': 112}, {'action_type': 'Fouling', 'goals_added_raw': 0.0349, 'goals_added_above_avg': 0.0593, 'count_actions': 8}, {'action_type': 'Interrupting', 'goals_added_raw': 0.4965, 'goals_added_above_avg': -0.102, 'count_actions': 55}, {'action_type': 'Passing', 'goals_added_raw': 0.0782, 'goals_added_above_avg': -0.253, 'count_actions': 387}, {'action_type': 'Receiving', 'goals_added_raw': 0.1123, 'goals_added_above_avg': -0.1626, 'count_actions': 320}, {'action_type': 'Shooting', 'goals_added_raw': 0.0281, 'goals_added_above_avg': -0.1451, 'count_actions': 1}]"
ljqELLzz5x,Vj58weDM8n,CB,181,"[{'action_type': 'Dribbling', 'goals_added_raw': -0.0224, 'goals_added_above_avg': -0.0262, 'count_actions': 22}, {'action_type': 'Fouling', 'goals_added_raw': -0.001, 'goals_added_above_avg': 0.0173, 'count_actions': 1}, {'action_type': 'Interrupting', 'goals_added_raw': 0.024, 'goals_added_above_avg': -0.1179, 'count_actions': 21}, {'action_type': 'Passing', 'goals_added_raw': 0.0965, 'goals_added_above_avg': -0.0047, 'count_actions': 91}, {'action_type': 'Receiving', 'goals_added_raw': 0.0009, 'goals_added_above_avg': -0.0388, 'count_actions': 79}, {'action_type': 'Shooting', 'goals_added_raw': 0, 'goals_added_above_avg': -0.02, 'count_actions': 0}]"
ljqELX2N5x,9z5k7Yg5A3,FB,63,"[{'action_type': 'Dribbling', 'goals_added_raw': 0.0041, 'goals_added_above_avg': -0.0004, 'count_actions': 5}, {'action_type': 'Fouling', 'goals_added_raw': -0.0018, 'goals_added_above_avg': 0.0007, 'count_actions': 1}, {'action_type': 'Interrupting', 'goals_added_raw': 0.0547, 'goals_added_above_avg': 0.0149, 'count_actions': 13}, {'action_type': 'Passing', 'goals_added_raw': -0.0355, 'goals_added_above_avg': -0.0589, 'count_actions': 16}, {'action_type': 'Receiving', 'goals_added_raw': 0.0073, 'goals_added_above_avg': -0.009, 'count_actions': 7}, {'action_type': 'Shooting', 'goals_added_raw': 0, 'goals_added_above_avg': -0.0083, 'count_actions': 0}]"
ljqELmRk5x,APk5LGOMOW,DM,2116,"[{'action_type': 'Dribbling', 'goals_added_raw': -0.4858, 'goals_added_above_avg': -0.6974, 'count_actions': 235}, {'action_type': 'Fouling', 'goals_added_raw': 0.1804, 'goals_added_above_avg': 0.2211, 'count_actions': 56}, {'action_type': 'Interrupting', 'goals_added_raw': 1.0993, 'goals_added_above_avg': -0.3946, 'count_actions': 173}, {'action_type': 'Passing', 'goals_added_raw': 0.3325, 'goals_added_above_avg': -0.4471, 'count_actions': 864}, {'action_type': 'Receiving', 'goals_added_raw': 0.4695, 'goals_added_above_avg': -0.3544, 'count_actions': 699}, {'action_type': 'Shooting', 'goals_added_raw': 0.186, 'goals_added_above_avg': -0.3122, 'count_actions': 7}]"
ljqELmeo5x,0KPqjA456v,W,2143,"[{'action_type': 'Dribbling', 'goals_added_raw': 1.1556, 'goals_added_above_avg': 0.8966, 'count_actions': 374}, {'action_type': 'Fouling', 'goals_added_raw': 0.1041, 'goals_added_above_avg': -0.1163, 'count_actions': 72}, {'action_type': 'Interrupting', 'goals_added_raw': 0.7673, 'goals_added_above_avg': -0.1847, 'count_actions': 135}, {'action_type': 'Passing', 'goals_added_raw': -0.1286, 'goals_added_above_avg': -0.0121, 'count_actions': 602}, {'action_type': 'Receiving', 'goals_added_raw': 3.0418, 'goals_added_above_avg': 0.3055, 'count_actions': 591}, {'action_type': 'Shooting', 'goals_added_raw': 1.1844, 'goals_added_above_avg': -0.0388, 'count_actions': 39}]"
ljqEj8WNQx,19vQ2095K6,CB,103,"[{'action_type': 'Dribbling', 'goals_added_raw': 0.0283, 'goals_added_above_avg': 0.0261, 'count_actions': 17}, {'action_type': 'Fouling', 'goals_added_raw': 0.0003, 'goals_added_above_avg': 0.0107, 'count_actions': 1}, {'action_type': 'Interrupting', 'goals_added_raw': 0.0913, 'goals_added_above_avg': 0.0106, 'count_actions': 17}, {'action_type': 'Passing', 'goals_added_raw': 0.0686, 'goals_added_above_avg': 0.011, 'count_actions': 59}, {'action_type': 'Receiving', 'goals_added_raw': -0.0015, 'goals_added_above_avg': -0.0241, 'count_actions': 45}, {'action_type': 'Shooting', 'goals_added_raw': 0, 'goals_added_above_avg': -0.0114, 'count_actions': 0}]"
ljqEjLaEQx,19vQ2095K6,W,294,"[{'action_type': 'Dribbling', 'goals_added_raw': -0.1373, 'goals_added_above_avg': -0.1849, 'count_actions': 40}, {'action_type': 'Fouling', 'goals_added_raw': 0.0018, 'goals_added_above_avg': -0.0162, 'count_actions': 5}, {'action_type': 'Interrupting', 'goals_added_raw': 0.0002, 'goals_added_above_avg': -0.1584, 'count_actions': 15}, {'action_type': 'Passing', 'goals_added_raw': 0.0053, 'goals_added_above_avg': -0.036, 'count_actions': 127}, {'action_type': 'Receiving', 'goals_added_raw': 0.2649, 'goals_added_above_avg': 0.0125, 'count_actions': 110}, {'action_type': 'Shooting', 'goals_added_raw': 0.0388, 'goals_added_above_avg': -0.0901, 'count_actions': 1}]"
ljqEjV8oQx,NPqxKXZ59d,FB,1920,"[{'action_type': 'Dribbling', 'goals_added_raw': 0.2247, 'goals_added_above_avg': 0.0862, 'count_actions': 203}, {'action_type': 'Fouling', 'goals_added_raw': -0.0009, 'goals_added_above_avg': 0.0774, 'count_actions': 23}, {'action_type': 'Interrupting', 'goals_added_raw': 0.7192, 'goals_added_above_avg': -0.4942, 'count_actions': 128}, {'action_type': 'Passing', 'goals_added_raw': 1.0577, 'goals_added_above_avg': 0.3433, 'count_actions': 1014}, {'action_type': 'Receiving', 'goals_added_raw': 0.0798, 'goals_added_above_avg': -0.4156, 'count_actions': 761}, {'action_type': 'Shooting', 'goals_added_raw': 0.0378, 'goals_added_above_avg': -0.2164, 'count_actions': 3}]"
odMX70VAQY,Z2vQ1xlqrA,W,1961,"[{'action_type': 'Dribbling', 'goals_added_raw': 1.6578, 'goals_added_above_avg': 1.2707, 'count_actions': 319}, {'action_type': 'Fouling', 'goals_added_raw': 0.3332, 'goals_added_above_avg': 0.1478, 'count_actions': 71}, {'action_type': 'Interrupting', 'goals_added_raw': 1.2203, 'goals_added_above_avg': 0.2961, 'count_actions': 113}, {'action_type': 'Passing', 'goals_added_raw': -1.2305, 'goals_added_above_avg': -1.2738, 'count_actions': 420}, {'action_type': 'Receiving', 'goals_added_raw': 2.8305, 'goals_added_above_avg': 0.7331, 'count_actions': 469}, {'action_type': 'Shooting', 'goals_added_raw': 1.3232, 'goals_added_above_avg': 0.2899, 'count_actions': 45}]"
odMX84koMY,eVq3ya6MWO,ST,2144,"[{'action_type': 'Dribbling', 'goals_added_raw': 1.7399, 'goals_added_above_avg': 1.9905, 'count_actions': 394}, {'action_type': 'Fouling', 'goals_added_raw': 0.2723, 'goals_added_above_avg': 0.0079, 'count_actions': 44}, {'action_type': 'Interrupting', 'goals_added_raw': 0.8338, 'goals_added_above_avg': 0.0428, 'count_actions': 50}, {'action_type': 'Passing', 'goals_added_raw': -0.0623, 'goals_added_above_avg': 0.4384, 'count_actions': 701}, {'action_type': 'Receiving', 'goals_added_raw': 3.2212, 'goals_added_above_avg': -0.7429, 'count_actions': 688}, {'action_type': 'Shooting', 'goals_added_raw': 2.7948, 'goals_added_above_avg': 1.3293, 'count_actions': 90}]"
odMX8xmrMY,mKAqBBmqbg,CB,1810,"[{'action_type': 'Dribbling', 'goals_added_raw': -0.0834, 'goals_added_above_avg': -0.1034, 'count_actions': 98}, {'action_type': 'Fouling', 'goals_added_raw': -0.0228, 'goals_added_above_avg': 0.1124, 'count_actions': 28}, {'action_type': 'Interrupting', 'goals_added_raw': 1.7243, 'goals_added_above_avg': 0.403, 'count_actions': 218}, {'action_type': 'Passing', 'goals_added_raw': 0.7928, 'goals_added_above_avg': -0.0438, 'count_actions': 582}, {'action_type': 'Receiving', 'goals_added_raw': 0.3629, 'goals_added_above_avg': -0.3157, 'count_actions': 373}, {'action_type': 'Shooting', 'goals_added_raw': 0.1457, 'goals_added_above_avg': -0.1511, 'count_actions': 5}]"
odMXE2rG5Y,X0Oq66zq6D,W,642,"[{'action_type': 'Dribbling', 'goals_added_raw': -0.182, 'goals_added_above_avg': -0.2791, 'count_actions': 121}, {'action_type': 'Fouling', 'goals_added_raw': 0.3499, 'goals_added_above_avg': 0.2902, 'count_actions': 14}, {'action_type': 'Interrupting', 'goals_added_raw': 0.0419, 'goals_added_above_avg': -0.2587, 'count_actions': 41}, {'action_type': 'Passing', 'goals_added_raw': -0.1406, 'goals_added_above_avg': -0.1299, 'count_actions': 140}, {'action_type': 'Receiving', 'goals_added_raw': 1.1361, 'goals_added_above_avg': 0.3963, 'count_actions': 155}, {'action_type': 'Shooting', 'goals_added_raw': 0.5282, 'goals_added_above_avg': 0.1837, 'count_actions': 20}]"
odMXE98x5Y,APk5LGOMOW,ST,27,"[{'action_type': 'Dribbling', 'goals_added_raw': -0.0123, 'goals_added_above_avg': -0.0073, 'count_actions': 4}, {'action_type': 'Fouling', 'goals_added_raw': 0, 'goals_added_above_avg': -0.0037, 'count_actions': 0}, {'action_type': 'Interrupting', 'goals_added_raw': 0, 'goals_added_above_avg': -0.0091, 'count_actions': 0}, {'action_type': 'Passing', 'goals_added_raw': -0.0096, 'goals_added_above_avg': 0.0003, 'count_actions': 7}, {'action_type': 'Receiving', 'goals_added_raw': 0.03, 'goals_added_above_avg': -0.0269, 'count_actions': 7}, {'action_type': 'Shooting', 'goals_added_raw': 0, 'goals_added_above_avg': -0.0201, 'count_actions': 0}]"
odMXEANx5Y,jYQJ8EW5GR,CB,289,"[{'action_type': 'Dribbling', 'goals_added_raw': 0.0235, 'goals_added_above_avg': 0.0084, 'count_actions': 27}, {'action_type': 'Fouling', 'goals_added_raw': -0.0217, 'goals_added_above_avg': -0.0039, 'count_actions': 7}, {'action_type': 'Interrupting', 'goals_added_raw': 0.2147, 'goals_added_above_avg': 0.0114, 'count_actions': 28}, {'action_type': 'Passing', 'goals_added_raw': 0.0465, 'goals_added_above_avg': -0.0821, 'count_actions': 104}, {'action_type': 'Receiving', 'goals_added_raw': 0.0206, 'goals_added_above_avg': -0.0564, 'count_actions': 78}, {'action_type': 'Shooting', 'goals_added_raw': 0, 'goals_added_above_avg': -0.0407, 'count_actions': 0}]"
odMXEZjr5Y,X0Oq66zq6D,CM,70,"[{'action_type': 'Dribbling', 'goals_added_raw': -0.0079, 'goals_added_above_avg': -0.0138, 'count_actions': 4}, {'action_type': 'Fouling', 'goals_added_raw': -0.0038, 'goals_added_above_avg': -0.0033, 'count_actions': 1}, {'action_type': 'Interrupting', 'goals_added_raw': 0.077, 'goals_added_above_avg': 0.0298, 'count_actions': 7}, {'action_type': 'Passing', 'goals_added_raw': -0.0114, 'goals_added_above_avg': -0.0341, 'count_actions': 30}, {'action_type': 'Receiving', 'goals_added_raw': 0.0089, 'goals_added_above_avg': -0.0214, 'count_actions': 24}, {'action_type': 'Shooting', 'goals_added_raw': 0.0042, 'goals_added_above_avg': -0.0139, 'count_actions': 1}]"
odMXGB1xQY,gpMOLwl5zy,CM,742,"[{'action_type': 'Dribbling', 'goals_added_raw': -0.0871, 'goals_added_above_avg': -0.1562, 'count_actions': 99}, {'action_type': 'Fouling', 'goals_added_raw': -0.3304, 'goals_added_above_avg': -0.3155, 'count_actions': 18}, {'action_type': 'Interrupting', 'goals_added_raw': 0.3975, 'goals_added_above_avg': -0.1265, 'count_actions': 76}, {'action_type': 'Passing', 'goals_added_raw': -0.0171, 'goals_added_above_avg': -0.2915, 'count_actions': 371}, {'action_type': 'Receiving', 'goals_added_raw': 0.0338, 'goals_added_above_avg': -0.2462, 'count_actions': 310}, {'action_type': 'Shooting', 'goals_added_raw': 0.0295, 'goals_added_above_avg': -0.1421, 'count_actions': 1}]"
odMXGL8JQY,mKAqBBmqbg,ST,1439,"[{'action_type': 'Dribbling', 'goals_added_raw': -0.1673, 'goals_added_above_avg': -0.0421, 'count_actions': 245}, {'action_type': 'Fouling', 'goals_added_raw': 0.5716, 'goals_added_above_avg': 0.3961, 'count_actions': 58}, {'action_type': 'Interrupting', 'goals_added_raw': 0.4908, 'goals_added_above_avg': -0.0577, 'count_actions': 67}, {'action_type': 'Passing', 'goals_added_raw': -0.5772, 'goals_added_above_avg': -0.3035, 'count_actions': 353}, {'action_type': 'Receiving', 'goals_added_raw': 3.1957, 'goals_added_above_avg': 0.6531, 'count_actions': 408}, {'action_type': 'Shooting', 'goals_added_raw': 1.2785, 'goals_added_above_avg': 0.3138, 'count_actions': 43}]"
odMXR02JqY,kRQand1MKZ,FB,139,"[{'action_type': 'Dribbling', 'goals_added_raw': -0.0047, 'goals_added_above_avg': -0.0134, 'count_actions': 11}, {'action_type': 'Fouling', 'goals_added_raw': -0.2745, 'goals_added_above_avg': -0.2679, 'count_actions': 5}, {'action_type': 'Interrupting', 'goals_added_raw': 0.0811, 'goals_added_above_avg': -0.0135, 'count_actions': 16}, {'action_type': 'Passing', 'goals_added_raw': -0.0352, 'goals_added_above_avg': -0.0917, 'count_actions': 61}, {'action_type': 'Receiving', 'goals_added_raw': 0.0521, 'goals_added_above_avg': 0.0115, 'count_actions': 46}, {'action_type': 'Shooting', 'goals_added_raw': 0, 'goals_added_above_avg': -0.022, 'count_actions': 0}]"
odMXR6GGqY,X0Oq66zq6D,FB,1470,"[{'action_type': 'Dribbling', 'goals_added_raw': -0.0228, 'goals_added_above_avg': -0.1383, 'count_actions': 138}, {'action_type': 'Fouling', 'goals_added_raw': -0.3105, 'goals_added_above_avg': -0.2604, 'count_actions': 24}, {'action_type': 'Interrupting', 'goals_added_raw': 0.6779, 'goals_added_above_avg': -0.2394, 'count_actions': 165}, {'action_type': 'Passing', 'goals_added_raw': 0.3055, 'goals_added_above_avg': -0.2146, 'count_actions': 710}, {'action_type': 'Receiving', 'goals_added_raw': 0.3011, 'goals_added_above_avg': -0.1381, 'count_actions': 469}, {'action_type': 'Shooting', 'goals_added_raw': 0, 'goals_added_above_avg': -0.2236, 'count_actions': 0}]"
odMXRO3xqY,mKAqBBmqbg,CB,279,"[{'action_type': 'Dribbling', 'goals_added_raw': 0.024, 'goals_added_above_avg': 0.0145, 'count_actions': 22}, {'action_type': 'Fouling', 'goals_added_raw': -0.2421, 'goals_added_above_avg': -0.2182, 'count_actions': 8}, {'action_type': 'Interrupting', 'goals_added_raw': 0.1444, 'goals_added_above_avg': -0.0637, 'count_actions': 27}, {'action_type': 'Passing', 'goals_added_raw': 0.1727, 'goals_added_above_avg': 0.0298, 'count_actions': 85}, {'action_type': 'Receiving', 'goals_added_raw': 0.2352, 'goals_added_above_avg': 0.1714, 'count_actions': 64}, {'action_type': 'Shooting', 'goals_added_raw': 0.061, 'goals_added_above_avg': 0.0286, 'count_actions': 3}]"
odMXRxV2qY,eVq3ya6MWO,W,2331,"[{'action_type': 'Dribbling', 'goals_added_raw': 2.0171, 'goals_added_above_avg': 1.5624, 'count_actions': 498}, {'action_type': 'Fouling', 'goals_added_raw': 0.1908, 'goals_added_above_avg': -0.031, 'count_actions': 62}, {'action_type': 'Interrupting', 'goals_added_raw': 0.6732, 'goals_added_above_avg': -0.4236, 'count_actions': 116}, {'action_type': 'Passing', 'goals_added_raw': -0.145, 'goals_added_above_avg': -0.2249, 'count_actions': 836}, {'action_type': 'Receiving', 'goals_added_raw': 4.1043, 'goals_added_above_avg': 1.6174, 'count_actions': 808}, {'action_type': 'Shooting', 'goals_added_raw': 2.0984, 'goals_added_above_avg': 0.8703, 'count_actions': 79}]"
odMXRxZJqY,Vj58weDM8n,CB,987,"[{'action_type': 'Dribbling', 'goals_added_raw': 0.0666, 'goals_added_above_avg': 0.0287, 'count_actions': 142}, {'action_type': 'Fouling', 'goals_added_raw': -0.3486, 'goals_added_above_avg': -0.2606, 'count_actions': 14}, {'action_type': 'Interrupting', 'goals_added_raw': 0.8431, 'goals_added_above_avg': 0.0737, 'count_actions': 118}, {'action_type': 'Passing', 'goals_added_raw': 0.3263, 'goals_added_above_avg': -0.2036, 'count_actions': 610}, {'action_type': 'Receiving', 'goals_added_raw': 0.2758, 'goals_added_above_avg': 0.0476, 'count_actions': 469}, {'action_type': 'Shooting', 'goals_added_raw': 0.1983, 'goals_added_above_avg': 0.0746, 'count_actions': 7}]"
odMXrvAqYL,YgOMngl5wN,CB,715,"[{'action_type': 'Dribbling', 'goals_added_raw': -0.0294, 'goals_added_above_avg': -0.0483, 'count_actions': 65}, {'action_type': 'Fouling', 'goals_added_raw': -0.0063, 'goals_added_above_avg': 0.0615, 'count_actions': 12}, {'action_type': 'Interrupting', 'goals_added_raw': 0.346, 'goals_added_above_avg': -0.2038, 'count_actions': 73}, {'action_type': 'Passing', 'goals_added_raw': 0.2159, 'goals_added_above_avg': -0.1703, 'count_actions': 305}, {'action_type': 'Receiving', 'goals_added_raw': 0.1506, 'goals_added_above_avg': -0.0088, 'count_actions': 232}, {'action_type': 'Shooting', 'goals_added_raw': 0.0725, 'goals_added_above_avg': -0.0081, 'count_actions': 4}]"
p6qbOD1bQ0,eVq3ya6MWO,FB,2061,"[{'action_type': 'Dribbling', 'goals_added_raw': 0.1455, 'goals_added_above_avg': -0.0101, 'count_actions': 218}, {'action_type': 'Fouling', 'goals_added_raw': -0.0319, 'goals_added_above_avg': 0.0762, 'count_actions': 31}, {'action_type': 'Interrupting', 'goals_added_raw': 0.8601, 'goals_added_above_avg': -0.5962, 'count_actions': 221}, {'action_type': 'Passing', 'goals_added_raw': 0.9396, 'goals_added_above_avg': 0.0448, 'count_actions': 1287}, {'action_type': 'Receiving', 'goals_added_raw': 0.3226, 'goals_added_above_avg': -0.2105, 'count_actions': 992}, {'action_type': 'Shooting', 'goals_added_raw': 0.3019, 'goals_added_above_avg': -0.0018, 'count_actions': 12}]"
p6qbON3aQ0,YgOMngl5wN,FB,698,"[{'action_type': 'Dribbling', 'goals_added_raw': 0.0216, 'goals_added_above_avg': -0.0268, 'count_actions': 87}, {'action_type': 'Fouling', 'goals_added_raw': -0.1255, 'goals_added_above_avg': -0.0987, 'count_actions': 7}, {'action_type': 'Interrupting', 'goals_added_raw': 0.8962, 'goals_added_above_avg': 0.4484, 'count_actions': 71}, {'action_type': 'Passing', 'goals_added_raw': 0.3087, 'goals_added_above_avg': 0.0306, 'count_actions': 357}, {'action_type': 'Receiving', 'goals_added_raw': 0.0789, 'goals_added_above_avg': -0.1369, 'count_actions': 268}, {'action_type': 'Shooting', 'goals_added_raw': 0.0853, 'goals_added_above_avg': -0.0257, 'count_actions': 7}]"
p6qbONo3Q0,Vj58weDM8n,DM,1103,"[{'action_type': 'Dribbling', 'goals_added_raw': 0.3719, 'goals_added_above_avg': 0.2576, 'count_actions': 162}, {'action_type': 'Fouling', 'goals_added_raw': -0.2673, 'goals_added_above_avg': -0.2257, 'count_actions': 32}, {'action_type': 'Interrupting', 'goals_added_raw': 0.7823, 'goals_added_above_avg': -0.0436, 'count_actions': 117}, {'action_type': 'Passing', 'goals_added_raw': 0.0801, 'goals_added_above_avg': -0.3959, 'count_actions': 695}, {'action_type': 'Receiving', 'goals_added_raw': 0.1169, 'goals_added_above_avg': -0.2154, 'count_actions': 588}, {'action_type': 'Shooting', 'goals_added_raw': 0.1502, 'goals_added_above_avg': -0.0648, 'count_actions': 6}]"
p6qbOeRXQ0,jYQJ19EqGR,W,827,"[{'action_type': 'Dribbling', 'goals_added_raw': 0.3651, 'goals_added_above_avg': 0.3356, 'count_actions': 87}, {'action_type': 'Fouling', 'goals_added_raw': 0.0124, 'goals_added_above_avg': -0.08, 'count_actions': 11}, {'action_type': 'Interrupting', 'goals_added_raw': 0.237, 'goals_added_above_avg': -0.1054, 'count_actions': 32}, {'action_type': 'Passing', 'goals_added_raw': -0.1418, 'goals_added_above_avg': -0.0147, 'count_actions': 163}, {'action_type': 'Receiving', 'goals_added_raw': 2.6615, 'goals_added_above_avg': 1.4074, 'count_actions': 168}, {'action_type': 'Shooting', 'goals_added_raw': 0.5342, 'goals_added_above_avg': 0.0206, 'count_actions': 19}]"
p6qbOkywQ0,"['a2lqR4JMr0', 'kaDQ0wRqEv']",DM,464,"[{'action_type': 'Dribbling', 'goals_added_raw': -0.0037, 'goals_added_above_avg': -0.0464, 'count_actions': 73}, {'action_type': 'Fouling', 'goals_added_raw': -0.0048, 'goals_added_above_avg': 0.0035, 'count_actions': 4}, {'action_type': 'Interrupting', 'goals_added_raw': 0.2221, 'goals_added_above_avg': -0.103, 'count_actions': 45}, {'action_type': 'Passing', 'goals_added_raw': 0.1818, 'goals_added_above_avg': 0.0139, 'count_actions': 291}, {'action_type': 'Receiving', 'goals_added_raw': 0.0129, 'goals_added_above_avg': -0.1667, 'count_actions': 245}, {'action_type': 'Shooting', 'goals_added_raw': 0.1964, 'goals_added_above_avg': 0.0869, 'count_actions': 11}]"
p6qbOn3DQ0,X0Oq66zq6D,W,1277,"[{'action_type': 'Dribbling', 'goals_added_raw': 1.6691, 'goals_added_above_avg': 1.4136, 'count_actions': 307}, {'action_type': 'Fouling', 'goals_added_raw': 0.011, 'goals_added_above_avg': -0.1088, 'count_actions': 26}, {'action_type': 'Interrupting', 'goals_added_raw': 0.5654, 'goals_added_above_avg': -0.0376, 'count_actions': 106}, {'action_type': 'Passing', 'goals_added_raw': 0.2464, 'goals_added_above_avg': 0.2368, 'count_actions': 512}, {'action_type': 'Receiving', 'goals_added_raw': 1.2144, 'goals_added_above_avg': -0.1556, 'count_actions': 499}, {'action_type': 'Shooting', 'goals_added_raw': 0.7457, 'goals_added_above_avg': 0.0725, 'count_actions': 31}]"
p6qbOnb8Q0,"['KAqBN0Vqbg', 'a2lqR4JMr0']",W,1140,"[{'action_type': 'Dribbling', 'goals_added_raw': 0.7771, 'goals_added_above_avg': 0.6223, 'count_actions': 206}, {'action_type': 'Fouling', 'goals_added_raw': -0.014, 'goals_added_above_avg': -0.0808, 'count_actions': 6}, {'action_type': 'Interrupting', 'goals_added_raw': 0.0829, 'goals_added_above_avg': -0.515, 'count_actions': 30}, {'action_type': 'Passing', 'goals_added_raw': -0.3209, 'goals_added_above_avg': -0.4892, 'count_actions': 333}, {'action_type': 'Receiving', 'goals_added_raw': 1.1398, 'goals_added_above_avg': 0.1351, 'count_actions': 302}, {'action_type': 'Shooting', 'goals_added_raw': 1.0736, 'goals_added_above_avg': 0.5817, 'count_actions': 37}]"
p6qbOpVDQ0,YgOMngl5wN,CB,1254,"[{'action_type': 'Dribbling', 'goals_added_raw': -0.0827, 'goals_added_above_avg': -0.1095, 'count_actions': 149}, {'action_type': 'Fouling', 'goals_added_raw': -0.0368, 'goals_added_above_avg': 0.0896, 'count_actions': 24}, {'action_type': 'Interrupting', 'goals_added_raw': 0.7391, 'goals_added_above_avg': -0.2441, 'count_actions': 139}, {'action_type': 'Passing', 'goals_added_raw': 0.6282, 'goals_added_above_avg': -0.0726, 'count_actions': 715}, {'action_type': 'Receiving', 'goals_added_raw': 0.3763, 'goals_added_above_avg': 0.1015, 'count_actions': 593}, {'action_type': 'Shooting', 'goals_added_raw': 0.1792, 'goals_added_above_avg': 0.0406, 'count_actions': 7}]"
p6qbPXRpM0,pzeQZ6xQKw,W,215,"[{'action_type': 'Dribbling', 'goals_added_raw': 0.2432, 'goals_added_above_avg': 0.2164, 'count_actions': 35}, {'action_type': 'Fouling', 'goals_added_raw': 0.0052, 'goals_added_above_avg': -0.0134, 'count_actions': 12}, {'action_type': 'Interrupting', 'goals_added_raw': 0.1099, 'goals_added_above_avg': 0.0054, 'count_actions': 11}, {'action_type': 'Passing', 'goals_added_raw': -0.476, 'goals_added_above_avg': -0.4973, 'count_actions': 50}, {'action_type': 'Receiving', 'goals_added_raw': 0.5102, 'goals_added_above_avg': 0.277, 'count_actions': 53}, {'action_type': 'Shooting', 'goals_added_raw': 0.1796, 'goals_added_above_avg': 0.0697, 'count_actions': 6}]"
p6qbPrmDM0,vzqoOgNqap,DM,80,"[{'action_type': 'Dribbling', 'goals_added_raw': 0.0224, 'goals_added_above_avg': 0.0143, 'count_actions': 9}, {'action_type': 'Fouling', 'goals_added_raw': -0.0041, 'goals_added_above_avg': -0.0014, 'count_actions': 2}, {'action_type': 'Interrupting', 'goals_added_raw': 0.0608, 'goals_added_above_avg': 0.0017, 'count_actions': 8}, {'action_type': 'Passing', 'goals_added_raw': -0.0344, 'goals_added_above_avg': -0.0678, 'count_actions': 53}, {'action_type': 'Receiving', 'goals_added_raw': 0.0064, 'goals_added_above_avg': -0.019, 'count_actions': 45}, {'action_type': 'Shooting', 'goals_added_raw': 0, 'goals_added_above_avg': -0.0162, 'count_actions': 0}]"
p6qbeZ1p50,X0Oq66zq6D,ST,1582,"[{'action_type': 'Dribbling', 'goals_added_raw': 0.478, 'goals_added_above_avg': 0.4795, 'count_actions': 167}, {'action_type': 'Fouling', 'goals_added_raw': 0.0476, 'goals_added_above_avg': -0.1167, 'count_actions': 48}, {'action_type': 'Interrupting', 'goals_added_raw': 0.5038, 'goals_added_above_avg': -0.1821, 'count_actions': 91}, {'action_type': 'Passing', 'goals_added_raw': -0.7936, 'goals_added_above_avg': -0.7728, 'count_actions': 385}, {'action_type': 'Receiving', 'goals_added_raw': 2.0892, 'goals_added_above_avg': -0.1524, 'count_actions': 357}, {'action_type': 'Shooting', 'goals_added_raw': 0.8519, 'goals_added_above_avg': -0.0753, 'count_actions': 22}]"
p6qbekPD50,eVq3ya6MWO,W,882,"[{'action_type': 'Dribbling', 'goals_added_raw': 0.4082, 'goals_added_above_avg': 0.2521, 'count_actions': 189}, {'action_type': 'Fouling', 'goals_added_raw': -0.04, 'goals_added_above_avg': -0.1258, 'count_actions': 28}, {'action_type': 'Interrupting', 'goals_added_raw': 0.5258, 'goals_added_above_avg': 0.1165, 'count_actions': 59}, {'action_type': 'Passing', 'goals_added_raw': -0.2425, 'goals_added_above_avg': -0.2609, 'count_actions': 303}, {'action_type': 'Receiving', 'goals_added_raw': 1.0811, 'goals_added_above_avg': 0.0993, 'count_actions': 299}, {'action_type': 'Shooting', 'goals_added_raw': 0.3814, 'goals_added_above_avg': -0.092, 'count_actions': 20}]"
p6qbgGEpQ0,NPqxKXZ59d,W,1095,"[{'action_type': 'Dribbling', 'goals_added_raw': 0.5617, 'goals_added_above_avg': 0.3426, 'count_actions': 177}, {'action_type': 'Fouling', 'goals_added_raw': 0.0892, 'goals_added_above_avg': -0.0136, 'count_actions': 34}, {'action_type': 'Interrupting', 'goals_added_raw': 0.6864, 'goals_added_above_avg': 0.1694, 'count_actions': 71}, {'action_type': 'Passing', 'goals_added_raw': -0.1147, 'goals_added_above_avg': -0.1229, 'count_actions': 357}, {'action_type': 'Receiving', 'goals_added_raw': 0.694, 'goals_added_above_avg': -0.4807, 'count_actions': 355}, {'action_type': 'Shooting', 'goals_added_raw': 0.5645, 'goals_added_above_avg': -0.0127, 'count_actions': 22}]"
p6qboGWbQ0,kRQand1MKZ,CB,350,"[{'action_type': 'Dribbling', 'goals_added_raw': -0.0213, 'goals_added_above_avg': -0.0402, 'count_actions': 45}, {'action_type': 'Fouling', 'goals_added_raw': -0.0723, 'goals_added_above_avg': -0.0546, 'count_actions': 11}, {'action_type': 'Interrupting', 'goals_added_raw': -0.1512, 'goals_added_above_avg': -0.3998, 'count_actions': 42}, {'action_type': 'Passing', 'goals_added_raw': 0.1583, 'goals_added_above_avg': -0.0021, 'count_actions': 140}, {'action_type': 'Receiving', 'goals_added_raw': 0.1528, 'goals_added_above_avg': 0.0296, 'count_actions': 115}, {'action_type': 'Shooting', 'goals_added_raw': 0.0006, 'goals_added_above_avg': -0.066, 'count_actions': 3}]"
raMyA6KRMd,gpMOLwl5zy,FB,2071,"[{'action_type': 'Dribbling', 'goals_added_raw': -0.3017, 'goals_added_above_avg': -0.5174, 'count_actions': 230}, {'action_type': 'Fouling', 'goals_added_raw': 0.0672, 'goals_added_above_avg': 0.082, 'count_actions': 43}, {'action_type': 'Interrupting', 'goals_added_raw': 0.4742, 'goals_added_above_avg': -0.7519, 'count_actions': 129}, {'action_type': 'Passing', 'goals_added_raw': 0.224, 'goals_added_above_avg': -0.3578, 'count_actions': 715}, {'action_type': 'Receiving', 'goals_added_raw': 1.1843, 'goals_added_above_avg': 0.2281, 'count_actions': 565}, {'action_type': 'Shooting', 'goals_added_raw': 0.2977, 'goals_added_above_avg': -0.1808, 'count_actions': 13}]"
raMyAExNMd,0KPqjA456v,AM,727,"[{'action_type': 'Dribbling', 'goals_added_raw': 0.0251, 'goals_added_above_avg': -0.0633, 'count_actions': 134}, {'action_type': 'Fouling', 'goals_added_raw': 0.1219, 'goals_added_above_avg': 0.0756, 'count_actions': 28}, {'action_type': 'Interrupting', 'goals_added_raw': 0.2313, 'goals_added_above_avg': -0.1605, 'count_actions': 70}, {'action_type': 'Passing', 'goals_added_raw': 0.4256, 'goals_added_above_avg': 0.2404, 'count_actions': 309}, {'action_type': 'Receiving', 'goals_added_raw': 0.3071, 'goals_added_above_avg': -0.3194, 'count_actions': 267}, {'action_type': 'Shooting', 'goals_added_raw': 0.3886, 'goals_added_above_avg': 0.0711, 'count_actions': 13}]"
raMyAGEBMd,KAqBN0Vqbg,ST,847,"[{'action_type': 'Dribbling', 'goals_added_raw': -0.472, 'goals_added_above_avg': -0.5194, 'count_actions': 127}, {'action_type': 'Fouling', 'goals_added_raw': 0.0006, 'goals_added_above_avg': -0.082, 'count_actions': 18}, {'action_type': 'Interrupting', 'goals_added_raw': 0.2771, 'goals_added_above_avg': -0.1027, 'count_actions': 45}, {'action_type': 'Passing', 'goals_added_raw': -0.3146, 'goals_added_above_avg': -0.2603, 'count_actions': 282}, {'action_type': 'Receiving', 'goals_added_raw': 0.92, 'goals_added_above_avg': -0.2172, 'count_actions': 269}, {'action_type': 'Shooting', 'goals_added_raw': 0.3241, 'goals_added_above_avg': -0.1587, 'count_actions': 10}]"
raMyAWZAMd,NWMWlBK5lz,ST,2070,"[{'action_type': 'Dribbling', 'goals_added_raw': 0.8526, 'goals_added_above_avg': 1.2326, 'count_actions': 249}, {'action_type': 'Fouling', 'goals_added_raw': 0.2648, 'goals_added_above_avg': -0.0158, 'count_actions': 54}, {'action_type': 'Interrupting', 'goals_added_raw': 0.5331, 'goals_added_above_avg': -0.1635, 'count_actions': 67}, {'action_type': 'Passing', 'goals_added_raw': -1.5085, 'goals_added_above_avg': -0.7449, 'count_actions': 400}, {'action_type': 'Receiving', 'goals_added_raw': 4.5132, 'goals_added_above_avg': 0.1502, 'count_actions': 427}, {'action_type': 'Shooting', 'goals_added_raw': 1.8802, 'goals_added_above_avg': 0.3358, 'count_actions': 53}]"
raMyAWvJMd,kRQand1MKZ,ST,66,"[{'action_type': 'Dribbling', 'goals_added_raw': -0.0421, 'goals_added_above_avg': -0.03, 'count_actions': 10}, {'action_type': 'Fouling', 'goals_added_raw': 0.0066, 'goals_added_above_avg': -0.0023, 'count_actions': 2}, {'action_type': 'Interrupting', 'goals_added_raw': 0.0026, 'goals_added_above_avg': -0.0196, 'count_actions': 1}, {'action_type': 'Passing', 'goals_added_raw': -0.224, 'goals_added_above_avg': -0.1996, 'count_actions': 14}, {'action_type': 'Receiving', 'goals_added_raw': 0.0882, 'goals_added_above_avg': -0.0509, 'count_actions': 16}, {'action_type': 'Shooting', 'goals_added_raw': 0.0551, 'goals_added_above_avg': 0.0058, 'count_actions': 1}]"
raMyAZR2Md,jYQJ19EqGR,DM,1283,"[{'action_type': 'Dribbling', 'goals_added_raw': 0.0648, 'goals_added_above_avg': -0.0691, 'count_actions': 218}, {'action_type': 'Fouling', 'goals_added_raw': 0.0261, 'goals_added_above_avg': 0.0682, 'count_actions': 22}, {'action_type': 'Interrupting', 'goals_added_raw': 0.3774, 'goals_added_above_avg': -0.5617, 'count_actions': 128}, {'action_type': 'Passing', 'goals_added_raw': 0.2399, 'goals_added_above_avg': -0.2869, 'count_actions': 881}, {'action_type': 'Receiving', 'goals_added_raw': 0.7596, 'goals_added_above_avg': 0.3123, 'count_actions': 752}, {'action_type': 'Shooting', 'goals_added_raw': 0.6022, 'goals_added_above_avg': 0.33, 'count_actions': 19}]"
raMyAywlMd,KAqBN0Vqbg,W,1790,"[{'action_type': 'Dribbling', 'goals_added_raw': 1.7068, 'goals_added_above_avg': 1.4317, 'count_actions': 343}, {'action_type': 'Fouling', 'goals_added_raw': 0.2997, 'goals_added_above_avg': 0.1333, 'count_actions': 37}, {'action_type': 'Interrupting', 'goals_added_raw': 0.6912, 'goals_added_above_avg': -0.1475, 'count_actions': 88}, {'action_type': 'Passing', 'goals_added_raw': 0.6636, 'goals_added_above_avg': 0.6911, 'count_actions': 772}, {'action_type': 'Receiving', 'goals_added_raw': 2.2779, 'goals_added_above_avg': 0.2228, 'count_actions': 690}, {'action_type': 'Shooting', 'goals_added_raw': 1.4402, 'goals_added_above_avg': 0.4808, 'count_actions': 50}]"
raMyZWeR5d,lgpMOvnQzy,CB,29,"[{'action_type': 'Dribbling', 'goals_added_raw': 0.001, 'goals_added_above_avg': 0.0004, 'count_actions': 7}, {'action_type': 'Fouling', 'goals_added_raw': -0.0245, 'goals_added_above_avg': -0.0216, 'count_actions': 2}, {'action_type': 'Interrupting', 'goals_added_raw': 0.0076, 'goals_added_above_avg': -0.0152, 'count_actions': 1}, {'action_type': 'Passing', 'goals_added_raw': 0.0339, 'goals_added_above_avg': 0.0177, 'count_actions': 17}, {'action_type': 'Receiving', 'goals_added_raw': 0.0495, 'goals_added_above_avg': 0.0431, 'count_actions': 16}, {'action_type': 'Shooting', 'goals_added_raw': 0.0109, 'goals_added_above_avg': 0.0076, 'count_actions': 1}]"
raMyZX9N5d,X0Oq66zq6D,CM,1991,"[{'action_type': 'Dribbling', 'goals_added_raw': 0.3248, 'goals_added_above_avg': 0.1425, 'count_actions': 327}, {'action_type': 'Fouling', 'goals_added_raw': -0.1475, 'goals_added_above_avg': -0.1131, 'count_actions': 29}, {'action_type': 'Interrupting', 'goals_added_raw': 0.8315, 'goals_added_above_avg': -0.5614, 'count_actions': 132}, {'action_type': 'Passing', 'goals_added_raw': 1.1292, 'goals_added_above_avg': 0.4124, 'count_actions': 1253}, {'action_type': 'Receiving', 'goals_added_raw': 0.5919, 'goals_added_above_avg': -0.1833, 'count_actions': 1005}, {'action_type': 'Shooting', 'goals_added_raw': 0.3159, 'goals_added_above_avg': -0.1558, 'count_actions': 21}]"
raMye2peMd,Z2vQ1xlqrA,W,186,"[{'action_type': 'Dribbling', 'goals_added_raw': 0.2103, 'goals_added_above_avg': 0.173, 'count_actions': 56}, {'action_type': 'Fouling', 'goals_added_raw': 0.0038, 'goals_added_above_avg': -0.0137, 'count_actions': 9}, {'action_type': 'Interrupting', 'goals_added_raw': 0.0635, 'goals_added_above_avg': -0.0243, 'count_actions': 11}, {'action_type': 'Passing', 'goals_added_raw': -0.1078, 'goals_added_above_avg': -0.1092, 'count_actions': 59}, {'action_type': 'Receiving', 'goals_added_raw': 0.145, 'goals_added_above_avg': -0.0545, 'count_actions': 69}, {'action_type': 'Shooting', 'goals_added_raw': 0.2763, 'goals_added_above_avg': 0.1783, 'count_actions': 12}]"
raMyeRERMd,lgpMOvnQzy,FB,2051,"[{'action_type': 'Dribbling', 'goals_added_raw': 0.4739, 'goals_added_above_avg': 0.3259, 'count_actions': 315}, {'action_type': 'Fouling', 'goals_added_raw': 0.0569, 'goals_added_above_avg': 0.1405, 'count_actions': 63}, {'action_type': 'Interrupting', 'goals_added_raw': 1.3938, 'goals_added_above_avg': 0.0976, 'count_actions': 182}, {'action_type': 'Passing', 'goals_added_raw': 1.4266, 'goals_added_above_avg': 0.6635, 'count_actions': 1382}, {'action_type': 'Receiving', 'goals_added_raw': 0.1934, 'goals_added_above_avg': -0.3358, 'count_actions': 1024}, {'action_type': 'Shooting', 'goals_added_raw': 0.0853, 'goals_added_above_avg': -0.1862, 'count_actions': 4}]"
raMyedmkMd,a2lqR4JMr0,CM,436,"[{'action_type': 'Dribbling', 'goals_added_raw': -0.1147, 'goals_added_above_avg': -0.152, 'count_actions': 34}, {'action_type': 'Fouling', 'goals_added_raw': -0.0069, 'goals_added_above_avg': -0.0039, 'count_actions': 13}, {'action_type': 'Interrupting', 'goals_added_raw': 0.1207, 'goals_added_above_avg': -0.1736, 'count_actions': 26}, {'action_type': 'Passing', 'goals_added_raw': 0.1318, 'goals_added_above_avg': -0.0096, 'count_actions': 175}, {'action_type': 'Receiving', 'goals_added_raw': 0.1608, 'goals_added_above_avg': -0.0282, 'count_actions': 134}, {'action_type': 'Shooting', 'goals_added_raw': 0.0829, 'goals_added_above_avg': -0.0295, 'count_actions': 4}]"
raMyekYkMd,wvq9B9wQWn,CM,326,"[{'action_type': 'Dribbling', 'goals_added_raw': 0.1558, 'goals_added_above_avg': 0.1215, 'count_actions': 35}, {'action_type': 'Fouling', 'goals_added_raw': -0.0294, 'goals_added_above_avg': -0.0371, 'count_actions': 5}, {'action_type': 'Interrupting', 'goals_added_raw': 0.0194, 'goals_added_above_avg': -0.1815, 'count_actions': 29}, {'action_type': 'Passing', 'goals_added_raw': 0.1621, 'goals_added_above_avg': 0.0648, 'count_actions': 119}, {'action_type': 'Receiving', 'goals_added_raw': 0.0696, 'goals_added_above_avg': -0.1241, 'count_actions': 102}, {'action_type': 'Shooting', 'goals_added_raw': 0.1517, 'goals_added_above_avg': 0.0439, 'count_actions': 5}]"
raMyeneJMd,jYQJ19EqGR,CB,96,"[{'action_type': 'Dribbling', 'goals_added_raw': -0.0087, 'goals_added_above_avg': -0.0108, 'count_actions': 4}, {'action_type': 'Fouling', 'goals_added_raw': 0.0096, 'goals_added_above_avg': 0.0193, 'count_actions': 2}, {'action_type': 'Interrupting', 'goals_added_raw': -0.0168, 'goals_added_above_avg': -0.0921, 'count_actions': 12}, {'action_type': 'Passing', 'goals_added_raw': 0.0368, 'goals_added_above_avg': -0.0169, 'count_actions': 41}, {'action_type': 'Receiving', 'goals_added_raw': -0.0012, 'goals_added_above_avg': -0.0222, 'count_actions': 22}, {'action_type': 'Shooting', 'goals_added_raw': 0, 'goals_added_above_avg': -0.0106, 'count_actions': 0}]"
raMyoAOeqd,kRQand1MKZ,AM,244,"[{'action_type': 'Dribbling', 'goals_added_raw': 0.2345, 'goals_added_above_avg': 0.2139, 'count_actions': 43}, {'action_type': 'Fouling', 'goals_added_raw': 0.028, 'goals_added_above_avg': 0.0125, 'count_actions': 4}, {'action_type': 'Interrupting', 'goals_added_raw': 0.0459, 'goals_added_above_avg': -0.0793, 'count_actions': 10}, {'action_type': 'Passing', 'goals_added_raw': -0.073, 'goals_added_above_avg': -0.1142, 'count_actions': 84}, {'action_type': 'Receiving', 'goals_added_raw': 0.5574, 'goals_added_above_avg': 0.3266, 'count_actions': 86}, {'action_type': 'Shooting', 'goals_added_raw': 0.2747, 'goals_added_above_avg': 0.1665, 'count_actions': 10}]"
raMyoLlNqd,pzeQZ6xQKw,CB,1750,"[{'action_type': 'Dribbling', 'goals_added_raw': 0.1564, 'goals_added_above_avg': 0.1189, 'count_actions': 474}, {'action_type': 'Fouling', 'goals_added_raw': 0.017, 'goals_added_above_avg': 0.1933, 'count_actions': 26}, {'action_type': 'Interrupting', 'goals_added_raw': 1.0235, 'goals_added_above_avg': -0.3487, 'count_actions': 232}, {'action_type': 'Passing', 'goals_added_raw': 1.4484, 'goals_added_above_avg': 0.4704, 'count_actions': 1369}, {'action_type': 'Receiving', 'goals_added_raw': 0.2192, 'goals_added_above_avg': -0.1643, 'count_actions': 1150}, {'action_type': 'Shooting', 'goals_added_raw': 0.1135, 'goals_added_above_avg': -0.08, 'count_actions': 3}]"
raMyr4Ne5d,jYQJ8EW5GR,CB,1919,"[{'action_type': 'Dribbling', 'goals_added_raw': 0.1883, 'goals_added_above_avg': 0.1472, 'count_actions': 235}, {'action_type': 'Fouling', 'goals_added_raw': -0.086, 'goals_added_above_avg': 0.1074, 'count_actions': 31}, {'action_type': 'Interrupting', 'goals_added_raw': 1.507, 'goals_added_above_avg': 0.0023, 'count_actions': 217}, {'action_type': 'Passing', 'goals_added_raw': 0.5163, 'goals_added_above_avg': -0.5561, 'count_actions': 960}, {'action_type': 'Receiving', 'goals_added_raw': 0.7246, 'goals_added_above_avg': 0.3041, 'count_actions': 820}, {'action_type': 'Shooting', 'goals_added_raw': 0.3425, 'goals_added_above_avg': 0.1304, 'count_actions': 9}]"
raMyrEDR5d,mKAqBBmqbg,CM,784,"[{'action_type': 'Dribbling', 'goals_added_raw': 0.1129, 'goals_added_above_avg': 0.0667, 'count_actions': 115}, {'action_type': 'Fouling', 'goals_added_raw': 0.036, 'goals_added_above_avg': -0.0012, 'count_actions': 12}, {'action_type': 'Interrupting', 'goals_added_raw': 0.5728, 'goals_added_above_avg': 0.1397, 'count_actions': 62}, {'action_type': 'Passing', 'goals_added_raw': -0.2805, 'goals_added_above_avg': -0.3994, 'count_actions': 310}, {'action_type': 'Receiving', 'goals_added_raw': 0.442, 'goals_added_above_avg': -0.2828, 'count_actions': 249}, {'action_type': 'Shooting', 'goals_added_raw': 0.4879, 'goals_added_above_avg': 0.1555, 'count_actions': 18}]"
raMyrW2A5d,kRQabn8MKZ,FB,426,"[{'action_type': 'Dribbling', 'goals_added_raw': 0.0098, 'goals_added_above_avg': -0.0296, 'count_actions': 74}, {'action_type': 'Fouling', 'goals_added_raw': 0.0086, 'goals_added_above_avg': 0.0189, 'count_actions': 11}, {'action_type': 'Interrupting', 'goals_added_raw': 0.103, 'goals_added_above_avg': -0.1646, 'count_actions': 39}, {'action_type': 'Passing', 'goals_added_raw': 0.2305, 'goals_added_above_avg': 0.0872, 'count_actions': 171}, {'action_type': 'Receiving', 'goals_added_raw': 0.073, 'goals_added_above_avg': -0.0814, 'count_actions': 126}, {'action_type': 'Shooting', 'goals_added_raw': 0.0324, 'goals_added_above_avg': -0.0478, 'count_actions': 4}]"
raMyrrNJ5d,APk5LGOMOW,FB,296,"[{'action_type': 'Dribbling', 'goals_added_raw': 0.0872, 'goals_added_above_avg': 0.0659, 'count_actions': 45}, {'action_type': 'Fouling', 'goals_added_raw': -0.0085, 'goals_added_above_avg': 0.0035, 'count_actions': 5}, {'action_type': 'Interrupting', 'goals_added_raw': 0.2706, 'goals_added_above_avg': 0.0835, 'count_actions': 25}, {'action_type': 'Passing', 'goals_added_raw': 0.1157, 'goals_added_above_avg': 0.0056, 'count_actions': 162}, {'action_type': 'Receiving', 'goals_added_raw': 0.0126, 'goals_added_above_avg': -0.0638, 'count_actions': 124}, {'action_type': 'Shooting', 'goals_added_raw': 7.1696e-07, 'goals_added_above_avg': -0.0392, 'count_actions': 1}]"
raMyyJaAMd,0KPqjA456v,W,528,"[{'action_type': 'Dribbling', 'goals_added_raw': 0.2085, 'goals_added_above_avg': 0.126, 'count_actions': 77}, {'action_type': 'Fouling', 'goals_added_raw': 0.0194, 'goals_added_above_avg': -0.0085, 'count_actions': 15}, {'action_type': 'Interrupting', 'goals_added_raw': 0.1089, 'goals_added_above_avg': -0.1661, 'count_actions': 37}, {'action_type': 'Passing', 'goals_added_raw': 0.3057, 'goals_added_above_avg': 0.2306, 'count_actions': 187}, {'action_type': 'Receiving', 'goals_added_raw': 0.2188, 'goals_added_above_avg': -0.2108, 'count_actions': 143}, {'action_type': 'Shooting', 'goals_added_raw': 0.1623, 'goals_added_above_avg': -0.0508, 'count_actions': 5}]"
vzqo70PBqa,mvzqoLZQap,CM,228,"[{'action_type': 'Dribbling', 'goals_added_raw': 0.0142, 'goals_added_above_avg': -0.006, 'count_actions': 40}, {'action_type': 'Fouling', 'goals_added_raw': -0.0009, 'goals_added_above_avg': 0.0019, 'count_actions': 4}, {'action_type': 'Interrupting', 'goals_added_raw': 0.2563, 'goals_added_above_avg': 0.0996, 'count_actions': 29}, {'action_type': 'Passing', 'goals_added_raw': 0.0804, 'goals_added_above_avg': 0.0024, 'count_actions': 140}, {'action_type': 'Receiving', 'goals_added_raw': 0.0479, 'goals_added_above_avg': -0.0459, 'count_actions': 104}, {'action_type': 'Shooting', 'goals_added_raw': 0.1145, 'goals_added_above_avg': 0.0581, 'count_actions': 3}]"
vzqo78BJqa,WBLMvYAQxe,ST,134,"[{'action_type': 'Dribbling', 'goals_added_raw': 0.1276, 'goals_added_above_avg': 0.1274, 'count_actions': 18}, {'action_type': 'Fouling', 'goals_added_raw': 0.0174, 'goals_added_above_avg': 0.0126, 'count_actions': 4}, {'action_type': 'Interrupting', 'goals_added_raw': 0.2441, 'goals_added_above_avg': 0.1718, 'count_actions': 9}, {'action_type': 'Passing', 'goals_added_raw': -0.097, 'goals_added_above_avg': -0.1087, 'count_actions': 32}, {'action_type': 'Receiving', 'goals_added_raw': 0.0597, 'goals_added_above_avg': -0.0787, 'count_actions': 32}, {'action_type': 'Shooting', 'goals_added_raw': 0.0814, 'goals_added_above_avg': 0.0251, 'count_actions': 2}]"
vzqo7Azvqa,Z2vQ1xlqrA,FB,887,"[{'action_type': 'Dribbling', 'goals_added_raw': 0.0832, 'goals_added_above_avg': 0.0192, 'count_actions': 121}, {'action_type': 'Fouling', 'goals_added_raw': -0.019, 'goals_added_above_avg': 0.0172, 'count_actions': 6}, {'action_type': 'Interrupting', 'goals_added_raw': 0.3846, 'goals_added_above_avg': -0.1759, 'count_actions': 90}, {'action_type': 'Passing', 'goals_added_raw': 0.2534, 'goals_added_above_avg': -0.0767, 'count_actions': 559}, {'action_type': 'Receiving', 'goals_added_raw': 0.0361, 'goals_added_above_avg': -0.1928, 'count_actions': 423}, {'action_type': 'Shooting', 'goals_added_raw': 0.0405, 'goals_added_above_avg': -0.0769, 'count_actions': 3}]"
vzqo7EpLqa,kRQand1MKZ,FB,2266,"[{'action_type': 'Dribbling', 'goals_added_raw': 0.0417, 'goals_added_above_avg': -0.1219, 'count_actions': 163}, {'action_type': 'Fouling', 'goals_added_raw': 0.5198, 'goals_added_above_avg': 0.6122, 'count_actions': 57}, {'action_type': 'Interrupting', 'goals_added_raw': 1.051, 'goals_added_above_avg': -0.3811, 'count_actions': 233}, {'action_type': 'Passing', 'goals_added_raw': 0.0278, 'goals_added_above_avg': -0.8153, 'count_actions': 858}, {'action_type': 'Receiving', 'goals_added_raw': 2.3645, 'goals_added_above_avg': 1.7798, 'count_actions': 647}, {'action_type': 'Shooting', 'goals_added_raw': 1.1738, 'goals_added_above_avg': 0.8739, 'count_actions': 40}]"
vzqo7XWpqa,jYQJ19EqGR,CB,1567,"[{'action_type': 'Dribbling', 'goals_added_raw': 0.2739, 'goals_added_above_avg': 0.2404, 'count_actions': 279}, {'action_type': 'Fouling', 'goals_added_raw': -0.0626, 'goals_added_above_avg': 0.0953, 'count_actions': 12}, {'action_type': 'Interrupting', 'goals_added_raw': 1.9531, 'goals_added_above_avg': 0.7244, 'count_actions': 214}, {'action_type': 'Passing', 'goals_added_raw': 1.9354, 'goals_added_above_avg': 1.0598, 'count_actions': 1198}, {'action_type': 'Receiving', 'goals_added_raw': 0.5053, 'goals_added_above_avg': 0.1619, 'count_actions': 995}, {'action_type': 'Shooting', 'goals_added_raw': 0.1539, 'goals_added_above_avg': -0.0192, 'count_actions': 12}]"
vzqo7jLvqa,jYQJ19EqGR,FB,2207,"[{'action_type': 'Dribbling', 'goals_added_raw': 0.2495, 'goals_added_above_avg': 0.0951, 'count_actions': 346}, {'action_type': 'Fouling', 'goals_added_raw': -0.0171, 'goals_added_above_avg': 0.0786, 'count_actions': 44}, {'action_type': 'Interrupting', 'goals_added_raw': 3.3475, 'goals_added_above_avg': 1.9381, 'count_actions': 308}, {'action_type': 'Passing', 'goals_added_raw': 0.9189, 'goals_added_above_avg': 0.0798, 'count_actions': 1272}, {'action_type': 'Receiving', 'goals_added_raw': 0.0845, 'goals_added_above_avg': -0.4813, 'count_actions': 977}, {'action_type': 'Shooting', 'goals_added_raw': 0.1689, 'goals_added_above_avg': -0.1211, 'count_actions': 10}]"
vzqo7joZqa,NWMWlBK5lz,CB,428,"[{'action_type': 'Dribbling', 'goals_added_raw': -0.1052, 'goals_added_above_avg': -0.1143, 'count_actions': 67}, {'action_type': 'Fouling', 'goals_added_raw': 0.0029, 'goals_added_above_avg': 0.046, 'count_actions': 5}, {'action_type': 'Interrupting', 'goals_added_raw': 0.748, 'goals_added_above_avg': 0.4124, 'count_actions': 58}, {'action_type': 'Passing', 'goals_added_raw': 0.3115, 'goals_added_above_avg': 0.0723, 'count_actions': 274}, {'action_type': 'Receiving', 'goals_added_raw': 0.302, 'goals_added_above_avg': 0.2082, 'count_actions': 204}, {'action_type': 'Shooting', 'goals_added_raw': 0.0653, 'goals_added_above_avg': 0.018, 'count_actions': 3}]"
vzqo7mXJqa,jYQJ8EW5GR,FB,2478,"[{'action_type': 'Dribbling', 'goals_added_raw': 0.374, 'goals_added_above_avg': 0.0556, 'count_actions': 488}, {'action_type': 'Fouling', 'goals_added_raw': 0.0134, 'goals_added_above_avg': -0.0324, 'count_actions': 51}, {'action_type': 'Interrupting', 'goals_added_raw': 0.8098, 'goals_added_above_avg': -0.5819, 'count_actions': 202}, {'action_type': 'Passing', 'goals_added_raw': 0.9603, 'goals_added_above_avg': 0.4357, 'count_actions': 1094}, {'action_type': 'Receiving', 'goals_added_raw': 1.369, 'goals_added_above_avg': -0.1587, 'count_actions': 950}, {'action_type': 'Shooting', 'goals_added_raw': 0.5822, 'goals_added_above_avg': -0.1762, 'count_actions': 18}]"
vzqo7o4kqa,9z5k7Yg5A3,ST,2243,"[{'action_type': 'Dribbling', 'goals_added_raw': 0.123, 'goals_added_above_avg': 0.3282, 'count_actions': 223}, {'action_type': 'Fouling', 'goals_added_raw': 0.6038, 'goals_added_above_avg': 0.3222, 'count_actions': 48}, {'action_type': 'Interrupting', 'goals_added_raw': 0.1201, 'goals_added_above_avg': -0.7077, 'count_actions': 60}, {'action_type': 'Passing', 'goals_added_raw': -0.6064, 'goals_added_above_avg': 0.0184, 'count_actions': 630}, {'action_type': 'Receiving', 'goals_added_raw': 4.6631, 'goals_added_above_avg': 0.4925, 'count_actions': 506}, {'action_type': 'Shooting', 'goals_added_raw': 2.3035, 'goals_added_above_avg': 0.7479, 'count_actions': 94}]"
vzqo7zWLqa,X0Oq66zq6D,ST,1135,"[{'action_type': 'Dribbling', 'goals_added_raw': -0.2957, 'goals_added_above_avg': -0.0874, 'count_actions': 122}, {'action_type': 'Fouling', 'goals_added_raw': 0.428, 'goals_added_above_avg': 0.2741, 'count_actions': 31}, {'action_type': 'Interrupting', 'goals_added_raw': 1.1487, 'goals_added_above_avg': 0.7668, 'count_actions': 77}, {'action_type': 'Passing', 'goals_added_raw': -0.4564, 'goals_added_above_avg': -0.0378, 'count_actions': 248}, {'action_type': 'Receiving', 'goals_added_raw': 3.3263, 'goals_added_above_avg': 0.934, 'count_actions': 234}, {'action_type': 'Shooting', 'goals_added_raw': 1.2832, 'goals_added_above_avg': 0.4364, 'count_actions': 40}]"
vzqo7zdZqa,lgpMOvnQzy,DM,1080,"[{'action_type': 'Dribbling', 'goals_added_raw': -0.0368, 'goals_added_above_avg': -0.152, 'count_actions': 183}, {'action_type': 'Fouling', 'goals_added_raw': -0.0056, 'goals_added_above_avg': 0.0407, 'count_actions': 35}, {'action_type': 'Interrupting', 'goals_added_raw': 0.4654, 'goals_added_above_avg': -0.3566, 'count_actions': 94}, {'action_type': 'Passing', 'goals_added_raw': 0.5687, 'goals_added_above_avg': 0.0832, 'count_actions': 636}, {'action_type': 'Receiving', 'goals_added_raw': 0.3363, 'goals_added_above_avg': 0.0347, 'count_actions': 507}, {'action_type': 'Shooting', 'goals_added_raw': 0.2615, 'goals_added_above_avg': 0.0622, 'count_actions': 14}]"
vzqoG6aLqa,a2lqR4JMr0,FB,1868,"[{'action_type': 'Dribbling', 'goals_added_raw': -0.1018, 'goals_added_above_avg': -0.2366, 'count_actions': 228}, {'action_type': 'Fouling', 'goals_added_raw': -0.0002, 'goals_added_above_avg': 0.0759, 'count_actions': 21}, {'action_type': 'Interrupting', 'goals_added_raw': 0.9022, 'goals_added_above_avg': -0.2783, 'count_actions': 186}, {'action_type': 'Passing', 'goals_added_raw': 0.6791, 'goals_added_above_avg': -0.0159, 'count_actions': 940}, {'action_type': 'Receiving', 'goals_added_raw': 0.6097, 'goals_added_above_avg': 0.1277, 'count_actions': 714}, {'action_type': 'Shooting', 'goals_added_raw': 0.4253, 'goals_added_above_avg': 0.1781, 'count_actions': 19}]"
vzqoJ3pj5a,a2lqRX2Mr0,ST,2342,"[{'action_type': 'Dribbling', 'goals_added_raw': 1.0657, 'goals_added_above_avg': 1.3354, 'count_actions': 344}, {'action_type': 'Fouling', 'goals_added_raw': 0.0081, 'goals_added_above_avg': -0.2675, 'count_actions': 45}, {'action_type': 'Interrupting', 'goals_added_raw': 0.4239, 'goals_added_above_avg': -0.4738, 'count_actions': 89}, {'action_type': 'Passing', 'goals_added_raw': -1.5882, 'goals_added_above_avg': -0.9717, 'count_actions': 522}, {'action_type': 'Receiving', 'goals_added_raw': 5.6247, 'goals_added_above_avg': 1.3074, 'count_actions': 547}, {'action_type': 'Shooting', 'goals_added_raw': 1.6147, 'goals_added_above_avg': 0.0273, 'count_actions': 48}]"
vzqoJzL75a,YgOMngl5wN,ST,143,"[{'action_type': 'Dribbling', 'goals_added_raw': -0.0178, 'goals_added_above_avg': -0.0146, 'count_actions': 10}, {'action_type': 'Fouling', 'goals_added_raw': -0.006, 'goals_added_above_avg': -0.0182, 'count_actions': 3}, {'action_type': 'Interrupting', 'goals_added_raw': 0.0603, 'goals_added_above_avg': -0.004, 'count_actions': 6}, {'action_type': 'Passing', 'goals_added_raw': -0.0544, 'goals_added_above_avg': -0.0407, 'count_actions': 29}, {'action_type': 'Receiving', 'goals_added_raw': 0.5438, 'goals_added_above_avg': 0.3424, 'count_actions': 28}, {'action_type': 'Shooting', 'goals_added_raw': 0.1357, 'goals_added_above_avg': 0.0566, 'count_actions': 3}]"
vzqod7xBQa,Z2vQ1xlqrA,W,1165,"[{'action_type': 'Dribbling', 'goals_added_raw': 0.4499, 'goals_added_above_avg': 0.3231, 'count_actions': 163}, {'action_type': 'Fouling', 'goals_added_raw': 0.0072, 'goals_added_above_avg': -0.0983, 'count_actions': 28}, {'action_type': 'Interrupting', 'goals_added_raw': 0.4873, 'goals_added_above_avg': -0.0481, 'count_actions': 75}, {'action_type': 'Passing', 'goals_added_raw': -0.3159, 'goals_added_above_avg': -0.3186, 'count_actions': 432}, {'action_type': 'Receiving', 'goals_added_raw': 0.4505, 'goals_added_above_avg': -0.9304, 'count_actions': 350}, {'action_type': 'Shooting', 'goals_added_raw': 0.525, 'goals_added_above_avg': -0.0935, 'count_actions': 23}]"
vzqod8K7Qa,kaDQ0wRqEv,ST,608,"[{'action_type': 'Dribbling', 'goals_added_raw': 0.0054, 'goals_added_above_avg': 0.0879, 'count_actions': 63}, {'action_type': 'Fouling', 'goals_added_raw': 0.2603, 'goals_added_above_avg': 0.1811, 'count_actions': 9}, {'action_type': 'Interrupting', 'goals_added_raw': 0.229, 'goals_added_above_avg': 0.014, 'count_actions': 11}, {'action_type': 'Passing', 'goals_added_raw': -0.042, 'goals_added_above_avg': 0.1537, 'count_actions': 79}, {'action_type': 'Receiving', 'goals_added_raw': 0.8024, 'goals_added_above_avg': -0.4005, 'count_actions': 85}, {'action_type': 'Shooting', 'goals_added_raw': 0.4255, 'goals_added_above_avg': -0.0115, 'count_actions': 13}]"
vzqodKdZQa,Z2vQ1xlqrA,W,1242,"[{'action_type': 'Dribbling', 'goals_added_raw': 0.1442, 'goals_added_above_avg': -0.1043, 'count_actions': 198}, {'action_type': 'Fouling', 'goals_added_raw': 0.0361, 'goals_added_above_avg': -0.0804, 'count_actions': 52}, {'action_type': 'Interrupting', 'goals_added_raw': 0.8171, 'goals_added_above_avg': 0.2307, 'count_actions': 119}, {'action_type': 'Passing', 'goals_added_raw': -0.5076, 'goals_added_above_avg': -0.517, 'count_actions': 233}, {'action_type': 'Receiving', 'goals_added_raw': 1.0088, 'goals_added_above_avg': -0.3236, 'count_actions': 246}, {'action_type': 'Shooting', 'goals_added_raw': 0.5434, 'goals_added_above_avg': -0.1113, 'count_actions': 21}]"
vzqodVa7Qa,pzeQZ6xQKw,DM,1718,"[{'action_type': 'Dribbling', 'goals_added_raw': -0.0284, 'goals_added_above_avg': -0.2107, 'count_actions': 306}, {'action_type': 'Fouling', 'goals_added_raw': -0.0942, 'goals_added_above_avg': -0.0453, 'count_actions': 61}, {'action_type': 'Interrupting', 'goals_added_raw': 1.2071, 'goals_added_above_avg': -0.0443, 'count_actions': 167}, {'action_type': 'Passing', 'goals_added_raw': -0.1016, 'goals_added_above_avg': -0.7904, 'count_actions': 1082}, {'action_type': 'Receiving', 'goals_added_raw': 0.2732, 'goals_added_above_avg': -0.3287, 'count_actions': 926}, {'action_type': 'Shooting', 'goals_added_raw': 0.3758, 'goals_added_above_avg': 0.0035, 'count_actions': 18}]"
vzqodWY7Qa,zeQZBOzQKw,CM,610,"[{'action_type': 'Dribbling', 'goals_added_raw': 0.3203, 'goals_added_above_avg': 0.2582, 'count_actions': 95}, {'action_type': 'Fouling', 'goals_added_raw': 0.025, 'goals_added_above_avg': 0.0256, 'count_actions': 25}, {'action_type': 'Interrupting', 'goals_added_raw': 0.5045, 'goals_added_above_avg': 0.1033, 'count_actions': 61}, {'action_type': 'Passing', 'goals_added_raw': -0.0016, 'goals_added_above_avg': -0.1866, 'count_actions': 430}, {'action_type': 'Receiving', 'goals_added_raw': 0.176, 'goals_added_above_avg': -0.1187, 'count_actions': 385}, {'action_type': 'Shooting', 'goals_added_raw': 0.1453, 'goals_added_above_avg': -0.0222, 'count_actions': 5}]"
vzqodXdjQa,0KPqjA456v,FB,1648,"[{'action_type': 'Dribbling', 'goals_added_raw': 0.1439, 'goals_added_above_avg': -0.0421, 'count_actions': 259}, {'action_type': 'Fouling', 'goals_added_raw': 0.2377, 'goals_added_above_avg': 0.2343, 'count_actions': 68}, {'action_type': 'Interrupting', 'goals_added_raw': 0.9841, 'goals_added_above_avg': 0.0264, 'count_actions': 176}, {'action_type': 'Passing', 'goals_added_raw': 0.595, 'goals_added_above_avg': 0.173, 'count_actions': 645}, {'action_type': 'Receiving', 'goals_added_raw': 0.877, 'goals_added_above_avg': 0.0245, 'count_actions': 487}, {'action_type': 'Shooting', 'goals_added_raw': 0.2249, 'goals_added_above_avg': -0.2002, 'count_actions': 9}]"
vzqoddvZQa,"['APk5LGOMOW', 'pzeQZ6xQKw']",W,1409,"[{'action_type': 'Dribbling', 'goals_added_raw': 0.3034, 'goals_added_above_avg': 0.0349, 'count_actions': 262}, {'action_type': 'Fouling', 'goals_added_raw': 0.026, 'goals_added_above_avg': -0.0999, 'count_actions': 44}, {'action_type': 'Interrupting', 'goals_added_raw': 0.405, 'goals_added_above_avg': -0.2755, 'count_actions': 59}, {'action_type': 'Passing', 'goals_added_raw': 0.3553, 'goals_added_above_avg': 0.2766, 'count_actions': 480}, {'action_type': 'Receiving', 'goals_added_raw': 1.057, 'goals_added_above_avg': -0.3969, 'count_actions': 475}, {'action_type': 'Shooting', 'goals_added_raw': 0.7906, 'goals_added_above_avg': 0.0693, 'count_actions': 35}]"
vzqodkKBQa,Z2vQ1xlqrA,CM,845,"[{'action_type': 'Dribbling', 'goals_added_raw': 0.2496, 'goals_added_above_avg': 0.1723, 'count_actions': 122}, {'action_type': 'Fouling', 'goals_added_raw': -0.1715, 'goals_added_above_avg': -0.1531, 'count_actions': 28}, {'action_type': 'Interrupting', 'goals_added_raw': 0.5993, 'goals_added_above_avg': 0.0077, 'count_actions': 84}, {'action_type': 'Passing', 'goals_added_raw': 0.1359, 'goals_added_above_avg': -0.1767, 'count_actions': 412}, {'action_type': 'Receiving', 'goals_added_raw': 0.3743, 'goals_added_above_avg': 0.0639, 'count_actions': 333}, {'action_type': 'Shooting', 'goals_added_raw': 0.2204, 'goals_added_above_avg': 0.032, 'count_actions': 10}]"
vzqorrRk5a,19vQ2095K6,AM,2499,"[{'action_type': 'Dribbling', 'goals_added_raw': 1.9741, 'goals_added_above_avg': 1.6895, 'count_actions': 834}, {'action_type': 'Fouling', 'goals_added_raw': 0.2027, 'goals_added_above_avg': 0.0747, 'count_actions': 68}, {'action_type': 'Interrupting', 'goals_added_raw': 0.9511, 'goals_added_above_avg': -0.4634, 'count_actions': 110}, {'action_type': 'Passing', 'goals_added_raw': 2.731, 'goals_added_above_avg': 1.873, 'count_actions': 1663}, {'action_type': 'Receiving', 'goals_added_raw': 0.9136, 'goals_added_above_avg': -0.8736, 'count_actions': 1511}, {'action_type': 'Shooting', 'goals_added_raw': 1.1359, 'goals_added_above_avg': 0.161, 'count_actions': 51}]"
vzqowm7qap,zeQZkL1MKw,W,2190,"[{'action_type': 'Dribbling', 'goals_added_raw': 4.6622, 'goals_added_above_avg': 4.5228, 'count_actions': 520}, {'action_type': 'Fouling', 'goals_added_raw': 0.6934, 'goals_added_above_avg': 0.4505, 'count_actions': 50}, {'action_type': 'Interrupting', 'goals_added_raw': 0.3116, 'goals_added_above_avg': -0.618, 'count_actions': 47}, {'action_type': 'Passing', 'goals_added_raw': 3.0587, 'goals_added_above_avg': 3.1382, 'count_actions': 983}, {'action_type': 'Receiving', 'goals_added_raw': 3.697, 'goals_added_above_avg': 0.6631, 'count_actions': 968}, {'action_type': 'Shooting', 'goals_added_raw': 3.8407, 'goals_added_above_avg': 2.5356, 'count_actions': 136}]"
wvq9XO7B5W,"['a2lqR4JMr0', 'jYQJ8EW5GR']",CM,507,"[{'action_type': 'Dribbling', 'goals_added_raw': -0.0653, 'goals_added_above_avg': -0.1129, 'count_actions': 57}, {'action_type': 'Fouling', 'goals_added_raw': -0.028, 'goals_added_above_avg': -0.0172, 'count_actions': 22}, {'action_type': 'Interrupting', 'goals_added_raw': 0.6485, 'goals_added_above_avg': 0.2888, 'count_actions': 48}, {'action_type': 'Passing', 'goals_added_raw': -0.0109, 'goals_added_above_avg': -0.2007, 'count_actions': 254}, {'action_type': 'Receiving', 'goals_added_raw': 0.0632, 'goals_added_above_avg': -0.1253, 'count_actions': 209}, {'action_type': 'Shooting', 'goals_added_raw': 0.0278, 'goals_added_above_avg': -0.0881, 'count_actions': 3}]"
wvq9XOgm5W,19vQ2095K6,W,286,"[{'action_type': 'Dribbling', 'goals_added_raw': -0.3579, 'goals_added_above_avg': -0.3844, 'count_actions': 23}, {'action_type': 'Fouling', 'goals_added_raw': 0.008, 'goals_added_above_avg': -0.0169, 'count_actions': 8}, {'action_type': 'Interrupting', 'goals_added_raw': -0.0067, 'goals_added_above_avg': -0.1424, 'count_actions': 12}, {'action_type': 'Passing', 'goals_added_raw': -0.0836, 'goals_added_above_avg': -0.0746, 'count_actions': 41}, {'action_type': 'Receiving', 'goals_added_raw': 0.2961, 'goals_added_above_avg': -0.0563, 'count_actions': 48}, {'action_type': 'Shooting', 'goals_added_raw': 0.0415, 'goals_added_above_avg': -0.1126, 'count_actions': 3}]"
wvq9XOlw5W,gpMOLwl5zy,W,40,"[{'action_type': 'Dribbling', 'goals_added_raw': -0.1167, 'goals_added_above_avg': -0.1247, 'count_actions': 6}, {'action_type': 'Fouling', 'goals_added_raw': 0, 'goals_added_above_avg': -0.0038, 'count_actions': 0}, {'action_type': 'Interrupting', 'goals_added_raw': 0, 'goals_added_above_avg': -0.0189, 'count_actions': 0}, {'action_type': 'Passing', 'goals_added_raw': 0.0053, 'goals_added_above_avg': 0.005, 'count_actions': 10}, {'action_type': 'Receiving', 'goals_added_raw': 0.1228, 'goals_added_above_avg': 0.0799, 'count_actions': 12}, {'action_type': 'Shooting', 'goals_added_raw': 0.0035, 'goals_added_above_avg': -0.0176, 'count_actions': 1}]"
wvq9Xdlw5W,zeQZkL1MKw,W,493,"[{'action_type': 'Dribbling', 'goals_added_raw': 0.0667, 'goals_added_above_avg': 0.0012, 'count_actions': 59}, {'action_type': 'Fouling', 'goals_added_raw': 0.004, 'goals_added_above_avg': -0.0297, 'count_actions': 10}, {'action_type': 'Interrupting', 'goals_added_raw': 0.033, 'goals_added_above_avg': -0.2169, 'count_actions': 30}, {'action_type': 'Passing', 'goals_added_raw': -0.9332, 'goals_added_above_avg': -0.9605, 'count_actions': 145}, {'action_type': 'Receiving', 'goals_added_raw': 1.5372, 'goals_added_above_avg': 1.0397, 'count_actions': 146}, {'action_type': 'Shooting', 'goals_added_raw': 0.2375, 'goals_added_above_avg': 0.006, 'count_actions': 9}]"
wvq9Xp1B5W,"['EKXMeX3Q64', 'zeQZBOzQKw']",CM,1015,"[{'action_type': 'Dribbling', 'goals_added_raw': 0.2007, 'goals_added_above_avg': 0.1911, 'count_actions': 173}, {'action_type': 'Fouling', 'goals_added_raw': 0.0018, 'goals_added_above_avg': -0.0659, 'count_actions': 35}, {'action_type': 'Interrupting', 'goals_added_raw': 0.3333, 'goals_added_above_avg': -0.1835, 'count_actions': 67}, {'action_type': 'Passing', 'goals_added_raw': -0.2285, 'goals_added_above_avg': -0.2617, 'count_actions': 390}, {'action_type': 'Receiving', 'goals_added_raw': 0.4895, 'goals_added_above_avg': -0.6911, 'count_actions': 369}, {'action_type': 'Shooting', 'goals_added_raw': 0.431, 'goals_added_above_avg': -0.066, 'count_actions': 17}]"
wvq9eLBwqW,19vQ2095K6,DM,2049,"[{'action_type': 'Dribbling', 'goals_added_raw': 0.4649, 'goals_added_above_avg': 0.2227, 'count_actions': 335}, {'action_type': 'Fouling', 'goals_added_raw': 0.2362, 'goals_added_above_avg': 0.2381, 'count_actions': 52}, {'action_type': 'Interrupting', 'goals_added_raw': 1.3704, 'goals_added_above_avg': 0.0004, 'count_actions': 181}, {'action_type': 'Passing', 'goals_added_raw': 0.3964, 'goals_added_above_avg': -0.2397, 'count_actions': 1107}, {'action_type': 'Receiving', 'goals_added_raw': 1.4049, 'goals_added_above_avg': 0.3756, 'count_actions': 930}, {'action_type': 'Shooting', 'goals_added_raw': 0.538, 'goals_added_above_avg': -0.0426, 'count_actions': 20}]"
wvq9eWbBqW,kRQabn8MKZ,ST,515,"[{'action_type': 'Dribbling', 'goals_added_raw': -0.2139, 'goals_added_above_avg': -0.1852, 'count_actions': 67}, {'action_type': 'Fouling', 'goals_added_raw': 0.0593, 'goals_added_above_avg': 0.012, 'count_actions': 18}, {'action_type': 'Interrupting', 'goals_added_raw': 0.0547, 'goals_added_above_avg': -0.163, 'count_actions': 26}, {'action_type': 'Passing', 'goals_added_raw': -0.0377, 'goals_added_above_avg': 0.0372, 'count_actions': 76}, {'action_type': 'Receiving', 'goals_added_raw': 0.5006, 'goals_added_above_avg': -0.2877, 'count_actions': 99}, {'action_type': 'Shooting', 'goals_added_raw': 0.1167, 'goals_added_above_avg': -0.1817, 'count_actions': 9}]"
wvq9eXy3qW,mKAqBBmqbg,FB,425,"[{'action_type': 'Dribbling', 'goals_added_raw': 0.3547, 'goals_added_above_avg': 0.3513, 'count_actions': 60}, {'action_type': 'Fouling', 'goals_added_raw': 0.0731, 'goals_added_above_avg': 0.0606, 'count_actions': 21}, {'action_type': 'Interrupting', 'goals_added_raw': 0.1056, 'goals_added_above_avg': -0.1239, 'count_actions': 40}, {'action_type': 'Passing', 'goals_added_raw': 0.0622, 'goals_added_above_avg': 0.0161, 'count_actions': 107}, {'action_type': 'Receiving', 'goals_added_raw': 0.6546, 'goals_added_above_avg': 0.2518, 'count_actions': 106}, {'action_type': 'Shooting', 'goals_added_raw': 0.2921, 'goals_added_above_avg': 0.1293, 'count_actions': 8}]"
wvq9eY8YqW,a2lqRX2Mr0,CB,793,"[{'action_type': 'Dribbling', 'goals_added_raw': 0.2369, 'goals_added_above_avg': 0.2199, 'count_actions': 223}, {'action_type': 'Fouling', 'goals_added_raw': 0.0038, 'goals_added_above_avg': 0.0837, 'count_actions': 13}, {'action_type': 'Interrupting', 'goals_added_raw': 0.2998, 'goals_added_above_avg': -0.322, 'count_actions': 113}, {'action_type': 'Passing', 'goals_added_raw': 0.5171, 'goals_added_above_avg': 0.074, 'count_actions': 577}, {'action_type': 'Receiving', 'goals_added_raw': 0.0487, 'goals_added_above_avg': -0.1251, 'count_actions': 465}, {'action_type': 'Shooting', 'goals_added_raw': 0.1196, 'goals_added_above_avg': 0.0319, 'count_actions': 3}]"
wvq9eZdYqW,0KPqjA456v,FB,1782,"[{'action_type': 'Dribbling', 'goals_added_raw': -0.2975, 'goals_added_above_avg': -0.4261, 'count_actions': 225}, {'action_type': 'Fouling', 'goals_added_raw': 0.0172, 'goals_added_above_avg': 0.0899, 'count_actions': 41}, {'action_type': 'Interrupting', 'goals_added_raw': 1.1768, 'goals_added_above_avg': 0.0506, 'count_actions': 229}, {'action_type': 'Passing', 'goals_added_raw': 0.7194, 'goals_added_above_avg': 0.0564, 'count_actions': 797}, {'action_type': 'Receiving', 'goals_added_raw': 0.7846, 'goals_added_above_avg': 0.3248, 'count_actions': 518}, {'action_type': 'Shooting', 'goals_added_raw': 0.2855, 'goals_added_above_avg': 0.0497, 'count_actions': 12}]"
wvq9ebLaqW,vzqoOgNqap,FB,1084,"[{'action_type': 'Dribbling', 'goals_added_raw': 0.0299, 'goals_added_above_avg': -0.056, 'count_actions': 142}, {'action_type': 'Fouling', 'goals_added_raw': -0.261, 'goals_added_above_avg': -0.2249, 'count_actions': 10}, {'action_type': 'Interrupting', 'goals_added_raw': 0.7654, 'goals_added_above_avg': 0.0899, 'count_actions': 113}, {'action_type': 'Passing', 'goals_added_raw': 0.4865, 'goals_added_above_avg': 0.1051, 'count_actions': 497}, {'action_type': 'Receiving', 'goals_added_raw': 0.2115, 'goals_added_above_avg': -0.1173, 'count_actions': 348}, {'action_type': 'Shooting', 'goals_added_raw': 0.1362, 'goals_added_above_avg': -0.0311, 'count_actions': 6}]"
wvq9ed47qW,wvq9B9wQWn,AM,245,"[{'action_type': 'Dribbling', 'goals_added_raw': -0.0895, 'goals_added_above_avg': -0.0997, 'count_actions': 28}, {'action_type': 'Fouling', 'goals_added_raw': 0.0349, 'goals_added_above_avg': 0.0092, 'count_actions': 10}, {'action_type': 'Interrupting', 'goals_added_raw': 0.0118, 'goals_added_above_avg': -0.0953, 'count_actions': 7}, {'action_type': 'Passing', 'goals_added_raw': -0.0995, 'goals_added_above_avg': -0.1043, 'count_actions': 52}, {'action_type': 'Receiving', 'goals_added_raw': 0.6665, 'goals_added_above_avg': 0.3383, 'count_actions': 61}, {'action_type': 'Shooting', 'goals_added_raw': 0.3821, 'goals_added_above_avg': 0.2408, 'count_actions': 9}]"
wvq9edxmqW,WBLMvYAQxe,FB,595,"[{'action_type': 'Dribbling', 'goals_added_raw': -0.1411, 'goals_added_above_avg': -0.1845, 'count_actions': 94}, {'action_type': 'Fouling', 'goals_added_raw': -0.0408, 'goals_added_above_avg': -0.0323, 'count_actions': 15}, {'action_type': 'Interrupting', 'goals_added_raw': 0.443, 'goals_added_above_avg': 0.0859, 'count_actions': 85}, {'action_type': 'Passing', 'goals_added_raw': 0.1091, 'goals_added_above_avg': -0.0622, 'count_actions': 310}, {'action_type': 'Receiving', 'goals_added_raw': 0.2207, 'goals_added_above_avg': -0.0536, 'count_actions': 242}, {'action_type': 'Shooting', 'goals_added_raw': 0.1394, 'goals_added_above_avg': 0.0101, 'count_actions': 4}]"
wvq9elX1qW,jYQJ19EqGR,FB,10,"[{'action_type': 'Dribbling', 'goals_added_raw': 0.0003, 'goals_added_above_avg': -0.0004, 'count_actions': 2}, {'action_type': 'Fouling', 'goals_added_raw': 0.0001, 'goals_added_above_avg': 0.0005, 'count_actions': 1}, {'action_type': 'Interrupting', 'goals_added_raw': -0.0049, 'goals_added_above_avg': -0.0112, 'count_actions': 1}, {'action_type': 'Passing', 'goals_added_raw': 0.0019, 'goals_added_above_avg': -0.0018, 'count_actions': 5}, {'action_type': 'Receiving', 'goals_added_raw': 0.0002, 'goals_added_above_avg': -0.0024, 'count_actions': 3}, {'action_type': 'Shooting', 'goals_added_raw': 0, 'goals_added_above_avg': -0.0013, 'count_actions': 0}]"
wvq9ena3qW,0KPqjA456v,FB,810,"[{'action_type': 'Dribbling', 'goals_added_raw': -0.3121, 'goals_added_above_avg': -0.3751, 'count_actions': 89}, {'action_type': 'Fouling', 'goals_added_raw': -0.0402, 'goals_added_above_avg': -0.0115, 'count_actions': 26}, {'action_type': 'Interrupting', 'goals_added_raw': 0.4367, 'goals_added_above_avg': -0.0747, 'count_actions': 64}, {'action_type': 'Passing', 'goals_added_raw': 0.0115, 'goals_added_above_avg': -0.2796, 'count_actions': 370}, {'action_type': 'Receiving', 'goals_added_raw': 0.7757, 'goals_added_above_avg': 0.5218, 'count_actions': 270}, {'action_type': 'Shooting', 'goals_added_raw': 0.3162, 'goals_added_above_avg': 0.1874, 'count_actions': 9}]"
wvq9g7AaMW,a2lqRX2Mr0,CB,616,"[{'action_type': 'Dribbling', 'goals_added_raw': 0.0446, 'goals_added_above_avg': 0.0314, 'count_actions': 80}, {'action_type': 'Fouling', 'goals_added_raw': 0.0042, 'goals_added_above_avg': 0.0662, 'count_actions': 5}, {'action_type': 'Interrupting', 'goals_added_raw': 0.1082, 'goals_added_above_avg': -0.3748, 'count_actions': 73}, {'action_type': 'Passing', 'goals_added_raw': 0.4026, 'goals_added_above_avg': 0.0583, 'count_actions': 286}, {'action_type': 'Receiving', 'goals_added_raw': 0.0164, 'goals_added_above_avg': -0.1186, 'count_actions': 217}, {'action_type': 'Shooting', 'goals_added_raw': 0.0593, 'goals_added_above_avg': -0.0088, 'count_actions': 2}]"
wvq9gPmNMW,X0Oq66zq6D,CB,2065,"[{'action_type': 'Dribbling', 'goals_added_raw': 0.1918, 'goals_added_above_avg': 0.1668, 'count_actions': 275}, {'action_type': 'Fouling', 'goals_added_raw': -0.249, 'goals_added_above_avg': -0.0631, 'count_actions': 18}, {'action_type': 'Interrupting', 'goals_added_raw': 0.856, 'goals_added_above_avg': -0.7211, 'count_actions': 270}, {'action_type': 'Passing', 'goals_added_raw': 1.3793, 'goals_added_above_avg': 0.3124, 'count_actions': 1380}, {'action_type': 'Receiving', 'goals_added_raw': 0.6803, 'goals_added_above_avg': 0.0505, 'count_actions': 1139}, {'action_type': 'Shooting', 'goals_added_raw': 0.155, 'goals_added_above_avg': -0.1329, 'count_actions': 13}]"
wvq9go6aMW,mvzqoLZQap,ST,1410,"[{'action_type': 'Dribbling', 'goals_added_raw': 0.0392, 'goals_added_above_avg': 0.1236, 'count_actions': 269}, {'action_type': 'Fouling', 'goals_added_raw': 0.0409, 'goals_added_above_avg': -0.1321, 'count_actions': 26}, {'action_type': 'Interrupting', 'goals_added_raw': 0.3544, 'goals_added_above_avg': -0.182, 'count_actions': 58}, {'action_type': 'Passing', 'goals_added_raw': -0.3006, 'goals_added_above_avg': 0.0112, 'count_actions': 571}, {'action_type': 'Receiving', 'goals_added_raw': 1.838, 'goals_added_above_avg': -0.6406, 'count_actions': 597}, {'action_type': 'Shooting', 'goals_added_raw': 1.0135, 'goals_added_above_avg': 0.0648, 'count_actions': 39}]"
wvq9gxBmMW,WBLMvYAQxe,DM,865,"[{'action_type': 'Dribbling', 'goals_added_raw': 0.0442, 'goals_added_above_avg': -0.0511, 'count_actions': 121}, {'action_type': 'Fouling', 'goals_added_raw': 0.0096, 'goals_added_above_avg': 0.0218, 'count_actions': 21}, {'action_type': 'Interrupting', 'goals_added_raw': 0.9189, 'goals_added_above_avg': 0.3162, 'count_actions': 62}, {'action_type': 'Passing', 'goals_added_raw': 0.1516, 'goals_added_above_avg': -0.154, 'count_actions': 462}, {'action_type': 'Receiving', 'goals_added_raw': 0.1826, 'goals_added_above_avg': -0.1868, 'count_actions': 377}, {'action_type': 'Shooting', 'goals_added_raw': 0.1341, 'goals_added_above_avg': -0.0828, 'count_actions': 7}]"
wvq9gzx1MW,eVq3ya6MWO,FB,750,"[{'action_type': 'Dribbling', 'goals_added_raw': 0.1232, 'goals_added_above_avg': 0.0691, 'count_actions': 95}, {'action_type': 'Fouling', 'goals_added_raw': -0.0636, 'goals_added_above_avg': -0.033, 'count_actions': 22}, {'action_type': 'Interrupting', 'goals_added_raw': 0.4946, 'goals_added_above_avg': 0.0207, 'count_actions': 51}, {'action_type': 'Passing', 'goals_added_raw': -0.0556, 'goals_added_above_avg': -0.3346, 'count_actions': 412}, {'action_type': 'Receiving', 'goals_added_raw': 0.2036, 'goals_added_above_avg': 0.0101, 'count_actions': 298}, {'action_type': 'Shooting', 'goals_added_raw': 0.0912, 'goals_added_above_avg': -0.0081, 'count_actions': 4}]"
wvq9jYdBQW,Z2vQ1xlqrA,W,681,"[{'action_type': 'Dribbling', 'goals_added_raw': 0.606, 'goals_added_above_avg': 0.5241, 'count_actions': 112}, {'action_type': 'Fouling', 'goals_added_raw': -0.0193, 'goals_added_above_avg': -0.0894, 'count_actions': 22}, {'action_type': 'Interrupting', 'goals_added_raw': 0.0812, 'goals_added_above_avg': -0.2212, 'count_actions': 38}, {'action_type': 'Passing', 'goals_added_raw': -0.4697, 'goals_added_above_avg': -0.435, 'count_actions': 172}, {'action_type': 'Receiving', 'goals_added_raw': 0.8747, 'goals_added_above_avg': 0.0057, 'count_actions': 192}, {'action_type': 'Shooting', 'goals_added_raw': 0.5732, 'goals_added_above_avg': 0.1845, 'count_actions': 19}]"
wvq9pAjl5W,eVq3ya6MWO,FB,1673,"[{'action_type': 'Dribbling', 'goals_added_raw': 0.4468, 'goals_added_above_avg': 0.3261, 'count_actions': 214}, {'action_type': 'Fouling', 'goals_added_raw': -0.109, 'goals_added_above_avg': -0.0408, 'count_actions': 34}, {'action_type': 'Interrupting', 'goals_added_raw': 0.6447, 'goals_added_above_avg': -0.4126, 'count_actions': 169}, {'action_type': 'Passing', 'goals_added_raw': -0.1286, 'goals_added_above_avg': -0.7511, 'count_actions': 840}, {'action_type': 'Receiving', 'goals_added_raw': 1.0454, 'goals_added_above_avg': 0.6138, 'count_actions': 641}, {'action_type': 'Shooting', 'goals_added_raw': 0.4154, 'goals_added_above_avg': 0.1939, 'count_actions': 19}]"
wvq9rwBQWn,zeQZkL1MKw,CB,913,"[{'action_type': 'Dribbling', 'goals_added_raw': 0.0233, 'goals_added_above_avg': -0.0352, 'count_actions': 147}, {'action_type': 'Fouling', 'goals_added_raw': -0.3954, 'goals_added_above_avg': -0.3401, 'count_actions': 21}, {'action_type': 'Interrupting', 'goals_added_raw': 0.6614, 'goals_added_above_avg': -0.0253, 'count_actions': 127}, {'action_type': 'Passing', 'goals_added_raw': 1.3905, 'goals_added_above_avg': 0.9611, 'count_actions': 624}, {'action_type': 'Receiving', 'goals_added_raw': 0.4647, 'goals_added_above_avg': 0.2029, 'count_actions': 526}, {'action_type': 'Shooting', 'goals_added_raw': 0.346, 'goals_added_above_avg': 0.1927, 'count_actions': 9}]"
xW5p7L4KMg,KAqBN0Vqbg,FB,2174,"[{'action_type': 'Dribbling', 'goals_added_raw': -0.3235, 'goals_added_above_avg': -0.4804, 'count_actions': 241}, {'action_type': 'Fouling', 'goals_added_raw': -0.2176, 'goals_added_above_avg': -0.1289, 'count_actions': 35}, {'action_type': 'Interrupting', 'goals_added_raw': 1.1465, 'goals_added_above_avg': -0.2274, 'count_actions': 224}, {'action_type': 'Passing', 'goals_added_raw': 0.1692, 'goals_added_above_avg': -0.6396, 'count_actions': 1206}, {'action_type': 'Receiving', 'goals_added_raw': 0.7967, 'goals_added_above_avg': 0.2357, 'count_actions': 909}, {'action_type': 'Shooting', 'goals_added_raw': 0.6088, 'goals_added_above_avg': 0.321, 'count_actions': 24}]"
xW5p7LWlMg,Vj58weDM8n,ST,479,"[{'action_type': 'Dribbling', 'goals_added_raw': 0.0844, 'goals_added_above_avg': 0.1723, 'count_actions': 70}, {'action_type': 'Fouling', 'goals_added_raw': 0.0082, 'goals_added_above_avg': -0.0567, 'count_actions': 16}, {'action_type': 'Interrupting', 'goals_added_raw': 0.1188, 'goals_added_above_avg': -0.0424, 'count_actions': 17}, {'action_type': 'Passing', 'goals_added_raw': -0.0707, 'goals_added_above_avg': 0.106, 'count_actions': 72}, {'action_type': 'Receiving', 'goals_added_raw': 1.7334, 'goals_added_above_avg': 0.7238, 'count_actions': 101}, {'action_type': 'Shooting', 'goals_added_raw': 0.5533, 'goals_added_above_avg': 0.1959, 'count_actions': 17}]"
xW5p7lPJMg,a2lqRX2Mr0,CM,70,"[{'action_type': 'Dribbling', 'goals_added_raw': 0.0091, 'goals_added_above_avg': -0.0022, 'count_actions': 21}, {'action_type': 'Fouling', 'goals_added_raw': 0.0436, 'goals_added_above_avg': 0.0394, 'count_actions': 4}, {'action_type': 'Interrupting', 'goals_added_raw': 0.0348, 'goals_added_above_avg': -0.0029, 'count_actions': 7}, {'action_type': 'Passing', 'goals_added_raw': -0.0139, 'goals_added_above_avg': -0.0218, 'count_actions': 36}, {'action_type': 'Receiving', 'goals_added_raw': 0.0648, 'goals_added_above_avg': 0.0046, 'count_actions': 35}, {'action_type': 'Shooting', 'goals_added_raw': 0.0351, 'goals_added_above_avg': 0.0045, 'count_actions': 2}]"
xW5pYyddqg,a2lqR4JMr0,ST,328,"[{'action_type': 'Dribbling', 'goals_added_raw': -0.0965, 'goals_added_above_avg': -0.0813, 'count_actions': 38}, {'action_type': 'Fouling', 'goals_added_raw': -0.0224, 'goals_added_above_avg': -0.0633, 'count_actions': 12}, {'action_type': 'Interrupting', 'goals_added_raw': 0.1889, 'goals_added_above_avg': 0.0623, 'count_actions': 20}, {'action_type': 'Passing', 'goals_added_raw': 0.1621, 'goals_added_above_avg': 0.1832, 'count_actions': 72}, {'action_type': 'Receiving', 'goals_added_raw': 0.2428, 'goals_added_above_avg': -0.2926, 'count_actions': 65}, {'action_type': 'Shooting', 'goals_added_raw': 0.084, 'goals_added_above_avg': -0.1294, 'count_actions': 3}]"
xW5pr1oYQg,kRQabn8MKZ,ST,1532,"[{'action_type': 'Dribbling', 'goals_added_raw': 0.3411, 'goals_added_above_avg': 0.5995, 'count_actions': 174}, {'action_type': 'Fouling', 'goals_added_raw': 0.2224, 'goals_added_above_avg': 0.0269, 'count_actions': 39}, {'action_type': 'Interrupting', 'goals_added_raw': 0.7869, 'goals_added_above_avg': 0.2426, 'count_actions': 75}, {'action_type': 'Passing', 'goals_added_raw': -0.2844, 'goals_added_above_avg': 0.2217, 'count_actions': 285}, {'action_type': 'Receiving', 'goals_added_raw': 3.5471, 'goals_added_above_avg': 0.4605, 'count_actions': 303}, {'action_type': 'Shooting', 'goals_added_raw': 1.3885, 'goals_added_above_avg': 0.287, 'count_actions': 45}]"
xW5prK4BQg,WBLMvYAQxe,W,980,"[{'action_type': 'Dribbling', 'goals_added_raw': -0.1061, 'goals_added_above_avg': -0.2889, 'count_actions': 183}, {'action_type': 'Fouling', 'goals_added_raw': 0.0256, 'goals_added_above_avg': -0.0501, 'count_actions': 21}, {'action_type': 'Interrupting', 'goals_added_raw': 0.345, 'goals_added_above_avg': -0.1471, 'count_actions': 45}, {'action_type': 'Passing', 'goals_added_raw': -0.1712, 'goals_added_above_avg': -0.2273, 'count_actions': 395}, {'action_type': 'Receiving', 'goals_added_raw': 1.0578, 'goals_added_above_avg': 0.0871, 'count_actions': 343}, {'action_type': 'Shooting', 'goals_added_raw': 0.5212, 'goals_added_above_avg': 0.0419, 'count_actions': 20}]"
xW5prZBdQg,kRQabn8MKZ,FB,21,"[{'action_type': 'Dribbling', 'goals_added_raw': 0.0058, 'goals_added_above_avg': 0.0043, 'count_actions': 1}, {'action_type': 'Fouling', 'goals_added_raw': 0, 'goals_added_above_avg': 0.0009, 'count_actions': 0}, {'action_type': 'Interrupting', 'goals_added_raw': -0.0067, 'goals_added_above_avg': -0.02, 'count_actions': 3}, {'action_type': 'Passing', 'goals_added_raw': 0.019, 'goals_added_above_avg': 0.0112, 'count_actions': 19}, {'action_type': 'Receiving', 'goals_added_raw': -0.0039, 'goals_added_above_avg': -0.0094, 'count_actions': 10}, {'action_type': 'Shooting', 'goals_added_raw': 0.0333, 'goals_added_above_avg': 0.0306, 'count_actions': 1}]"
xW5prbllQg,YgOMngl5wN,DM,1555,"[{'action_type': 'Dribbling', 'goals_added_raw': 0.1972, 'goals_added_above_avg': 0.0386, 'count_actions': 206}, {'action_type': 'Fouling', 'goals_added_raw': -0.0768, 'goals_added_above_avg': -0.0225, 'count_actions': 17}, {'action_type': 'Interrupting', 'goals_added_raw': 1.4137, 'goals_added_above_avg': 0.2599, 'count_actions': 153}, {'action_type': 'Passing', 'goals_added_raw': -0.0827, 'goals_added_above_avg': -0.7383, 'count_actions': 1013}, {'action_type': 'Receiving', 'goals_added_raw': 0.1377, 'goals_added_above_avg': -0.3498, 'count_actions': 844}, {'action_type': 'Shooting', 'goals_added_raw': 0.2827, 'goals_added_above_avg': -0.0295, 'count_actions': 13}]"
xW5pro36Qg,wvq9B9wQWn,ST,563,"[{'action_type': 'Dribbling', 'goals_added_raw': -0.0668, 'goals_added_above_avg': -0.0427, 'count_actions': 67}, {'action_type': 'Fouling', 'goals_added_raw': 0.0605, 'goals_added_above_avg': -0.0083, 'count_actions': 21}, {'action_type': 'Interrupting', 'goals_added_raw': 0.1481, 'goals_added_above_avg': -0.0697, 'count_actions': 31}, {'action_type': 'Passing', 'goals_added_raw': -0.2164, 'goals_added_above_avg': -0.1311, 'count_actions': 134}, {'action_type': 'Receiving', 'goals_added_raw': 0.7258, 'goals_added_above_avg': -0.2195, 'count_actions': 129}, {'action_type': 'Shooting', 'goals_added_raw': 0.2158, 'goals_added_above_avg': -0.1546, 'count_actions': 7}]"
xW5pw3PYMg,wvq9B9wQWn,FB,1990,"[{'action_type': 'Dribbling', 'goals_added_raw': 0.7163, 'goals_added_above_avg': 0.5727, 'count_actions': 296}, {'action_type': 'Fouling', 'goals_added_raw': -0.5949, 'goals_added_above_avg': -0.5137, 'count_actions': 64}, {'action_type': 'Interrupting', 'goals_added_raw': 0.8124, 'goals_added_above_avg': -0.4452, 'count_actions': 177}, {'action_type': 'Passing', 'goals_added_raw': -0.4035, 'goals_added_above_avg': -1.1439, 'count_actions': 1008}, {'action_type': 'Receiving', 'goals_added_raw': 0.6935, 'goals_added_above_avg': 0.18, 'count_actions': 743}, {'action_type': 'Shooting', 'goals_added_raw': 0.5621, 'goals_added_above_avg': 0.2987, 'count_actions': 23}]"
xW5pw8KGMg,YgOMngl5wN,FB,2301,"[{'action_type': 'Dribbling', 'goals_added_raw': 0.6225, 'goals_added_above_avg': 0.4094, 'count_actions': 361}, {'action_type': 'Fouling', 'goals_added_raw': 0.3947, 'goals_added_above_avg': 0.4389, 'count_actions': 46}, {'action_type': 'Interrupting', 'goals_added_raw': 0.7161, 'goals_added_above_avg': -0.6792, 'count_actions': 130}, {'action_type': 'Passing', 'goals_added_raw': -1.2432, 'goals_added_above_avg': -1.9651, 'count_actions': 801}, {'action_type': 'Receiving', 'goals_added_raw': 1.236, 'goals_added_above_avg': 0.3423, 'count_actions': 674}, {'action_type': 'Shooting', 'goals_added_raw': 0.3994, 'goals_added_above_avg': -0.0505, 'count_actions': 16}]"
xW5pwBoGMg,Z2vQ1xlqrA,W,6,"[{'action_type': 'Dribbling', 'goals_added_raw': 0, 'goals_added_above_avg': -0.0012, 'count_actions': 0}, {'action_type': 'Fouling', 'goals_added_raw': 0, 'goals_added_above_avg': -0.0006, 'count_actions': 0}, {'action_type': 'Interrupting', 'goals_added_raw': 0, 'goals_added_above_avg': -0.0028, 'count_actions': 0}, {'action_type': 'Passing', 'goals_added_raw': 0.0049, 'goals_added_above_avg': 0.0048, 'count_actions': 2}, {'action_type': 'Receiving', 'goals_added_raw': 0.0089, 'goals_added_above_avg': 0.0025, 'count_actions': 2}, {'action_type': 'Shooting', 'goals_added_raw': 0, 'goals_added_above_avg': -0.0032, 'count_actions': 0}]"
xW5pwEwGMg,WBLMvYAQxe,CB,2522,"[{'action_type': 'Dribbling', 'goals_added_raw': 0.0401, 'goals_added_above_avg': -0.0139, 'count_actions': 242}, {'action_type': 'Fouling', 'goals_added_raw': 0.249, 'goals_added_above_avg': 0.5031, 'count_actions': 26}, {'action_type': 'Interrupting', 'goals_added_raw': 3.995, 'goals_added_above_avg': 2.0175, 'count_actions': 381}, {'action_type': 'Passing', 'goals_added_raw': 1.545, 'goals_added_above_avg': 0.1357, 'count_actions': 1410}, {'action_type': 'Receiving', 'goals_added_raw': 0.1645, 'goals_added_above_avg': -0.3882, 'count_actions': 1141}, {'action_type': 'Shooting', 'goals_added_raw': 0.2352, 'goals_added_above_avg': -0.0436, 'count_actions': 6}]"
xW5pxANJ5g,zeQZBOzQKw,ST,1690,"[{'action_type': 'Dribbling', 'goals_added_raw': -1.2968, 'goals_added_above_avg': -0.9865, 'count_actions': 184}, {'action_type': 'Fouling', 'goals_added_raw': 0.0947, 'goals_added_above_avg': -0.1344, 'count_actions': 44}, {'action_type': 'Interrupting', 'goals_added_raw': 0.4004, 'goals_added_above_avg': -0.1684, 'count_actions': 62}, {'action_type': 'Passing', 'goals_added_raw': -1.0673, 'goals_added_above_avg': -0.4439, 'count_actions': 407}, {'action_type': 'Receiving', 'goals_added_raw': 4.2763, 'goals_added_above_avg': 0.7142, 'count_actions': 456}, {'action_type': 'Shooting', 'goals_added_raw': 1.4735, 'goals_added_above_avg': 0.2127, 'count_actions': 50}]"
xW5pxRGB5g,Vj58weDM8n,CB,2085,"[{'action_type': 'Dribbling', 'goals_added_raw': 0.2587, 'goals_added_above_avg': 0.2141, 'count_actions': 400}, {'action_type': 'Fouling', 'goals_added_raw': -0.2403, 'goals_added_above_avg': -0.0302, 'count_actions': 10}, {'action_type': 'Interrupting', 'goals_added_raw': 0.9739, 'goals_added_above_avg': -0.6609, 'count_actions': 255}, {'action_type': 'Passing', 'goals_added_raw': 2.095, 'goals_added_above_avg': 0.9299, 'count_actions': 1675}, {'action_type': 'Receiving', 'goals_added_raw': 0.1448, 'goals_added_above_avg': -0.3121, 'count_actions': 1386}, {'action_type': 'Shooting', 'goals_added_raw': 0.0581, 'goals_added_above_avg': -0.1723, 'count_actions': 2}]"
xW5py2Jdqg,kRQabn8MKZ,DM,724,"[{'action_type': 'Dribbling', 'goals_added_raw': 0.1188, 'goals_added_above_avg': 0.036, 'count_actions': 92}, {'action_type': 'Fouling', 'goals_added_raw': -0.0438, 'goals_added_above_avg': -0.0526, 'count_actions': 15}, {'action_type': 'Interrupting', 'goals_added_raw': 0.3774, 'goals_added_above_avg': -0.0922, 'count_actions': 55}, {'action_type': 'Passing', 'goals_added_raw': -0.3011, 'goals_added_above_avg': -0.5904, 'count_actions': 267}, {'action_type': 'Receiving', 'goals_added_raw': 0.2408, 'goals_added_above_avg': -0.1474, 'count_actions': 232}, {'action_type': 'Shooting', 'goals_added_raw': 0.2156, 'goals_added_above_avg': -0.0056, 'count_actions': 6}]"
xW5pyAVYqg,9z5k7Yg5A3,ST,185,"[{'action_type': 'Dribbling', 'goals_added_raw': 0.0991, 'goals_added_above_avg': 0.133, 'count_actions': 29}, {'action_type': 'Fouling', 'goals_added_raw': 0.2458, 'goals_added_above_avg': 0.2208, 'count_actions': 8}, {'action_type': 'Interrupting', 'goals_added_raw': 0.0147, 'goals_added_above_avg': -0.0476, 'count_actions': 5}, {'action_type': 'Passing', 'goals_added_raw': -0.1937, 'goals_added_above_avg': -0.1254, 'count_actions': 38}, {'action_type': 'Receiving', 'goals_added_raw': 0.6421, 'goals_added_above_avg': 0.2522, 'count_actions': 57}, {'action_type': 'Shooting', 'goals_added_raw': 0.2028, 'goals_added_above_avg': 0.0648, 'count_actions': 7}]"
xW5pyKEdqg,eVq3ya6MWO,W,118,"[{'action_type': 'Dribbling', 'goals_added_raw': 0.0789, 'goals_added_above_avg': 0.0578, 'count_actions': 21}, {'action_type': 'Fouling', 'goals_added_raw': 0, 'goals_added_above_avg': -0.0117, 'count_actions': 0}, {'action_type': 'Interrupting', 'goals_added_raw': 0.0693, 'goals_added_above_avg': 0.0144, 'count_actions': 5}, {'action_type': 'Passing', 'goals_added_raw': 0, 'goals_added_above_avg': -0.014, 'count_actions': 36}, {'action_type': 'Receiving', 'goals_added_raw': 0.038, 'goals_added_above_avg': -0.0857, 'count_actions': 36}, {'action_type': 'Shooting', 'goals_added_raw': 0.1311, 'goals_added_above_avg': 0.069, 'count_actions': 4}]"
xW5pygjdqg,APk5LGOMOW,CB,1113,"[{'action_type': 'Dribbling', 'goals_added_raw': 0.0353, 'goals_added_above_avg': 0.0047, 'count_actions': 160}, {'action_type': 'Fouling', 'goals_added_raw': -0.0024, 'goals_added_above_avg': 0.1052, 'count_actions': 20}, {'action_type': 'Interrupting', 'goals_added_raw': 1.3596, 'goals_added_above_avg': 0.4888, 'count_actions': 121}, {'action_type': 'Passing', 'goals_added_raw': 0.7135, 'goals_added_above_avg': 0.1002, 'count_actions': 653}, {'action_type': 'Receiving', 'goals_added_raw': 0.0405, 'goals_added_above_avg': -0.2082, 'count_actions': 525}, {'action_type': 'Shooting', 'goals_added_raw': 0.0387, 'goals_added_above_avg': -0.0902, 'count_actions': 1}]"
xW5pykn0qg,KAqBN0Vqbg,CB,821,"[{'action_type': 'Dribbling', 'goals_added_raw': 0.1334, 'goals_added_above_avg': 0.1158, 'count_actions': 136}, {'action_type': 'Fouling', 'goals_added_raw': -0.0139, 'goals_added_above_avg': 0.0688, 'count_actions': 10}, {'action_type': 'Interrupting', 'goals_added_raw': 0.5737, 'goals_added_above_avg': -0.07, 'count_actions': 103}, {'action_type': 'Passing', 'goals_added_raw': 0.6383, 'goals_added_above_avg': 0.1795, 'count_actions': 513}, {'action_type': 'Receiving', 'goals_added_raw': 0.0953, 'goals_added_above_avg': -0.0846, 'count_actions': 404}, {'action_type': 'Shooting', 'goals_added_raw': 0.0658, 'goals_added_above_avg': -0.0249, 'count_actions': 6}]"
xW5pynPBqg,gpMOLwl5zy,FB,1882,"[{'action_type': 'Dribbling', 'goals_added_raw': -0.1076, 'goals_added_above_avg': -0.2044, 'count_actions': 266}, {'action_type': 'Fouling', 'goals_added_raw': -0.0175, 'goals_added_above_avg': 0.1054, 'count_actions': 43}, {'action_type': 'Interrupting', 'goals_added_raw': 1.5261, 'goals_added_above_avg': 0.2196, 'count_actions': 218}, {'action_type': 'Passing', 'goals_added_raw': 0.6825, 'goals_added_above_avg': -0.1615, 'count_actions': 1068}, {'action_type': 'Receiving', 'goals_added_raw': 1.1772, 'goals_added_above_avg': 0.7215, 'count_actions': 851}, {'action_type': 'Shooting', 'goals_added_raw': 0.4057, 'goals_added_above_avg': 0.1734, 'count_actions': 17}]"
xW5pynj0qg,kaDQ0wRqEv,ST,193,"[{'action_type': 'Dribbling', 'goals_added_raw': -0.0206, 'goals_added_above_avg': 0.0078, 'count_actions': 18}, {'action_type': 'Fouling', 'goals_added_raw': 0.0221, 'goals_added_above_avg': 0.0003, 'count_actions': 2}, {'action_type': 'Interrupting', 'goals_added_raw': 0.0047, 'goals_added_above_avg': -0.0705, 'count_actions': 6}, {'action_type': 'Passing', 'goals_added_raw': -0.1583, 'goals_added_above_avg': -0.1068, 'count_actions': 37}, {'action_type': 'Receiving', 'goals_added_raw': 0.6523, 'goals_added_above_avg': 0.2896, 'count_actions': 40}, {'action_type': 'Shooting', 'goals_added_raw': 0.23, 'goals_added_above_avg': 0.0996, 'count_actions': 7}]"
xW5pyrwKqg,NWMWlBK5lz,CM,941,"[{'action_type': 'Dribbling', 'goals_added_raw': 0.1004, 'goals_added_above_avg': 0.0144, 'count_actions': 105}, {'action_type': 'Fouling', 'goals_added_raw': -0.1651, 'goals_added_above_avg': -0.1491, 'count_actions': 31}, {'action_type': 'Interrupting', 'goals_added_raw': 0.7508, 'goals_added_above_avg': 0.0931, 'count_actions': 114}, {'action_type': 'Passing', 'goals_added_raw': -0.1604, 'goals_added_above_avg': -0.4982, 'count_actions': 409}, {'action_type': 'Receiving', 'goals_added_raw': 0.1613, 'goals_added_above_avg': -0.2062, 'count_actions': 315}, {'action_type': 'Shooting', 'goals_added_raw': 0.1757, 'goals_added_above_avg': -0.0478, 'count_actions': 8}]"
xW5pyyaJqg,jYQJ8EW5GR,CM,1832,"[{'action_type': 'Dribbling', 'goals_added_raw': 0.5164, 'goals_added_above_avg': 0.3525, 'count_actions': 254}, {'action_type': 'Fouling', 'goals_added_raw': 0.0084, 'goals_added_above_avg': 0.0393, 'count_actions': 60}, {'action_type': 'Interrupting', 'goals_added_raw': 1.2496, 'goals_added_above_avg': -0.0177, 'count_actions': 154}, {'action_type': 'Passing', 'goals_added_raw': 0.5261, 'goals_added_above_avg': -0.1237, 'count_actions': 821}, {'action_type': 'Receiving', 'goals_added_raw': 0.2472, 'goals_added_above_avg': -0.4662, 'count_actions': 690}, {'action_type': 'Shooting', 'goals_added_raw': 0.3136, 'goals_added_above_avg': -0.1162, 'count_actions': 15}]"
zeQZ7DJzMK,KAqBN0Vqbg,DM,2082,"[{'action_type': 'Dribbling', 'goals_added_raw': -0.0159, 'goals_added_above_avg': -0.2324, 'count_actions': 293}, {'action_type': 'Fouling', 'goals_added_raw': 0.0112, 'goals_added_above_avg': 0.0494, 'count_actions': 36}, {'action_type': 'Interrupting', 'goals_added_raw': 1.5593, 'goals_added_above_avg': 0.089, 'count_actions': 187}, {'action_type': 'Passing', 'goals_added_raw': 1.0221, 'goals_added_above_avg': 0.2259, 'count_actions': 1225}, {'action_type': 'Receiving', 'goals_added_raw': 0.6584, 'goals_added_above_avg': -0.1646, 'count_actions': 1014}, {'action_type': 'Shooting', 'goals_added_raw': 0.5364, 'goals_added_above_avg': 0.0406, 'count_actions': 25}]"
zeQZ7jPKMK,mvzqoLZQap,ST,630,"[{'action_type': 'Dribbling', 'goals_added_raw': 0.2744, 'goals_added_above_avg': 0.3346, 'count_actions': 127}, {'action_type': 'Fouling', 'goals_added_raw': 0.002, 'goals_added_above_avg': -0.0781, 'count_actions': 13}, {'action_type': 'Interrupting', 'goals_added_raw': 0.1074, 'goals_added_above_avg': -0.1244, 'count_actions': 32}, {'action_type': 'Passing', 'goals_added_raw': -0.1547, 'goals_added_above_avg': -0.0079, 'count_actions': 365}, {'action_type': 'Receiving', 'goals_added_raw': 0.3999, 'goals_added_above_avg': -0.7591, 'count_actions': 349}, {'action_type': 'Shooting', 'goals_added_raw': 0.433, 'goals_added_above_avg': -0.0022, 'count_actions': 16}]"
zeQZJ7YgQK,mvzqoLZQap,CB,1778,"[{'action_type': 'Dribbling', 'goals_added_raw': 0.4357, 'goals_added_above_avg': 0.3977, 'count_actions': 468}, {'action_type': 'Fouling', 'goals_added_raw': -0.3444, 'goals_added_above_avg': -0.1652, 'count_actions': 25}, {'action_type': 'Interrupting', 'goals_added_raw': -0.0324, 'goals_added_above_avg': -1.4265, 'count_actions': 212}, {'action_type': 'Passing', 'goals_added_raw': 1.6946, 'goals_added_above_avg': 0.701, 'count_actions': 1487}, {'action_type': 'Receiving', 'goals_added_raw': 0.2706, 'goals_added_above_avg': -0.1191, 'count_actions': 1250}, {'action_type': 'Shooting', 'goals_added_raw': 0.1597, 'goals_added_above_avg': -0.0368, 'count_actions': 6}]"
zeQZJxR1QK,WBLMvYAQxe,FB,382,"[{'action_type': 'Dribbling', 'goals_added_raw': 0.0097, 'goals_added_above_avg': -0.0179, 'count_actions': 36}, {'action_type': 'Fouling', 'goals_added_raw': 0.0038, 'goals_added_above_avg': 0.0194, 'count_actions': 5}, {'action_type': 'Interrupting', 'goals_added_raw': 0.2612, 'goals_added_above_avg': 0.0198, 'count_actions': 26}, {'action_type': 'Passing', 'goals_added_raw': 0.0924, 'goals_added_above_avg': -0.0497, 'count_actions': 187}, {'action_type': 'Receiving', 'goals_added_raw': 0.1636, 'goals_added_above_avg': 0.065, 'count_actions': 141}, {'action_type': 'Shooting', 'goals_added_raw': 0.062, 'goals_added_above_avg': 0.0114, 'count_actions': 2}]"
zeQZKbYMKw,zeQZkL1MKw,ST,1708,"[{'action_type': 'Dribbling', 'goals_added_raw': -0.0965, 'goals_added_above_avg': -0.0587, 'count_actions': 175}, {'action_type': 'Fouling', 'goals_added_raw': 0.4436, 'goals_added_above_avg': 0.2412, 'count_actions': 39}, {'action_type': 'Interrupting', 'goals_added_raw': 0.5207, 'goals_added_above_avg': -0.1517, 'count_actions': 48}, {'action_type': 'Passing', 'goals_added_raw': -0.6969, 'goals_added_above_avg': -0.3696, 'count_actions': 692}, {'action_type': 'Receiving', 'goals_added_raw': 3.2074, 'goals_added_above_avg': 0.3709, 'count_actions': 657}, {'action_type': 'Shooting', 'goals_added_raw': 1.3116, 'goals_added_above_avg': 0.1979, 'count_actions': 40}]"
zeQZX6bK5K,a2lqRX2Mr0,ST,48,"[{'action_type': 'Dribbling', 'goals_added_raw': 0.0889, 'goals_added_above_avg': 0.0977, 'count_actions': 5}, {'action_type': 'Fouling', 'goals_added_raw': 0.0351, 'goals_added_above_avg': 0.0286, 'count_actions': 1}, {'action_type': 'Interrupting', 'goals_added_raw': 0.019, 'goals_added_above_avg': 0.0028, 'count_actions': 2}, {'action_type': 'Passing', 'goals_added_raw': -0.002, 'goals_added_above_avg': 0.0157, 'count_actions': 9}, {'action_type': 'Receiving', 'goals_added_raw': 0.045, 'goals_added_above_avg': -0.0561, 'count_actions': 14}, {'action_type': 'Shooting', 'goals_added_raw': 0.0195, 'goals_added_above_avg': -0.0164, 'count_actions': 2}]"
zeQZX96N5K,WBLMvYAQxe,FB,2179,"[{'action_type': 'Dribbling', 'goals_added_raw': 0.1679, 'goals_added_above_avg': 0.0155, 'count_actions': 252}, {'action_type': 'Fouling', 'goals_added_raw': -0.0872, 'goals_added_above_avg': 0.0074, 'count_actions': 40}, {'action_type': 'Interrupting', 'goals_added_raw': 1.6644, 'goals_added_above_avg': 0.2729, 'count_actions': 274}, {'action_type': 'Passing', 'goals_added_raw': 1.3895, 'goals_added_above_avg': 0.561, 'count_actions': 1302}, {'action_type': 'Receiving', 'goals_added_raw': 0.2698, 'goals_added_above_avg': -0.2888, 'count_actions': 935}, {'action_type': 'Shooting', 'goals_added_raw': 0.187, 'goals_added_above_avg': -0.0993, 'count_actions': 6}]"
zeQZXXm15K,Z2vQ1xlqrA,FB,1702,"[{'action_type': 'Dribbling', 'goals_added_raw': 0.115, 'goals_added_above_avg': -0.0022, 'count_actions': 240}, {'action_type': 'Fouling', 'goals_added_raw': -0.053, 'goals_added_above_avg': -0.0156, 'count_actions': 38}, {'action_type': 'Interrupting', 'goals_added_raw': 1.3714, 'goals_added_above_avg': 0.3162, 'count_actions': 192}, {'action_type': 'Passing', 'goals_added_raw': 0.8069, 'goals_added_above_avg': 0.2693, 'count_actions': 890}, {'action_type': 'Receiving', 'goals_added_raw': 0.1957, 'goals_added_above_avg': -0.5019, 'count_actions': 674}, {'action_type': 'Shooting', 'goals_added_raw': 0.1634, 'goals_added_above_avg': -0.1735, 'count_actions': 10}]"
zeQZe4aYqK,jYQJ8EW5GR,FB,804,"[{'action_type': 'Dribbling', 'goals_added_raw': 0.0348, 'goals_added_above_avg': 0.013, 'count_actions': 97}, {'action_type': 'Fouling', 'goals_added_raw': 0.0361, 'goals_added_above_avg': 0.0439, 'count_actions': 22}, {'action_type': 'Interrupting', 'goals_added_raw': 0.3016, 'goals_added_above_avg': -0.1646, 'count_actions': 85}, {'action_type': 'Passing', 'goals_added_raw': 0.2823, 'goals_added_above_avg': 0.0883, 'count_actions': 323}, {'action_type': 'Receiving', 'goals_added_raw': 0.3198, 'goals_added_above_avg': -0.1501, 'count_actions': 239}, {'action_type': 'Shooting', 'goals_added_raw': 0.2149, 'goals_added_above_avg': 0.0214, 'count_actions': 10}]"
zeQZeWKjqK,mvzqoLZQap,W,1010,"[{'action_type': 'Dribbling', 'goals_added_raw': 0.3737, 'goals_added_above_avg': 0.1859, 'count_actions': 230}, {'action_type': 'Fouling', 'goals_added_raw': 0.0499, 'goals_added_above_avg': -0.0392, 'count_actions': 14}, {'action_type': 'Interrupting', 'goals_added_raw': 0.3039, 'goals_added_above_avg': -0.1797, 'count_actions': 64}, {'action_type': 'Passing', 'goals_added_raw': -0.4031, 'goals_added_above_avg': -0.4687, 'count_actions': 422}, {'action_type': 'Receiving', 'goals_added_raw': 0.9768, 'goals_added_above_avg': -0.0527, 'count_actions': 394}, {'action_type': 'Shooting', 'goals_added_raw': 0.5709, 'goals_added_above_avg': 0.0611, 'count_actions': 18}]"
zeQZkkOjMK,kaDQ0wRqEv,CB,9,"[{'action_type': 'Dribbling', 'goals_added_raw': 0, 'goals_added_above_avg': -0.0002, 'count_actions': 0}, {'action_type': 'Fouling', 'goals_added_raw': 0, 'goals_added_above_avg': 0.0009, 'count_actions': 0}, {'action_type': 'Interrupting', 'goals_added_raw': 0, 'goals_added_above_avg': -0.0071, 'count_actions': 0}, {'action_type': 'Passing', 'goals_added_raw': 0.0038, 'goals_added_above_avg': -0.0012, 'count_actions': 2}, {'action_type': 'Receiving', 'goals_added_raw': -0.0001, 'goals_added_above_avg': -0.0021, 'count_actions': 1}, {'action_type': 'Shooting', 'goals_added_raw': 0, 'goals_added_above_avg': -0.001, 'count_actions': 0}]"
