MatchDate,HomeTeam,AwayTeam,HomeGoals,AwayGoals,Season,game_id,status,Matchday,home_xgoals,away_xgoals,Result
2017-03-04,Portland Timbers,Minnesota United,5,1,2017,9vQ2X8J75K,FullTime,1,2.7514,0.6694,H
2017-03-04,Colorado Rapids,New England Revolution,1,0,2017,xW5pLXZK5g,FullTime,1,0.87,0.4007,H
2017-03-04,Columbus Crew,Chicago Fire,1,1,2017,NPqxPXp8q9,FullTime,1,1.3145,1.1417,D
2017-03-04,LA Galaxy,FC Dallas,1,2,2017,aDQ0Erp2ME,FullTime,1,1.7381,0.5369,A
2017-03-04,Real Salt Lake,Toronto FC,0,0,2017,KPqjxAZ8M6,FullTime,1,1.736,1.4152,D
2017-03-05,Houston Dynamo,Seattle Sounders,2,1,2017,4JMAOVPYqK,FullTime,1,1.2651,0.8045,H
2017-03-05,Orlando City,New York City FC,1,0,2017,zeQZBVbgQK,FullTime,1,0.615,1.2484,H
2017-03-05,D.C. United,Sporting Kansas City,0,0,2017,kRQap1DYqK,FullTime,1,1.5562,0.9335,D
2017-03-05,San Jose Earthquakes,CF Montréal,1,0,2017,4wM4Xw3AMj,FullTime,1,1.8247,0.1442,H
2017-03-06,Atlanta United,New York Red Bulls,1,2,2017,BLMvLXZXqx,FullTime,1,1.1302,0.9946,A
2017-03-06,Vancouver Whitecaps,Philadelphia Union,0,0,2017,XVqKO8DBq0,FullTime,1,0.7152,0.514,D
2017-03-11,Philadelphia Union,Toronto FC,2,2,2017,N6MmLXZgQE,FullTime,2,1.9562,1.6072,D
2017-03-11,Chicago Fire,Real Salt Lake,2,0,2017,p6qbxrApM0,FullTime,2,0.7808,1.3109,H
2017-03-11,New York Red Bulls,Colorado Rapids,1,0,2017,e7MzRXDjMr,FullTime,2,1.404,0.2197,H
2017-03-12,LA Galaxy,Portland Timbers,0,1,2017,KPqjxAXEM6,FullTime,2,0.9124,2.3183,A
2017-03-12,Minnesota United,Atlanta United,1,6,2017,eVq3XJwGQW,FullTime,2,2.4986,2.4033,A
2017-03-12,New York City FC,D.C. United,4,0,2017,Oa5wxXZgq1,FullTime,2,1.2493,1.0804,H
2017-03-12,CF Montréal,Seattle Sounders,2,2,2017,Xj5Y3kblQb,FullTime,2,1.4719,2.1962,D
2017-03-12,Sporting Kansas City,FC Dallas,0,0,2017,jYQJ6lNGQG,FullTime,2,1.2818,0.7092,D
2017-03-12,Houston Dynamo,Columbus Crew,3,1,2017,NPqxPXzZq9,FullTime,2,0.9923,1.8066,H
2017-03-12,San Jose Earthquakes,Vancouver Whitecaps,3,2,2017,aDQ0ErRRME,FullTime,2,2.185,0.426,H
2017-03-18,New York City FC,CF Montréal,1,1,2017,zeQZBVOjQK,FullTime,3,2.4334,0.7954,D
2017-03-18,Atlanta United,Chicago Fire,4,0,2017,xW5pLXn65g,FullTime,3,1.668,0.569,H
2017-03-18,Vancouver Whitecaps,Toronto FC,0,2,2017,ljqE3ynNMx,FullTime,3,0.3775,0.9506,A
2017-03-18,D.C. United,Columbus Crew,0,2,2017,4JMAOVw9qK,FullTime,3,1.1504,2.1723,A
2017-03-18,Orlando City,Philadelphia Union,2,1,2017,BLMvLX17qx,FullTime,3,1.4531,1.3164,H
2017-03-19,Seattle Sounders,New York Red Bulls,3,1,2017,NWMWJRbNQl,FullTime,3,2.5393,0.4631,H
2017-03-19,Real Salt Lake,LA Galaxy,1,2,2017,p6qbxr83M0,FullTime,3,0.7394,0.9905,A
2017-03-19,Portland Timbers,Houston Dynamo,4,2,2017,XVqKO812q0,FullTime,3,3.1759,2.0442,H
2017-03-19,FC Dallas,New England Revolution,2,1,2017,KAqBnPdWqb,FullTime,3,0.9256,0.9775,H
2017-03-19,Colorado Rapids,Minnesota United,2,2,2017,kRQap1rbqK,FullTime,3,1.2814,1.3766,D
2017-03-19,Sporting Kansas City,San Jose Earthquakes,2,1,2017,4wM4XwylMj,FullTime,3,1.1669,0.7586,H
2017-03-25,New England Revolution,Minnesota United,5,2,2017,N6MmLXBLQE,FullTime,4,3.8543,1.0113,H
2017-03-25,New York Red Bulls,Real Salt Lake,0,0,2017,Xj5Y3kGEQb,FullTime,4,2.0225,1.0844,D
2017-03-25,Columbus Crew,Portland Timbers,3,2,2017,e7MzRXx7Mr,FullTime,4,1.9616,0.7654,H
2017-03-31,Toronto FC,Sporting Kansas City,0,0,2017,0x5g0X1mq7,FullTime,5,0.862,1.0276,D
2017-04-01,D.C. United,Philadelphia Union,2,1,2017,NWMWJR3ZQl,FullTime,5,1.328,1.6708,H
2017-04-01,Seattle Sounders,Atlanta United,0,0,2017,jYQJ6l7dQG,FullTime,5,1.3014,0.8707,D
2017-04-01,New York City FC,San Jose Earthquakes,2,1,2017,0Oq64BrzM6,FullTime,5,0.9419,0.928,H
2017-04-01,Chicago Fire,CF Montréal,2,2,2017,Oa5wxXlWq1,FullTime,5,1.4481,0.6273,D
2017-04-01,Columbus Crew,Orlando City,2,0,2017,KAqBnPBZqb,FullTime,5,0.5242,0.3963,H
2017-04-02,Vancouver Whitecaps,LA Galaxy,4,2,2017,gpMO3Bx7Mz,FullTime,5,2.6946,0.9693,H
2017-04-02,Houston Dynamo,New York Red Bulls,4,1,2017,0x5g0XARq7,FullTime,5,1.6066,1.2498,H
2017-04-02,Minnesota United,Real Salt Lake,4,2,2017,7VqGWDkYqv,FullTime,5,3.3555,1.4314,H
2017-04-03,Portland Timbers,New England Revolution,1,1,2017,gOMnyXgBQw,FullTime,5,1.1732,1.2057,D
2017-04-08,Toronto FC,Atlanta United,2,2,2017,raMyRYXN5d,FullTime,6,2.373,1.1549,D
2017-04-08,Philadelphia Union,Portland Timbers,1,3,2017,EGMPBWj0qa,FullTime,6,0.7722,1.9098,A
2017-04-08,LA Galaxy,CF Montréal,2,0,2017,vzqoL26BQa,FullTime,6,1.1812,0.6037,H
2017-04-08,Chicago Fire,Columbus Crew,1,0,2017,2lqRgG4xQr,FullTime,6,0.8235,0.9398,H
2017-04-08,New England Revolution,Houston Dynamo,2,0,2017,315VnoJV59,FullTime,6,1.025,0.1735,H
2017-04-08,D.C. United,New York City FC,2,1,2017,9z5kAKmKQA,FullTime,6,1.0062,1.0632,H
2017-04-09,Real Salt Lake,Vancouver Whitecaps,3,0,2017,Pk5LnJlDQO,FullTime,6,2.5214,0.7194,H
2017-04-09,San Jose Earthquakes,Seattle Sounders,1,1,2017,gjMNw3Xp5K,FullTime,6,1.7583,1.3237,D
2017-04-09,Orlando City,New York Red Bulls,1,0,2017,eV5DwN6JMK,FullTime,6,1.3493,1.2768,H
2017-04-09,Sporting Kansas City,Colorado Rapids,3,1,2017,7vQ74W8DMD,FullTime,6,1.0879,1.3407,H
2017-04-09,FC Dallas,Minnesota United,2,0,2017,wvq9JG2mQW,FullTime,6,1.6547,0.7971,H
2017-04-14,Philadelphia Union,New York City FC,0,2,2017,2vQ1Xl9wqr,FullTime,7,1.0813,1.7158,A
2017-04-15,Chicago Fire,New England Revolution,3,0,2017,Vj58Xger58,FullTime,7,1.2549,0.2565,H
2017-04-15,New York Red Bulls,D.C. United,2,0,2017,NPqxPXdZq9,FullTime,7,1.5183,0.8434,H
2017-04-15,CF Montréal,Atlanta United,2,1,2017,9vQ2X8Vx5K,FullTime,7,2.6455,0.3491,H
2017-04-15,San Jose Earthquakes,FC Dallas,1,1,2017,a35reXkwML,FullTime,7,1.5258,1.2822,D
2017-04-15,Vancouver Whitecaps,Seattle Sounders,2,1,2017,OlMlKawRQL,FullTime,7,1.1948,1.341,H
2017-04-15,Orlando City,LA Galaxy,2,1,2017,aDQ0EroRME,FullTime,7,1.7392,2.021,H
2017-04-16,Columbus Crew,Toronto FC,2,1,2017,KXMexY01Q6,FullTime,7,1.4295,1.3325,H
2017-04-16,Houston Dynamo,Minnesota United,2,2,2017,odMXw9WoQY,FullTime,7,1.7502,1.3776,D
2017-04-16,Colorado Rapids,Real Salt Lake,1,2,2017,9Yqdx82mqv,FullTime,7,0.9971,1.3849,A
2017-04-16,Portland Timbers,Sporting Kansas City,0,1,2017,KPqjxAEEM6,FullTime,7,0.808,0.9166,A
2017-04-19,New England Revolution,San Jose Earthquakes,0,0,2017,xW5pLV665g,FullTime,8,1.3337,1.3612,D
2017-04-21,Toronto FC,Chicago Fire,3,1,2017,kRQapd6bqK,FullTime,8,0.803,0.6853,H
2017-04-22,Philadelphia Union,CF Montréal,3,3,2017,XVqKOBj2q0,FullTime,8,2.9853,1.6288,D
2017-04-22,Houston Dynamo,San Jose Earthquakes,2,0,2017,4wM4XGxlMj,FullTime,8,2.0052,0.6085,H
2017-04-22,Portland Timbers,Vancouver Whitecaps,2,1,2017,p6qbxJL3M0,FullTime,8,1.0871,2.5497,H
2017-04-22,New England Revolution,D.C. United,2,2,2017,zeQZByYjQK,FullTime,8,1.6736,1.0137,D
2017-04-22,New York Red Bulls,Columbus Crew,2,0,2017,BLMvLD07qx,FullTime,8,3.4135,0.8869,H
2017-04-23,Minnesota United,Colorado Rapids,1,0,2017,e7MzR8p7Mr,FullTime,8,0.9028,1.049,H
2017-04-23,LA Galaxy,Seattle Sounders,0,3,2017,N6MmLRrLQE,FullTime,8,0.9017,1.6585,A
2017-04-23,New York City FC,Orlando City,1,2,2017,Xj5Y3NZEQb,FullTime,8,0.6893,0.752,A
2017-04-23,FC Dallas,Sporting Kansas City,1,0,2017,4JMAO7v9qK,FullTime,8,1.512,0.6445,H
2017-04-23,Real Salt Lake,Atlanta United,1,3,2017,ljqE3lANMx,FullTime,8,0.421,1.6809,A
2017-04-28,Toronto FC,Houston Dynamo,2,0,2017,jYQJ63DdQG,FullTime,9,0.9759,1.2377,H
2017-04-29,CF Montréal,Vancouver Whitecaps,1,2,2017,7VqGWdVYqv,FullTime,9,0.8015,1.3722,A
2017-04-29,Orlando City,Colorado Rapids,2,0,2017,gpMO36O7Mz,FullTime,9,2.015,0.1112,H
2017-04-29,Columbus Crew,New York City FC,2,3,2017,Oa5wx1LWq1,FullTime,9,1.0154,2.011,A
2017-04-29,New York Red Bulls,Chicago Fire,2,1,2017,0Oq64O8zM6,FullTime,9,0.8561,1.7041,H
2017-04-30,FC Dallas,Portland Timbers,2,2,2017,eVq3XgkwQW,FullTime,9,1.4079,0.4902,D
2017-04-30,Minnesota United,San Jose Earthquakes,0,1,2017,0x5g0geRq7,FullTime,9,0.5468,1.8682,A
2017-04-30,Sporting Kansas City,Real Salt Lake,3,0,2017,KAqBnDLZqb,FullTime,9,1.5157,0.5857,H
2017-04-30,Seattle Sounders,New England Revolution,3,3,2017,gOMny9rBQw,FullTime,9,2.5401,1.7361,D
2017-04-30,LA Galaxy,Philadelphia Union,0,0,2017,NWMWJPEZQl,FullTime,9,0.8901,0.6494,D
2017-04-30,Atlanta United,D.C. United,1,3,2017,vzqoLk9BQa,FullTime,9,2.7582,0.9451,A
2017-05-03,Toronto FC,Orlando City,2,1,2017,jYQJ63DEQG,FullTime,10,0.5876,1.029,H
2017-05-04,Sporting Kansas City,New York Red Bulls,2,0,2017,2lqRgoZxQr,FullTime,10,1.7712,0.3383,H
2017-05-06,Columbus Crew,New England Revolution,2,0,2017,eVq3XgkgQW,FullTime,10,0.861,2.0894,H
2017-05-06,Philadelphia Union,New York Red Bulls,3,0,2017,7VqGWdVXqv,FullTime,10,2.1678,2.0042,H
2017-05-06,Seattle Sounders,Toronto FC,0,1,2017,gOMny9rxQw,FullTime,10,0.7934,1.6706,A
2017-05-06,Colorado Rapids,Vancouver Whitecaps,0,1,2017,Oa5wx1LXq1,FullTime,10,0.5574,0.6571,A
2017-05-06,D.C. United,CF Montréal,0,1,2017,KAqBnDL7qb,FullTime,10,0.9938,0.7608,A
2017-05-07,Houston Dynamo,Orlando City,4,0,2017,NWMWJPEzQl,FullTime,10,2.2026,0.5551,H
2017-05-07,Real Salt Lake,FC Dallas,0,3,2017,0Oq64O87M6,FullTime,10,1.1368,2.4814,A
2017-05-07,San Jose Earthquakes,Portland Timbers,3,0,2017,gpMO36ORMz,FullTime,10,1.5689,0.7565,H
2017-05-07,LA Galaxy,Chicago Fire,2,2,2017,0x5g0gejq7,FullTime,10,1.8168,1.4835,D
2017-05-07,Minnesota United,Sporting Kansas City,2,0,2017,vzqoLk9vQa,FullTime,10,0.8293,1.3709,H
2017-05-07,New York City FC,Atlanta United,3,1,2017,2lqRgoZDQr,FullTime,10,3.0615,0.495,H
2017-05-10,Columbus Crew,Toronto FC,1,2,2017,wvq9JRalQW,FullTime,11,1.6361,1.7373,A
2017-05-13,Orlando City,Sporting Kansas City,2,2,2017,7vQ74na8MD,FullTime,11,0.8033,1.5631,D
2017-05-13,D.C. United,Philadelphia Union,0,4,2017,Pk5LnWmPQO,FullTime,11,0.5057,2.182,A
2017-05-13,New England Revolution,Real Salt Lake,4,0,2017,raMyRlLJ5d,FullTime,11,2.1894,0.5551,H
2017-05-13,Colorado Rapids,San Jose Earthquakes,3,0,2017,EGMPBOe3qa,FullTime,11,1.3986,0.7363,H
2017-05-13,Toronto FC,Minnesota United,3,2,2017,eV5Dwr0mMK,FullTime,11,2.5962,2.2448,H
2017-05-13,CF Montréal,Columbus Crew,2,3,2017,gjMNwGn45K,FullTime,11,2.8054,1.9639,A
2017-05-13,Houston Dynamo,Vancouver Whitecaps,2,1,2017,9z5kAn9YQA,FullTime,11,2.6388,1.0419,H
2017-05-14,New York Red Bulls,LA Galaxy,1,3,2017,a35reLlKML,FullTime,11,1.373,1.443,A
2017-05-14,Chicago Fire,Seattle Sounders,4,1,2017,315VnVZG59,FullTime,11,2.4896,0.9306,H
2017-05-14,Portland Timbers,Atlanta United,1,1,2017,OlMlKorAQL,FullTime,11,0.8119,0.5577,D
2017-05-15,FC Dallas,New York City FC,1,1,2017,2vQ1XBLLqr,FullTime,11,1.1007,1.3827,D
2017-05-17,Philadelphia Union,Houston Dynamo,2,0,2017,odMXwL8GQY,FullTime,12,1.2888,0.9425,H
2017-05-18,Chicago Fire,Colorado Rapids,3,0,2017,Vj58XoYw58,FullTime,12,0.8548,1.0417,H
2017-05-18,Sporting Kansas City,Seattle Sounders,3,0,2017,9Yqdx3koqv,FullTime,12,1.3018,1.24,H
2017-05-18,Real Salt Lake,New York City FC,2,1,2017,KXMexBO3Q6,FullTime,12,1.1899,1.0087,H
2017-05-18,San Jose Earthquakes,Orlando City,1,1,2017,9vQ2XWde5K,FullTime,12,0.8668,1.1988,D
2017-05-19,New York Red Bulls,Toronto FC,1,1,2017,NPqxPrmYq9,FullTime,12,1.0106,2.0312,D
2017-05-20,Atlanta United,Houston Dynamo,4,1,2017,aDQ0E3aEME,FullTime,12,1.6452,1.3782,H
2017-05-20,Vancouver Whitecaps,Sporting Kansas City,2,0,2017,zeQZByJNQK,FullTime,12,1.9457,0.7706,H
2017-05-20,Philadelphia Union,Colorado Rapids,2,1,2017,4JMAO7aPqK,FullTime,12,1.3419,0.1664,H
2017-05-20,D.C. United,Chicago Fire,0,1,2017,xW5pLVx05g,FullTime,12,0.6652,1.859,A
2017-05-20,CF Montréal,Portland Timbers,4,1,2017,kRQapdbOqK,FullTime,12,1.4583,1.061,H
2017-05-20,Seattle Sounders,Real Salt Lake,1,0,2017,4wM4XG2BMj,FullTime,12,2.577,0.6573,H
2017-05-21,New England Revolution,Columbus Crew,2,1,2017,BLMvLDl8qx,FullTime,12,1.0592,0.9717,H
2017-05-21,FC Dallas,San Jose Earthquakes,0,1,2017,KPqjxOoNM6,FullTime,12,1.2523,1.1438,A
2017-05-21,Minnesota United,LA Galaxy,1,2,2017,XVqKOBYNq0,FullTime,12,1.841,0.3824,A
2017-05-21,Orlando City,New York City FC,0,3,2017,p6qbxJeaM0,FullTime,12,1.0564,2.6362,A
2017-05-26,Chicago Fire,FC Dallas,2,1,2017,0Oq64Ol7M6,FullTime,13,1.2803,0.8839,H
2017-05-26,Toronto FC,Columbus Crew,5,0,2017,ljqE3ljYMx,FullTime,13,1.8372,0.4974,H
2017-05-27,New York Red Bulls,New England Revolution,2,1,2017,Oa5wx1YXq1,FullTime,13,1.877,1.6694,H
2017-05-27,Seattle Sounders,Portland Timbers,1,0,2017,NWMWJPXzQl,FullTime,13,0.8112,1.0088,H
2017-05-27,Vancouver Whitecaps,D.C. United,0,1,2017,Xj5Y3N8xQb,FullTime,13,2.3267,0.9637,A
2017-05-28,Real Salt Lake,Philadelphia Union,1,0,2017,eVq3XgagQW,FullTime,13,1.5369,1.02,H
2017-05-28,Colorado Rapids,Sporting Kansas City,1,0,2017,e7MzR89PMr,FullTime,13,0.4054,1.1231,H
2017-05-28,Minnesota United,Orlando City,1,0,2017,N6MmLR7wQE,FullTime,13,1.1113,1.4034,H
2017-05-28,San Jose Earthquakes,LA Galaxy,2,4,2017,KAqBnDj7qb,FullTime,13,1.6028,1.3182,A
2017-05-28,Atlanta United,New York City FC,3,1,2017,0x5g0gPjq7,FullTime,13,0.9488,1.333,H
2017-05-29,FC Dallas,Houston Dynamo,0,0,2017,7VqGWdmXqv,FullTime,13,0.9287,0.5003,D
2017-05-31,New York City FC,New England Revolution,2,2,2017,2lqRgoRDQr,FullTime,14,1.8779,0.8857,D
2017-05-31,Columbus Crew,Seattle Sounders,3,0,2017,gpMO36zRMz,FullTime,14,1.3928,0.3028,H
2017-06-01,Orlando City,D.C. United,2,0,2017,wvq9JRplQW,FullTime,14,1.7207,0.833,H
2017-06-01,Houston Dynamo,Real Salt Lake,5,1,2017,gOMny96xQw,FullTime,14,2.6072,1.0557,H
2017-06-03,New England Revolution,Toronto FC,3,0,2017,315VnVeG59,FullTime,14,2.6221,1.2537,H
2017-06-03,CF Montréal,New York Red Bulls,1,0,2017,7vQ74n38MD,FullTime,14,0.7586,0.8422,H
2017-06-03,D.C. United,LA Galaxy,0,0,2017,gjMNwGv45K,FullTime,14,1.5062,1.2481,D
2017-06-03,Portland Timbers,San Jose Earthquakes,2,0,2017,9z5kAnaYQA,FullTime,14,2.3016,0.2733,H
2017-06-03,Sporting Kansas City,Minnesota United,3,0,2017,raMyRlZJ5d,FullTime,14,3.0667,0.3718,H
2017-06-03,New York City FC,Philadelphia Union,2,1,2017,eV5DwrLmMK,FullTime,14,1.5871,0.5234,H
2017-06-03,Vancouver Whitecaps,Atlanta United,3,1,2017,a35reLKKML,FullTime,14,1.5167,0.7728,H
2017-06-04,FC Dallas,Real Salt Lake,6,2,2017,Pk5LnW1PQO,FullTime,14,2.7938,0.8663,H
2017-06-04,Colorado Rapids,Columbus Crew,2,1,2017,EGMPBOl3qa,FullTime,14,1.7302,1.436,H
2017-06-04,Orlando City,Chicago Fire,0,0,2017,OlMlKo9AQL,FullTime,14,0.1496,1.3812,D
2017-06-05,Seattle Sounders,Houston Dynamo,1,0,2017,2vQ1XBNLqr,FullTime,14,1.5612,0.541,H
2017-06-10,Chicago Fire,Atlanta United,2,0,2017,Vj58XoBw58,FullTime,15,2.2083,0.9233,H
2017-06-11,Sporting Kansas City,CF Montréal,1,1,2017,9Yqdx36oqv,FullTime,15,1.4676,1.0868,D
2017-06-11,Portland Timbers,FC Dallas,2,0,2017,KXMexBk3Q6,FullTime,15,1.9088,1.0178,H
2017-06-17,Orlando City,CF Montréal,3,3,2017,KPqjxO7NM6,FullTime,16,1.5825,1.2486,D
2017-06-17,Atlanta United,Columbus Crew,3,1,2017,odMXwLRGQY,FullTime,16,1.0073,1.1833,H
2017-06-17,New York City FC,Seattle Sounders,2,1,2017,aDQ0E3PEME,FullTime,16,2.3386,1.1742,H
2017-06-17,New England Revolution,Chicago Fire,1,2,2017,NPqxPreYq9,FullTime,16,3.3858,1.396,A
2017-06-18,San Jose Earthquakes,Sporting Kansas City,0,0,2017,kRQapd2OqK,FullTime,16,0.2065,1.5933,D
2017-06-18,Colorado Rapids,Portland Timbers,2,1,2017,zeQZBy7NQK,FullTime,16,1.2222,0.9172,H
2017-06-18,Real Salt Lake,Minnesota United,1,0,2017,xW5pLVr05g,FullTime,16,2.7534,0.2681,H
2017-06-18,Vancouver Whitecaps,FC Dallas,1,1,2017,4wM4XGaBMj,FullTime,16,0.4106,1.1627,D
2017-06-18,LA Galaxy,Houston Dynamo,2,2,2017,9vQ2XW2e5K,FullTime,16,1.9892,1.3039,D
2017-06-18,Philadelphia Union,New York Red Bulls,0,2,2017,BLMvLDz8qx,FullTime,16,0.4595,1.9286,A
2017-06-18,Toronto FC,D.C. United,2,0,2017,4JMAO79PqK,FullTime,16,1.6129,0.5686,H
2017-06-21,D.C. United,Atlanta United,2,1,2017,p6qbxJOaM0,FullTime,17,1.8136,1.5062,H
2017-06-22,Minnesota United,Portland Timbers,3,2,2017,ljqE3l2YMx,FullTime,17,0.9608,1.6767,H
2017-06-22,Colorado Rapids,LA Galaxy,1,3,2017,XVqKOBWNq0,FullTime,17,1.5226,1.6898,A
2017-06-22,Seattle Sounders,Orlando City,1,1,2017,e7MzR8lPMr,FullTime,17,0.9486,1.0396,D
2017-06-24,Philadelphia Union,D.C. United,1,0,2017,7VqGWdjXqv,FullTime,17,0.6182,1.346,H
2017-06-24,Columbus Crew,CF Montréal,4,1,2017,eVq3XgjgQW,FullTime,17,1.1171,0.9845,H
2017-06-24,Atlanta United,Colorado Rapids,1,0,2017,jYQJ63zEQG,FullTime,17,2.1014,0.7005,H
2017-06-24,Houston Dynamo,FC Dallas,1,1,2017,N6MmLRewQE,FullTime,17,0.7562,0.8317,D
2017-06-24,New York Red Bulls,New York City FC,0,2,2017,0x5g0g2jq7,FullTime,17,0.361,0.8115,A
2017-06-24,Toronto FC,New England Revolution,2,0,2017,Xj5Y3N6xQb,FullTime,17,1.8863,0.652,H
2017-06-25,Minnesota United,Vancouver Whitecaps,2,2,2017,NWMWJPVzQl,FullTime,17,1.5094,1.4722,D
2017-06-25,Chicago Fire,Orlando City,4,0,2017,Oa5wx1VXq1,FullTime,17,3.7196,0.0866,H
2017-06-25,LA Galaxy,Sporting Kansas City,1,2,2017,KAqBnD97qb,FullTime,17,1.2178,1.0366,A
2017-06-25,San Jose Earthquakes,Real Salt Lake,2,1,2017,0Oq64Ow7M6,FullTime,17,1.4642,0.8526,H
2017-06-26,Portland Timbers,Seattle Sounders,2,2,2017,gpMO36aRMz,FullTime,17,1.607,0.6225,D
2017-06-29,New York City FC,Minnesota United,3,1,2017,gOMny9RxQw,FullTime,18,1.4555,1.3113,H
2017-07-01,Real Salt Lake,Orlando City,0,1,2017,vzqoLk7vQa,FullTime,18,0.7184,1.0145,A
2017-07-01,FC Dallas,Toronto FC,3,1,2017,eVq3XgjnQW,FullTime,18,1.543,1.503,H
2017-07-01,CF Montréal,D.C. United,2,0,2017,NWMWJPVeQl,FullTime,18,1.4525,1.5462,H
2017-07-01,Sporting Kansas City,Portland Timbers,1,1,2017,KAqBnD9Xqb,FullTime,18,0.3981,1.4611,D
2017-07-01,Chicago Fire,Vancouver Whitecaps,4,0,2017,2lqRgokDQr,FullTime,18,2.0191,0.3261,H
2017-07-01,Columbus Crew,Atlanta United,0,2,2017,Oa5wx1VBq1,FullTime,18,0.8775,1.251,A
2017-07-02,Philadelphia Union,New England Revolution,3,0,2017,7VqGWdjAqv,FullTime,18,1.5187,0.7867,H
2017-07-02,Colorado Rapids,Houston Dynamo,3,1,2017,jYQJ63zWQG,FullTime,18,1.3896,1.7788,H
2017-07-02,San Jose Earthquakes,LA Galaxy,2,1,2017,0x5g0g27q7,FullTime,18,1.1868,0.441,H
2017-07-04,Minnesota United,Columbus Crew,0,1,2017,2lqRgo22Qr,FullTime,19,0.614,1.483,A
2017-07-04,Atlanta United,San Jose Earthquakes,4,2,2017,0Oq64OwrM6,FullTime,19,2.0961,1.283,H
2017-07-05,FC Dallas,D.C. United,4,2,2017,gOMny9P6Qw,FullTime,19,2.293,0.7113,H
2017-07-05,Colorado Rapids,Seattle Sounders,1,3,2017,gpMO369OMz,FullTime,19,3.0316,1.0015,A
2017-07-05,LA Galaxy,Real Salt Lake,2,6,2017,vzqoLkP7Qa,FullTime,19,1.8982,3.3985,A
2017-07-05,Orlando City,Toronto FC,1,3,2017,EGMPBOkrqa,FullTime,19,0.7229,1.2363,A
2017-07-05,New England Revolution,New York Red Bulls,2,3,2017,315VnV4759,FullTime,19,3.0808,1.7781,A
2017-07-06,Portland Timbers,Chicago Fire,2,2,2017,wvq9JRW3QW,FullTime,19,2.0323,0.3024,D
2017-07-06,Houston Dynamo,CF Montréal,3,1,2017,9z5kAnRbQA,FullTime,19,1.741,0.6397,H
2017-07-06,Vancouver Whitecaps,New York City FC,3,2,2017,Pk5LnWkZQO,FullTime,19,1.5937,2.9114,H
2017-07-07,Sporting Kansas City,Philadelphia Union,1,1,2017,gjMNwG1Y5K,FullTime,19,1.3006,1.2999,D
2017-07-19,CF Montréal,Philadelphia Union,2,1,2017,eV5DwrVZMK,FullTime,20,0.6914,1.026,H
2017-07-19,New York City FC,Toronto FC,2,2,2017,a35reLPbML,FullTime,20,1.4313,2.5107,D
2017-07-19,New York Red Bulls,San Jose Earthquakes,5,1,2017,2vQ1XBZ8qr,FullTime,20,1.2344,1.0614,H
2017-07-20,Portland Timbers,Real Salt Lake,1,4,2017,OlMlKoAyQL,FullTime,20,1.2006,2.7814,A
2017-07-20,LA Galaxy,Vancouver Whitecaps,0,1,2017,raMyRlmR5d,FullTime,20,0.9078,0.8642,A
2017-07-20,Minnesota United,Houston Dynamo,0,0,2017,7vQ74nYdMD,FullTime,20,0.511,2.5508,D
2017-07-20,Seattle Sounders,D.C. United,4,3,2017,Vj58Xoy858,FullTime,20,2.0204,1.77,H
2017-07-21,Orlando City,Atlanta United,0,1,2017,9Yqdx3aOqv,FullTime,20,1.0297,0.4738,A
2017-07-22,New York City FC,Chicago Fire,2,1,2017,KPqjxORPM6,FullTime,20,1.5213,1.629,H
2017-07-22,Minnesota United,New York Red Bulls,0,3,2017,9vQ2XWjo5K,FullTime,20,0.7843,1.9195,A
2017-07-22,D.C. United,Houston Dynamo,1,3,2017,odMXwLJaQY,FullTime,20,1.2792,1.1544,A
2017-07-22,Toronto FC,Colorado Rapids,1,1,2017,4JMAO7d7qK,FullTime,20,1.5306,0.5479,D
2017-07-22,New England Revolution,LA Galaxy,4,3,2017,aDQ0E3jvME,FullTime,20,1.3709,2.2694,H
2017-07-22,CF Montréal,FC Dallas,1,2,2017,NPqxPrykq9,FullTime,20,0.9086,1.9478,A
2017-07-22,Columbus Crew,Philadelphia Union,1,0,2017,KXMexB76Q6,FullTime,20,0.6917,0.2191,H
2017-07-23,Real Salt Lake,Sporting Kansas City,1,1,2017,xW5pLVkB5g,FullTime,20,1.5947,1.3726,D
2017-07-23,Vancouver Whitecaps,Portland Timbers,1,2,2017,4wM4XGlgMj,FullTime,20,1.9267,1.1069,A
2017-07-24,Seattle Sounders,San Jose Earthquakes,3,0,2017,kRQapdn1qK,FullTime,20,2.4876,1.0307,H
2017-07-26,Philadelphia Union,Columbus Crew,3,0,2017,zeQZBy3zQK,FullTime,21,3.241,0.8949,H
2017-07-29,New England Revolution,Philadelphia Union,3,0,2017,N6MmLRlvQE,FullTime,21,2.412,0.6028,H
2017-07-29,New York Red Bulls,CF Montréal,4,0,2017,Xj5Y3NwXQb,FullTime,21,3.8168,0.3262,H
2017-07-29,Atlanta United,Orlando City,1,1,2017,eVq3XgpnQW,FullTime,21,1.6341,0.5206,D
2017-07-30,Sporting Kansas City,Chicago Fire,3,2,2017,p6qbxJX4M0,FullTime,21,2.6104,1.1295,H
2017-07-30,Real Salt Lake,Columbus Crew,2,2,2017,jYQJ638WQG,FullTime,21,2.6171,2.2673,D
2017-07-30,Minnesota United,D.C. United,4,0,2017,e7MzR8mOMr,FullTime,21,0.5198,1.3345,H
2017-07-30,Houston Dynamo,Portland Timbers,2,2,2017,XVqKOBdwq0,FullTime,21,1.5471,1.7272,D
2017-07-30,San Jose Earthquakes,Colorado Rapids,1,0,2017,Oa5wx1OBq1,FullTime,21,1.5747,0.3375,H
2017-07-30,FC Dallas,Vancouver Whitecaps,0,4,2017,BLMvLDPjqx,FullTime,21,0.7581,1.6178,A
2017-07-30,LA Galaxy,Seattle Sounders,0,0,2017,ljqE3lDwMx,FullTime,21,0.6652,0.9757,D
2017-07-30,Toronto FC,New York City FC,4,0,2017,KAqBnDVXqb,FullTime,21,1.5068,1.52,H
2017-08-05,Philadelphia Union,FC Dallas,3,1,2017,gOMny926Qw,FullTime,22,1.8324,2.6446,H
2017-08-05,D.C. United,Toronto FC,1,1,2017,7VqGWdNAqv,FullTime,22,0.3205,1.0957,D
2017-08-05,CF Montréal,Orlando City,2,1,2017,gpMO36rOMz,FullTime,22,1.7401,0.9435,H
2017-08-06,New York City FC,New York Red Bulls,3,2,2017,9z5kAnObQA,FullTime,22,2.4518,1.2953,H
2017-08-06,San Jose Earthquakes,Columbus Crew,2,1,2017,2lqRgoP2Qr,FullTime,22,2.0989,0.7686,H
2017-08-06,Portland Timbers,LA Galaxy,3,1,2017,315VnVk759,FullTime,22,1.2317,0.9828,H
2017-08-06,Real Salt Lake,Houston Dynamo,0,0,2017,vzqoLkG7Qa,FullTime,22,1.5327,0.678,D
2017-08-06,Chicago Fire,New England Revolution,4,1,2017,NWMWJP8eQl,FullTime,22,0.5921,0.467,H
2017-08-06,Minnesota United,Seattle Sounders,0,4,2017,0Oq64OxrM6,FullTime,22,1.2164,2.8287,A
2017-08-06,Colorado Rapids,Vancouver Whitecaps,2,2,2017,0x5g0go7q7,FullTime,22,1.2161,1.2115,D
2017-08-07,Sporting Kansas City,Atlanta United,1,1,2017,wvq9JR33QW,FullTime,22,1.4779,0.842,D
2017-08-12,Seattle Sounders,Sporting Kansas City,1,0,2017,a35reLrbML,FullTime,23,1.1781,0.3197,H
2017-08-12,Toronto FC,Portland Timbers,4,1,2017,OlMlKonyQL,FullTime,23,1.6951,1.1986,H
2017-08-12,New York Red Bulls,Orlando City,3,1,2017,eV5DwraZMK,FullTime,23,1.4172,1.0121,H
2017-08-12,Columbus Crew,Chicago Fire,3,1,2017,EGMPBO1rqa,FullTime,23,2.0304,0.5909,H
2017-08-13,FC Dallas,Colorado Rapids,0,0,2017,Pk5LnW7ZQO,FullTime,23,1.6547,0.2329,D
2017-08-13,New England Revolution,Vancouver Whitecaps,1,0,2017,7vQ74nJdMD,FullTime,23,0.7485,1.2821,H
2017-08-13,Philadelphia Union,CF Montréal,0,3,2017,2vQ1XBj8qr,FullTime,23,0.9442,1.2475,A
2017-08-13,Houston Dynamo,San Jose Earthquakes,3,0,2017,raMyRlyR5d,FullTime,23,3.1082,1.1627,H
2017-08-13,LA Galaxy,New York City FC,0,2,2017,9Yqdx3YOqv,FullTime,23,2.5407,0.4223,A
2017-08-13,D.C. United,Real Salt Lake,0,1,2017,gjMNwGeY5K,FullTime,23,1.0682,0.8435,A
2017-08-16,CF Montréal,Chicago Fire,3,0,2017,jYQJ631EQG,FullTime,24,1.9995,0.5501,H
2017-08-19,CF Montréal,Real Salt Lake,3,1,2017,aDQ0E3LvME,FullTime,24,1.8875,1.9477,H
2017-08-19,Portland Timbers,New York Red Bulls,2,0,2017,4wM4XGZgMj,FullTime,24,0.5744,0.9789,H
2017-08-19,Orlando City,Columbus Crew,1,1,2017,xW5pLVdB5g,FullTime,24,1.0922,0.8002,D
2017-08-20,Chicago Fire,Toronto FC,1,3,2017,odMXwLPaQY,FullTime,24,1.2805,2.3356,A
2017-08-20,Sporting Kansas City,FC Dallas,2,0,2017,NPqxPrnkq9,FullTime,24,0.5885,0.8222,H
2017-08-20,Colorado Rapids,D.C. United,0,1,2017,9vQ2XW9o5K,FullTime,24,2.2679,0.9628,A
2017-08-20,Vancouver Whitecaps,Houston Dynamo,2,1,2017,4JMAO7L7qK,FullTime,24,1.4414,1.2519,H
2017-08-20,San Jose Earthquakes,Philadelphia Union,2,2,2017,kRQapde1qK,FullTime,24,1.6381,0.733,D
2017-08-20,New York City FC,New England Revolution,2,1,2017,KPqjxO6PM6,FullTime,24,1.2439,1.7476,H
2017-08-21,Seattle Sounders,Minnesota United,2,1,2017,zeQZByjzQK,FullTime,24,2.3574,1.2727,H
2017-08-23,D.C. United,Atlanta United,1,0,2017,p6qbxJR4M0,FullTime,25,1.2503,0.6742,H
2017-08-23,Columbus Crew,LA Galaxy,2,0,2017,BLMvLDkjqx,FullTime,25,3.2282,0.2914,H
2017-08-24,FC Dallas,Houston Dynamo,3,3,2017,XVqKOBGwq0,FullTime,25,1.9248,1.6089,D
2017-08-24,Toronto FC,Philadelphia Union,3,0,2017,N6MmLRKvQE,FullTime,25,0.5828,0.8274,H
2017-08-24,Real Salt Lake,San Jose Earthquakes,4,0,2017,e7MzR8AOMr,FullTime,25,2.3078,0.8919,H
2017-08-24,Vancouver Whitecaps,Seattle Sounders,1,1,2017,Xj5Y3NLXQb,FullTime,25,0.9553,2.7857,D
2017-08-24,Portland Timbers,Colorado Rapids,2,1,2017,ljqE3lVwMx,FullTime,25,1.8622,0.6705,H
2017-08-25,New York Red Bulls,New York City FC,1,1,2017,jYQJ63BWQG,FullTime,25,2.6907,0.7419,D
2017-08-26,Columbus Crew,FC Dallas,2,1,2017,eVq3Xg2nQW,FullTime,25,1.1974,0.7789,H
2017-08-26,Orlando City,Vancouver Whitecaps,1,2,2017,0x5g0g67q7,FullTime,25,1.8389,0.6401,A
2017-08-26,Philadelphia Union,Atlanta United,2,2,2017,7VqGWdJAqv,FullTime,25,1.2908,1.2516,D
2017-08-26,D.C. United,New England Revolution,1,0,2017,KAqBnDeXqb,FullTime,25,1.9241,1.2815,H
2017-08-27,LA Galaxy,San Jose Earthquakes,0,3,2017,gOMny9l6Qw,FullTime,25,0.9999,2.6942,A
2017-08-27,Chicago Fire,Minnesota United,1,2,2017,Oa5wx1nBq1,FullTime,25,1.8647,1.4783,A
2017-08-27,Real Salt Lake,Colorado Rapids,4,1,2017,0Oq64OErM6,FullTime,25,3.2731,1.1015,H
2017-08-27,CF Montréal,Toronto FC,1,3,2017,gpMO36oOMz,FullTime,25,0.6553,1.1607,A
2017-08-28,Seattle Sounders,Portland Timbers,1,1,2017,vzqoLkd7Qa,FullTime,25,2.0354,1.5357,D
2017-09-02,New England Revolution,Orlando City,4,0,2017,ljqE3yPkMx,FullTime,2,2.6609,0.5578,H
2017-09-02,CF Montréal,Chicago Fire,0,1,2017,jYQJ63aBQG,FullTime,26,0.8728,0.5733,A
2017-09-03,FC Dallas,New York Red Bulls,2,2,2017,2lqRgoj2Qr,FullTime,26,2.4259,0.5916,D
2017-09-03,LA Galaxy,Colorado Rapids,3,0,2017,vzqoLkrvQa,FullTime,14,2.1569,0.7138,H
2017-09-06,New York City FC,Sporting Kansas City,1,0,2017,Oa5wx1AAq1,FullTime,27,1.1418,0.5047,H
2017-09-09,Chicago Fire,New York Red Bulls,1,1,2017,KAqBnDNvqb,FullTime,27,1.3315,0.7618,D
2017-09-09,Toronto FC,San Jose Earthquakes,4,0,2017,gOMny9lOQw,FullTime,27,2.7877,0.2286,H
2017-09-09,New York City FC,Portland Timbers,0,1,2017,gpMO36o2Mz,FullTime,27,1.2738,1.745,A
2017-09-09,D.C. United,Orlando City,1,2,2017,NWMWJPljQl,FullTime,27,1.6447,1.57,A
2017-09-09,New England Revolution,CF Montréal,1,0,2017,0Oq64O3dM6,FullTime,27,0.9499,0.4289,H
2017-09-10,Columbus Crew,Sporting Kansas City,1,1,2017,2lqRgojAQr,FullTime,27,1.7847,1.4079,D
2017-09-10,Atlanta United,FC Dallas,3,0,2017,eVq3XgxyQW,FullTime,27,2.992,1.2642,H
2017-09-10,Houston Dynamo,Colorado Rapids,0,1,2017,0x5g0gLbq7,FullTime,27,1.1437,1.1491,A
2017-09-10,Vancouver Whitecaps,Real Salt Lake,3,2,2017,vzqoLkdZQa,FullTime,27,1.6302,1.0355,H
2017-09-10,Minnesota United,Philadelphia Union,1,1,2017,7VqGWd0Wqv,FullTime,27,1.2482,1.457,D
2017-09-11,Seattle Sounders,LA Galaxy,1,1,2017,wvq9JRe7QW,FullTime,27,1.6014,0.4326,D
2017-09-13,Atlanta United,New England Revolution,7,0,2017,9z5kAnbPQA,FullTime,28,3.4064,0.0,H
2017-09-14,Vancouver Whitecaps,Minnesota United,3,0,2017,315VnVPE59,FullTime,28,2.5333,0.8583,H
2017-09-16,Atlanta United,Orlando City,3,3,2017,EGMPBOZ4qa,FullTime,28,2.0917,1.0351,D
2017-09-16,Vancouver Whitecaps,Columbus Crew,2,2,2017,Vj58XoWJ58,FullTime,28,1.4925,0.9699,D
2017-09-16,CF Montréal,Minnesota United,2,3,2017,2vQ1XB4lqr,FullTime,28,1.7786,1.5848,A
2017-09-17,New York Red Bulls,Philadelphia Union,0,0,2017,9Yqdx3ojqv,FullTime,28,1.3781,0.3417,D
2017-09-17,Chicago Fire,D.C. United,3,0,2017,Pk5LnWeLQO,FullTime,28,2.6706,0.7247,H
2017-09-17,Sporting Kansas City,New England Revolution,3,1,2017,7vQ74nBEMD,FullTime,28,2.1655,0.2443,H
2017-09-17,Colorado Rapids,New York City FC,1,1,2017,gjMNwGjk5K,FullTime,28,0.8698,0.7652,D
2017-09-17,Real Salt Lake,Portland Timbers,2,1,2017,a35reLyLML,FullTime,28,2.5972,0.8342,H
2017-09-17,LA Galaxy,Toronto FC,0,4,2017,eV5DwrzEMK,FullTime,28,0.2289,1.9561,A
2017-09-17,San Jose Earthquakes,Houston Dynamo,1,0,2017,OlMlKoeEQL,FullTime,28,1.3736,1.0868,H
2017-09-17,FC Dallas,Seattle Sounders,0,0,2017,raMyRlrk5d,FullTime,28,0.6179,0.2561,D
2017-09-20,Toronto FC,CF Montréal,3,5,2017,KXMexB8XQ6,FullTime,29,1.1628,2.7251,A
2017-09-20,Atlanta United,LA Galaxy,4,0,2017,KXMexBR6Q6,FullTime,24,2.3644,0.69,H
2017-09-23,Columbus Crew,New York Red Bulls,3,2,2017,9vQ2XWZY5K,FullTime,29,1.3845,1.2124,H
2017-09-23,D.C. United,San Jose Earthquakes,4,0,2017,NPqxPrxGq9,FullTime,29,2.1724,0.7741,H
2017-09-23,New York City FC,Houston Dynamo,1,1,2017,xW5pLVyG5g,FullTime,29,1.8003,1.1869,D
2017-09-23,New England Revolution,Toronto FC,2,1,2017,KPqjxOKnM6,FullTime,29,1.1186,0.3662,H
2017-09-23,Philadelphia Union,Chicago Fire,3,1,2017,kRQapdomqK,FullTime,29,1.8655,1.0423,H
2017-09-24,Minnesota United,FC Dallas,4,1,2017,aDQ0E3NBME,FullTime,29,2.0865,2.9648,H
2017-09-24,Real Salt Lake,Seattle Sounders,2,0,2017,4JMAO7olqK,FullTime,29,1.178,0.8166,H
2017-09-24,Vancouver Whitecaps,Colorado Rapids,2,1,2017,4wM4XGJkMj,FullTime,29,2.5119,1.124,H
2017-09-24,Sporting Kansas City,LA Galaxy,2,1,2017,zeQZByXxQK,FullTime,29,1.2065,0.5014,H
2017-09-24,Atlanta United,CF Montréal,2,0,2017,odMXwL7rQY,FullTime,29,1.7492,0.2455,H
2017-09-25,Portland Timbers,Orlando City,3,0,2017,BLMvLD7Aqx,FullTime,29,3.6079,0.764,H
2017-09-27,Atlanta United,Philadelphia Union,3,0,2017,p6qbxJo8M0,FullTime,30,1.6033,0.4302,H
2017-09-27,Orlando City,New England Revolution,6,1,2017,Xj5Y3N4wQb,FullTime,30,2.4443,0.9394,H
2017-09-27,CF Montréal,New York City FC,0,1,2017,XVqKOBeKq0,FullTime,30,0.4525,2.1576,A
2017-09-27,New York Red Bulls,D.C. United,3,3,2017,N6MmLRWeQE,FullTime,30,2.294,0.9214,D
2017-09-28,Seattle Sounders,Vancouver Whitecaps,3,0,2017,Oa5wx1dAq1,FullTime,30,1.3226,0.4823,H
2017-09-28,San Jose Earthquakes,Chicago Fire,1,4,2017,jYQJ63gBQG,FullTime,30,2.3867,2.9226,A
2017-09-28,Houston Dynamo,LA Galaxy,3,3,2017,e7MzR8Z9Mr,FullTime,30,2.7817,0.5562,D
2017-09-28,FC Dallas,Colorado Rapids,2,0,2017,ljqE3lJAMx,FullTime,30,1.3873,0.3848,H
2017-09-30,Orlando City,FC Dallas,0,0,2017,gOMny9YOQw,FullTime,30,0.9,1.18,D
2017-09-30,Toronto FC,New York Red Bulls,4,2,2017,2lqRgo7AQr,FullTime,30,2.7053,1.7117,H
2017-09-30,New England Revolution,Atlanta United,0,0,2017,gpMO36e2Mz,FullTime,30,1.4952,0.979,D
2017-09-30,Columbus Crew,D.C. United,2,0,2017,NWMWJPojQl,FullTime,30,0.821,0.4775,H
2017-10-01,Chicago Fire,New York City FC,1,1,2017,eVq3XgyyQW,FullTime,30,1.0275,1.4733,D
2017-10-01,Houston Dynamo,Minnesota United,2,1,2017,0x5g0gWbq7,FullTime,30,2.509,0.3751,H
2017-10-01,Colorado Rapids,CF Montréal,2,1,2017,KAqBnDkvqb,FullTime,30,0.8029,0.9093,H
2017-10-01,Sporting Kansas City,Vancouver Whitecaps,0,1,2017,7VqGWd3Wqv,FullTime,30,1.8187,1.0209,A
2017-10-01,San Jose Earthquakes,Portland Timbers,2,1,2017,vzqoLkJZQa,FullTime,30,1.6151,1.0988,H
2017-10-01,LA Galaxy,Real Salt Lake,1,1,2017,0Oq64OLdM6,FullTime,30,2.1651,2.1424,D
2017-10-01,Philadelphia Union,Seattle Sounders,2,0,2017,wvq9JRX7QW,FullTime,30,1.0663,0.9544,H
2017-10-03,Atlanta United,Minnesota United,2,3,2017,Vj58Xow858,FullTime,23,0.8514,1.7689,A
2017-10-07,New York Red Bulls,Vancouver Whitecaps,3,0,2017,315VnV7E59,FullTime,31,2.004,0.2103,H
2017-10-08,Colorado Rapids,FC Dallas,1,1,2017,eVq3XJLwQW,FullTime,5,1.1374,0.8994,D
2017-10-08,Minnesota United,Sporting Kansas City,1,1,2017,9z5kAn3PQA,FullTime,31,0.949,1.8774,D
2017-10-12,Houston Dynamo,Sporting Kansas City,2,1,2017,NWMWJPLeQl,FullTime,25,0.8494,1.0104,H
2017-10-15,Orlando City,Columbus Crew,0,1,2017,raMyRlek5d,FullTime,32,0.6305,1.6909,A
2017-10-15,Sporting Kansas City,Houston Dynamo,0,0,2017,2vQ1XBdlqr,FullTime,32,3.3859,1.1382,D
2017-10-15,Portland Timbers,D.C. United,4,0,2017,9Yqdx3wjqv,FullTime,32,3.0473,0.4602,H
2017-10-15,Vancouver Whitecaps,San Jose Earthquakes,1,1,2017,Vj58XolJ58,FullTime,32,1.711,0.9809,D
2017-10-15,LA Galaxy,Minnesota United,3,0,2017,a35reLBLML,FullTime,32,0.3587,0.9434,H
2017-10-15,Seattle Sounders,FC Dallas,4,0,2017,OlMlKoBEQL,FullTime,32,2.2824,0.4976,H
2017-10-15,Toronto FC,CF Montréal,1,0,2017,7vQ74nxEMD,FullTime,32,1.9959,2.3658,H
2017-10-15,Chicago Fire,Philadelphia Union,3,2,2017,EGMPBOR4qa,FullTime,32,1.9562,1.2459,H
2017-10-15,New England Revolution,New York City FC,2,1,2017,Pk5LnW6LQO,FullTime,32,2.6975,0.5688,H
2017-10-15,New York Red Bulls,Atlanta United,0,0,2017,gjMNwG6k5K,FullTime,32,1.332,0.8947,D
2017-10-15,Colorado Rapids,Real Salt Lake,1,0,2017,eV5DwrkEMK,FullTime,32,0.1646,1.9834,H
2017-10-22,San Jose Earthquakes,Minnesota United,3,2,2017,4JMAO7klqK,FullTime,33,2.5171,0.2925,H
2017-10-22,Seattle Sounders,Colorado Rapids,3,0,2017,4wM4XGEkMj,FullTime,33,3.5212,0.9314,H
2017-10-22,CF Montréal,New England Revolution,2,3,2017,9vQ2XW4Y5K,FullTime,33,1.9847,1.2932,A
2017-10-22,FC Dallas,LA Galaxy,5,1,2017,KPqjxOwnM6,FullTime,33,3.4973,0.7134,H
2017-10-22,Atlanta United,Toronto FC,2,2,2017,KXMexB3XQ6,FullTime,33,2.5288,1.2597,D
2017-10-22,Philadelphia Union,Orlando City,6,1,2017,aDQ0E3lBME,FullTime,33,3.3674,1.2147,H
2017-10-22,D.C. United,New York Red Bulls,1,2,2017,odMXwLErQY,FullTime,33,1.7922,2.1378,A
2017-10-22,Real Salt Lake,Sporting Kansas City,2,1,2017,xW5pLVwG5g,FullTime,33,1.3841,1.4259,H
2017-10-22,Houston Dynamo,Chicago Fire,3,0,2017,zeQZByexQK,FullTime,33,2.1209,0.881,H
2017-10-22,New York City FC,Columbus Crew,2,2,2017,NPqxPrAGq9,FullTime,33,2.6792,1.0335,D
2017-10-22,Portland Timbers,Vancouver Whitecaps,2,1,2017,kRQapdWmqK,FullTime,33,1.9303,0.6623,H
2017-10-26,Chicago Fire,New York Red Bulls,0,4,2017,e7MzbR96Mr,FullTime,34,0.9841,2.4587,A
2017-10-26,Vancouver Whitecaps,San Jose Earthquakes,5,0,2017,ljqE73jzMx,FullTime,34,2.27,0.7202,H
2017-10-26,Atlanta United,Columbus Crew,0,0,2017,N6MmVL7Z5E,FullTime,34,2.0071,1.8862,D
2017-10-27,Houston Dynamo,Sporting Kansas City,1,0,2017,p6qbBxeBq0,FullTime,34,2.5752,1.9169,H
2017-10-30,Vancouver Whitecaps,Seattle Sounders,0,0,2017,KAqBmnj45b,FullTime,35,0.3981,0.3886,D
2017-10-30,New York Red Bulls,Toronto FC,1,2,2017,Xj5YE38A5b,FullTime,35,1.6865,0.7869,A
2017-10-31,Houston Dynamo,Portland Timbers,0,0,2017,jYQJw61PMG,FullTime,35,0.3943,0.6614,D
2017-11-01,Columbus Crew,New York City FC,4,1,2017,NWMW2JXKQl,FullTime,35,2.5773,1.783,H
2017-11-03,Seattle Sounders,Vancouver Whitecaps,2,0,2017,Oa5wbxY8M1,FullTime,36,1.6836,0.5386,H
2017-11-05,Toronto FC,New York Red Bulls,0,1,2017,7VqG7Wm6qv,FullTime,36,0.2558,0.6933,A
2017-11-05,New York City FC,Columbus Crew,2,0,2017,eVq3dXaDQW,FullTime,36,1.9307,0.4985,H
2017-11-06,Portland Timbers,Houston Dynamo,1,2,2017,0x5gO0PZ57,FullTime,36,1.0207,0.6422,A
2017-11-22,Columbus Crew,Toronto FC,0,0,2017,0Oq6d4lAM6,FullTime,37,0.889,0.3856,D
2017-11-22,Houston Dynamo,Seattle Sounders,0,2,2017,gpMOG3zEMz,FullTime,37,0.5969,2.3242,A
2017-11-30,Toronto FC,Columbus Crew,1,0,2017,gOMnVy6XMw,FullTime,38,1.4704,1.0952,H
2017-12-01,Seattle Sounders,Houston Dynamo,3,0,2017,2vQ1yXmlQr,FullTime,38,1.9027,0.8293,H
2017-12-09,Toronto FC,Seattle Sounders,2,0,2017,a35r7egLqL,FullTime,39,2.2033,0.3912,H
2018-03-03,Toronto FC,Columbus Crew,0,2,2018,vzqoxZYJQa,FullTime,1,1.2567,1.3276,A
2018-03-03,Houston Dynamo,Atlanta United,4,0,2018,2lqRnzOJqr,FullTime,1,1.9975,1.4161,H
2018-03-04,Vancouver Whitecaps,CF Montréal,2,1,2018,raMybdNd5d,FullTime,1,1.1772,0.7166,H
2018-03-04,Seattle Sounders,LAFC,0,1,2018,gjMNgbWD5K,FullTime,1,2.0171,0.4971,A
2018-03-04,Orlando City,D.C. United,1,1,2018,9z5kVZBdMA,FullTime,1,1.1777,2.0437,D
2018-03-04,FC Dallas,Real Salt Lake,1,1,2018,315V2b9n59,FullTime,1,1.11,0.7862,D
2018-03-04,Philadelphia Union,New England Revolution,2,0,2018,wvq9d6kB5W,FullTime,1,3.4863,0.8463,H
2018-03-04,San Jose Earthquakes,Minnesota United,3,2,2018,Pk5LB83YQO,FullTime,1,1.8829,1.1025,H
2018-03-05,Sporting Kansas City,New York City FC,0,2,2018,7vQ7dgRGMD,FullTime,1,1.3006,1.7569,A
2018-03-05,LA Galaxy,Portland Timbers,2,1,2018,eV5D7P8nMK,FullTime,1,2.4212,1.36,H
2018-03-10,Houston Dynamo,Vancouver Whitecaps,1,2,2018,KXMeGb33q6,FullTime,2,1.9078,1.2894,A
2018-03-10,Chicago Fire,Sporting Kansas City,3,4,2018,odMX2bVxqY,FullTime,2,2.7625,1.6547,A
2018-03-10,Columbus Crew,CF Montréal,3,2,2018,2vQ1ypgOQr,FullTime,2,2.6193,1.5278,H
2018-03-10,New England Revolution,Colorado Rapids,2,1,2018,OlMlPZWDML,FullTime,2,1.1326,2.0195,H
2018-03-10,Real Salt Lake,LAFC,1,5,2018,9YqdgNeE5v,FullTime,2,2.4458,4.3601,A
2018-03-11,New York Red Bulls,Portland Timbers,4,0,2018,Vj58dG9L58,FullTime,2,2.1258,1.3669,H
2018-03-11,Orlando City,Minnesota United,1,2,2018,odMX2NEGqY,FullTime,2,1.5914,1.4978,A
2018-03-11,Atlanta United,D.C. United,3,1,2018,a35r7bo2qL,FullTime,2,1.6031,1.2664,H
2018-03-11,New York City FC,LA Galaxy,2,1,2018,KXMeG2XPq6,FullTime,2,1.5051,1.4798,H
2018-03-17,D.C. United,Houston Dynamo,2,2,2018,NPqxbpLXM9,FullTime,3,1.5472,2.1174,D
2018-03-17,Philadelphia Union,Columbus Crew,0,0,2018,kRQa3EWO5K,FullTime,3,0.8268,0.6503,D
2018-03-17,Minnesota United,Chicago Fire,2,1,2018,aDQ0ypW3ME,FullTime,3,1.5108,0.8776,H
2018-03-17,CF Montréal,Toronto FC,1,0,2018,9vQ2yJGmqK,FullTime,3,1.6719,1.2199,H
2018-03-17,New York City FC,Orlando City,2,0,2018,xW5pelw0qg,FullTime,3,0.7555,0.6181,H
2018-03-17,Atlanta United,Vancouver Whitecaps,4,1,2018,aDQ0y7lEME,FullTime,3,3.3729,0.8896,H
2018-03-18,FC Dallas,Seattle Sounders,3,0,2018,4wM447EBMj,FullTime,3,2.7491,0.8007,H
2018-03-18,Real Salt Lake,New York Red Bulls,1,0,2018,4JMApGkPQK,FullTime,3,1.0059,0.9627,H
2018-03-18,Sporting Kansas City,San Jose Earthquakes,3,2,2018,KPqjNlwNq6,FullTime,3,1.657,1.4527,H
2018-03-24,New York Red Bulls,Minnesota United,3,0,2018,ljqE7oJYMx,FullTime,4,2.6889,1.2092,H
2018-03-24,New England Revolution,New York City FC,2,2,2018,p6qbBlgaq0,FullTime,4,1.8628,0.9794,D
2018-03-24,FC Dallas,Portland Timbers,1,1,2018,XVqK3y2Nq0,FullTime,4,0.9785,0.4836,D
2018-03-24,Columbus Crew,D.C. United,3,1,2018,BLMvmx68Qx,FullTime,4,1.4276,0.226,H
2018-03-25,Vancouver Whitecaps,LA Galaxy,0,0,2018,e7MzbYZPMr,FullTime,4,0.8531,0.625,D
2018-03-25,Colorado Rapids,Sporting Kansas City,2,2,2018,zeQZ4NeN5K,FullTime,4,1.1969,2.6984,D
2018-03-31,Toronto FC,Real Salt Lake,3,1,2018,N6MmV1Ww5E,FullTime,5,3.1018,0.8301,H
2018-03-31,Orlando City,New York Red Bulls,4,3,2018,0x5gOKWj57,FullTime,5,3.1814,1.3928,H
2018-03-31,Columbus Crew,Vancouver Whitecaps,1,2,2018,Oa5wbedXM1,FullTime,5,1.0776,0.3872,A
2018-03-31,LA Galaxy,LAFC,4,3,2018,NWMW2ZozQl,FullTime,5,1.1682,1.3296,H
2018-03-31,Chicago Fire,Portland Timbers,2,2,2018,Xj5YEe4x5b,FullTime,5,1.3681,1.108,D
2018-04-01,San Jose Earthquakes,New York City FC,1,2,2018,gpMOGDeRMz,FullTime,5,1.4993,0.9157,A
2018-04-01,Minnesota United,Atlanta United,0,1,2018,0Oq6djL7M6,FullTime,5,1.7858,0.9798,A
2018-04-01,Houston Dynamo,New England Revolution,0,2,2018,eVq3d7ygQW,FullTime,5,1.5538,1.4941,A
2018-04-01,Sporting Kansas City,D.C. United,1,0,2018,KAqBm6k75b,FullTime,5,2.0297,0.7343,H
2018-04-01,Colorado Rapids,Philadelphia Union,3,0,2018,jYQJwPgEMG,FullTime,5,1.5107,0.9031,H
2018-04-01,Seattle Sounders,CF Montréal,0,1,2018,7VqG793Xqv,FullTime,5,1.038,0.7326,A
2018-04-06,New England Revolution,CF Montréal,4,0,2018,gOMnV1YxMw,FullTime,6,3.5475,0.2071,H
2018-04-07,Philadelphia Union,San Jose Earthquakes,1,1,2018,Oa5wbedBM1,FullTime,6,2.1099,0.9232,D
2018-04-07,Atlanta United,LAFC,5,0,2018,vzqox1JvQa,FullTime,6,2.3869,0.8476,H
2018-04-08,FC Dallas,Colorado Rapids,1,1,2018,jYQJwPgWMG,FullTime,6,1.1768,0.5304,D
2018-04-08,Chicago Fire,Columbus Crew,1,0,2018,2lqRn87Dqr,FullTime,6,0.5627,1.9851,H
2018-04-08,Real Salt Lake,Vancouver Whitecaps,2,1,2018,KAqBm6kX5b,FullTime,6,1.1313,1.1704,H
2018-04-08,Orlando City,Portland Timbers,3,2,2018,7VqG793Aqv,FullTime,6,2.7038,2.3851,H
2018-04-09,LA Galaxy,Sporting Kansas City,0,2,2018,0x5gOKW757,FullTime,6,1.3193,1.0433,A
2018-04-11,New York City FC,Real Salt Lake,4,0,2018,0Oq6djLrM6,FullTime,7,3.8859,1.2437,H
2018-04-14,Philadelphia Union,Orlando City,0,2,2018,gpMOGDLOMz,FullTime,7,1.5276,1.3165,A
2018-04-14,Vancouver Whitecaps,LAFC,0,2,2018,gOMnV1a6Mw,FullTime,7,0.288,1.2748,A
2018-04-14,New York Red Bulls,CF Montréal,3,1,2018,315V2NW759,FullTime,7,2.1961,0.6213,H
2018-04-14,Colorado Rapids,Toronto FC,2,0,2018,2lqRn8J2qr,FullTime,7,2.2677,1.0585,H
2018-04-14,Chicago Fire,LA Galaxy,0,1,2018,vzqox1O7Qa,FullTime,7,0.4827,0.9952,A
2018-04-14,D.C. United,Columbus Crew,1,0,2018,wvq9d7j35W,FullTime,7,0.3218,1.855,H
2018-04-14,New England Revolution,FC Dallas,0,1,2018,9z5kV8WbMA,FullTime,7,1.1467,1.8512,A
2018-04-15,Atlanta United,New York City FC,2,2,2018,Pk5LBNzZQO,FullTime,7,1.2194,1.2604,D
2018-04-15,Sporting Kansas City,Seattle Sounders,2,2,2018,gjMNg87Y5K,FullTime,7,2.0121,1.4058,D
2018-04-15,Portland Timbers,Minnesota United,3,2,2018,KPqjNZ3Yq6,FullTime,7,2.1882,1.4237,H
2018-04-15,San Jose Earthquakes,Houston Dynamo,2,2,2018,EGMP6Nrrqa,FullTime,7,0.4198,2.8683,D
2018-04-21,Sporting Kansas City,Vancouver Whitecaps,6,0,2018,raMybpoR5d,FullTime,8,4.1237,0.5844,H
2018-04-21,CF Montréal,LAFC,3,5,2018,OlMlP1gyML,FullTime,8,1.5089,3.968,A
2018-04-21,Houston Dynamo,Toronto FC,5,1,2018,2vQ1y7R8Qr,FullTime,8,3.6048,2.8391,H
2018-04-21,New York Red Bulls,Chicago Fire,1,2,2018,9YqdglWO5v,FullTime,8,2.2925,0.9957,A
2018-04-21,Orlando City,San Jose Earthquakes,3,2,2018,Vj58d8a858,FullTime,8,2.8016,1.5569,H
2018-04-21,Columbus Crew,New England Revolution,2,2,2018,7vQ7dpedMD,FullTime,8,2.0334,0.9567,D
2018-04-22,FC Dallas,Philadelphia Union,2,0,2018,eV5D7n2ZMK,FullTime,8,2.7336,1.1513,H
2018-04-22,Real Salt Lake,Colorado Rapids,3,0,2018,KXMeGbg6q6,FullTime,8,2.3169,0.7425,H
2018-04-22,LA Galaxy,Atlanta United,0,2,2018,a35r71RbqL,FullTime,8,0.7525,4.3707,A
2018-04-22,Seattle Sounders,Minnesota United,3,1,2018,9vQ2y7NoqK,FullTime,8,1.9707,0.9943,H
2018-04-22,Portland Timbers,New York City FC,3,0,2018,odMX2NGaqY,FullTime,8,1.711,1.1388,H
2018-04-28,New England Revolution,Sporting Kansas City,1,0,2018,4JMApG87QK,FullTime,9,0.7703,0.6141,H
2018-04-28,Columbus Crew,San Jose Earthquakes,2,1,2018,KPqjNlBPq6,FullTime,9,1.7661,0.6233,H
2018-04-28,Philadelphia Union,D.C. United,3,2,2018,4wM447pgMj,FullTime,9,1.3207,0.6729,H
2018-04-28,Atlanta United,CF Montréal,4,1,2018,aDQ0y7xvME,FullTime,9,2.5724,0.4287,H
2018-04-28,Vancouver Whitecaps,Real Salt Lake,2,0,2018,NPqxb1okM9,FullTime,9,2.4899,0.6788,H
2018-04-28,Toronto FC,Chicago Fire,2,2,2018,zeQZ4Nkz5K,FullTime,9,1.4071,2.957,D
2018-04-29,Minnesota United,Houston Dynamo,2,1,2018,kRQa3Ew15K,FullTime,9,1.4701,2.3106,H
2018-04-29,LA Galaxy,New York Red Bulls,2,3,2018,xW5pel7Bqg,FullTime,9,1.0745,2.6859,A
2018-04-29,Colorado Rapids,Orlando City,1,2,2018,BLMvmxrjQx,FullTime,9,1.541,1.461,A
2018-04-29,New York City FC,FC Dallas,3,1,2018,XVqK3yLwq0,FullTime,9,3.2746,1.1728,H
2018-04-30,LAFC,Seattle Sounders,1,0,2018,xW5peZOJqg,FullTime,9,1.7078,1.0568,H
2018-05-05,Toronto FC,Philadelphia Union,3,0,2018,p6qbBl34q0,FullTime,10,1.4985,0.2461,H
2018-05-05,CF Montréal,New England Revolution,4,2,2018,Oa5wbe0BM1,FullTime,10,2.6593,1.5778,H
2018-05-05,New York Red Bulls,New York City FC,4,0,2018,eVq3d7rnQW,FullTime,10,2.0055,0.5968,H
2018-05-05,Minnesota United,Vancouver Whitecaps,1,0,2018,jYQJwPYWMG,FullTime,10,0.8462,1.5403,H
2018-05-05,LAFC,FC Dallas,1,1,2018,Xj5YEeyX5b,FullTime,10,1.4863,0.6044,D
2018-05-05,Seattle Sounders,Columbus Crew,0,0,2018,NWMW2ZgeQl,FullTime,10,1.0247,0.5999,D
2018-05-06,Orlando City,Real Salt Lake,3,1,2018,0x5gOKJ757,FullTime,10,1.8135,1.6042,H
2018-05-06,San Jose Earthquakes,Portland Timbers,0,1,2018,KAqBm6vX5b,FullTime,10,1.3059,1.1144,A
2018-05-06,Sporting Kansas City,Colorado Rapids,1,0,2018,N6MmV1Gv5E,FullTime,10,2.4893,0.5317,H
2018-05-06,Chicago Fire,Atlanta United,1,2,2018,ljqE7o9wMx,FullTime,10,0.7814,1.5878,A
2018-05-06,Houston Dynamo,LA Galaxy,3,2,2018,e7MzbY0OMr,FullTime,10,2.0958,1.9892,H
2018-05-09,Columbus Crew,Philadelphia Union,1,0,2018,gpMOGD1OMz,FullTime,11,1.7557,0.5136,H
2018-05-09,Atlanta United,Sporting Kansas City,0,2,2018,7VqG79LAqv,FullTime,11,2.0968,1.4893,A
2018-05-09,Toronto FC,Seattle Sounders,1,2,2018,vzqox1e7Qa,FullTime,11,2.6937,1.0377,A
2018-05-10,Chicago Fire,CF Montréal,1,0,2018,0Oq6dj2rM6,FullTime,11,0.9268,0.6916,H
2018-05-10,LAFC,Minnesota United,2,0,2018,gOMnV1d6Mw,FullTime,11,2.9835,0.6472,H
2018-05-12,Vancouver Whitecaps,Houston Dynamo,2,2,2018,2lqRn8l2qr,FullTime,11,2.2904,0.5771,D
2018-05-12,Minnesota United,San Jose Earthquakes,1,3,2018,EGMP6NYrqa,FullTime,11,0.7353,2.6976,A
2018-05-12,CF Montréal,Philadelphia Union,0,2,2018,Pk5LBNZZQO,FullTime,11,0.7939,2.1374,A
2018-05-12,FC Dallas,LA Galaxy,3,2,2018,315V2N1759,FullTime,11,1.0097,2.6902,H
2018-05-12,New England Revolution,Toronto FC,3,2,2018,gjMNg8PY5K,FullTime,11,1.5464,1.8829,H
2018-05-12,Columbus Crew,Chicago Fire,3,0,2018,9z5kV8NbMA,FullTime,11,2.628,0.8388,H
2018-05-13,Portland Timbers,Seattle Sounders,1,0,2018,2vQ1y7e8Qr,FullTime,11,0.9369,0.3076,H
2018-05-13,Orlando City,Atlanta United,1,2,2018,eV5D7nRZMK,FullTime,11,0.8128,1.5983,A
2018-05-13,Colorado Rapids,New York Red Bulls,1,2,2018,wvq9d7B35W,FullTime,11,1.2918,1.8055,A
2018-05-13,Real Salt Lake,D.C. United,3,2,2018,raMybpKR5d,FullTime,11,1.0669,1.582,H
2018-05-14,LAFC,New York City FC,2,2,2018,7vQ7dpwdMD,FullTime,11,1.5731,2.5914,D
2018-05-17,Vancouver Whitecaps,San Jose Earthquakes,2,2,2018,a35r71nbqL,FullTime,12,2.5164,0.8922,D
2018-05-19,Philadelphia Union,Real Salt Lake,4,1,2018,odMX2N1aqY,FullTime,12,2.3959,0.6273,H
2018-05-19,FC Dallas,Vancouver Whitecaps,2,2,2018,Vj58d83858,FullTime,12,1.4811,1.166,D
2018-05-19,New England Revolution,Columbus Crew,0,1,2018,9YqdgldO5v,FullTime,12,0.9431,1.8653,A
2018-05-19,New York City FC,Colorado Rapids,4,0,2018,KXMeGbK6q6,FullTime,12,1.1239,0.2498,H
2018-05-19,Toronto FC,Orlando City,2,1,2018,OlMlP1kyML,FullTime,12,1.7071,0.6395,H
2018-05-19,Portland Timbers,LAFC,2,1,2018,9vQ2y7eoqK,FullTime,12,2.762,1.1365,H
2018-05-20,San Jose Earthquakes,D.C. United,1,3,2018,NPqxb1KkM9,FullTime,12,1.5302,1.6256,A
2018-05-20,Minnesota United,Sporting Kansas City,1,1,2018,xW5pelYBqg,FullTime,12,1.0169,1.6985,D
2018-05-20,Chicago Fire,Houston Dynamo,2,3,2018,KPqjNlkPq6,FullTime,12,1.1106,2.3461,A
2018-05-20,Atlanta United,New York Red Bulls,1,3,2018,aDQ0y7evME,FullTime,12,1.5098,1.7619,A
2018-05-21,CF Montréal,LA Galaxy,0,1,2018,kRQa3EP15K,FullTime,12,1.5144,0.7276,A
2018-05-26,Orlando City,Chicago Fire,1,2,2018,p6qbBlP4q0,FullTime,13,2.3867,0.748,A
2018-05-26,New York Red Bulls,Philadelphia Union,0,0,2018,ljqE7oNwMx,FullTime,13,0.6697,1.7598,D
2018-05-26,Vancouver Whitecaps,New England Revolution,3,3,2018,N6MmV1kv5E,FullTime,13,3.0861,1.0236,D
2018-05-26,LA Galaxy,San Jose Earthquakes,1,0,2018,4wM447egMj,FullTime,13,0.7417,0.3805,H
2018-05-26,Houston Dynamo,New York City FC,3,1,2018,4JMApGR7QK,FullTime,13,2.5925,0.9881,H
2018-05-26,Toronto FC,FC Dallas,0,1,2018,zeQZ4N1z5K,FullTime,13,2.1298,1.6775,A
2018-05-26,Seattle Sounders,Real Salt Lake,0,1,2018,e7MzbYzOMr,FullTime,13,1.0895,0.3239,A
2018-05-27,Minnesota United,CF Montréal,2,0,2018,XVqK3ybwq0,FullTime,13,0.9957,0.7412,H
2018-05-27,Colorado Rapids,Portland Timbers,2,3,2018,BLMvmxKjQx,FullTime,13,1.9058,1.6866,A
2018-05-27,LAFC,D.C. United,1,1,2018,jYQJwPZWMG,FullTime,13,1.4636,1.4614,D
2018-05-27,Sporting Kansas City,Columbus Crew,0,0,2018,Xj5YEejX5b,FullTime,13,0.8539,1.2983,D
2018-05-30,New England Revolution,Atlanta United,1,1,2018,eVq3d7enQW,FullTime,14,1.1793,2.4629,D
2018-05-30,Philadelphia Union,Chicago Fire,3,1,2018,KAqBm6RX5b,FullTime,14,2.4287,1.5565,H
2018-05-31,Real Salt Lake,Houston Dynamo,2,1,2018,NWMW2ZjeQl,FullTime,14,0.8744,1.4829,H
2018-05-31,LA Galaxy,FC Dallas,2,3,2018,Oa5wbeKBM1,FullTime,14,2.1813,2.2643,A
2018-06-02,New England Revolution,New York Red Bulls,2,1,2018,2lqRn8X2qr,FullTime,14,1.1165,0.362,H
2018-06-02,Columbus Crew,Toronto FC,3,3,2018,gpMOGDXOMz,FullTime,14,1.7543,1.4864,D
2018-06-02,Atlanta United,Philadelphia Union,3,1,2018,7VqG79ZAqv,FullTime,14,4.3203,0.4471,H
2018-06-02,CF Montréal,Houston Dynamo,1,0,2018,vzqox1w7Qa,FullTime,14,0.6895,0.4471,H
2018-06-02,Portland Timbers,LA Galaxy,1,1,2018,Oa5wbeDAM1,FullTime,14,1.8791,1.6861,D
2018-06-02,Colorado Rapids,Vancouver Whitecaps,1,2,2018,0x5gOKk757,FullTime,14,2.1818,1.5297,A
2018-06-02,New York City FC,Orlando City,3,0,2018,jYQJwPXBMG,FullTime,14,2.3365,1.1925,H
2018-06-03,FC Dallas,LAFC,2,1,2018,gOMnV1J6Mw,FullTime,14,2.3167,0.9374,H
2018-06-03,Chicago Fire,San Jose Earthquakes,2,1,2018,0Oq6djJrM6,FullTime,14,1.8059,1.7607,H
2018-06-03,Real Salt Lake,Seattle Sounders,2,0,2018,eVq3d7ZyQW,FullTime,14,1.361,0.5358,H
2018-06-04,Sporting Kansas City,Minnesota United,4,1,2018,KAqBm6zv5b,FullTime,14,2.2192,0.4024,H
2018-06-09,Vancouver Whitecaps,Orlando City,5,2,2018,315V2NBE59,FullTime,15,3.5208,1.061,H
2018-06-09,Columbus Crew,New York Red Bulls,1,1,2018,7VqG791Wqv,FullTime,15,2.0517,0.9109,D
2018-06-09,Philadelphia Union,Toronto FC,0,2,2018,NWMW2ZWjQl,FullTime,15,1.95,2.3735,A
2018-06-09,New York City FC,Atlanta United,1,1,2018,vzqox1wZQa,FullTime,15,2.4437,0.3476,D
2018-06-10,FC Dallas,CF Montréal,2,0,2018,0Oq6djYdM6,FullTime,15,2.0356,1.2091,H
2018-06-10,Chicago Fire,New England Revolution,1,1,2018,0x5gOKbb57,FullTime,15,0.631,1.2539,D
2018-06-10,Houston Dynamo,Colorado Rapids,2,0,2018,gpMOGDX2Mz,FullTime,15,2.1262,0.0501,H
2018-06-10,Seattle Sounders,D.C. United,2,1,2018,9z5kV8dPMA,FullTime,15,1.2884,1.4777,H
2018-06-10,San Jose Earthquakes,LAFC,3,4,2018,wvq9d7E75W,FullTime,15,0.9973,2.0676,A
2018-06-10,LA Galaxy,Real Salt Lake,3,0,2018,gOMnV1JOMw,FullTime,15,2.1685,0.8423,H
2018-06-10,Portland Timbers,Sporting Kansas City,0,0,2018,2lqRn8XAqr,FullTime,15,0.919,0.8246,D
2018-06-13,CF Montréal,Orlando City,3,0,2018,EGMP6NX4qa,FullTime,16,2.7857,1.9529,H
2018-06-13,Columbus Crew,Atlanta United,0,2,2018,zeQZ4NBx5K,FullTime,16,1.3541,0.5333,A
2018-06-14,San Jose Earthquakes,New England Revolution,2,2,2018,gjMNg8Yk5K,FullTime,16,2.1709,1.7646,D
2018-06-14,New York Red Bulls,Seattle Sounders,2,1,2018,Pk5LBNXLQO,FullTime,16,3.2614,0.8071,H
2018-06-14,Toronto FC,D.C. United,4,4,2018,NWMW2ZoeQl,FullTime,6,2.5321,2.1599,D
2018-06-14,Colorado Rapids,Chicago Fire,2,2,2018,EGMP6bG6qa,FullTime,16,1.2975,0.8464,D
2018-06-23,New York Red Bulls,FC Dallas,3,0,2018,a35r71WLqL,FullTime,17,1.8266,1.005,H
2018-06-23,Orlando City,CF Montréal,0,2,2018,eV5D7nXEMK,FullTime,17,0.3796,1.3722,A
2018-06-23,Philadelphia Union,Vancouver Whitecaps,4,0,2018,2vQ1y7xlQr,FullTime,17,3.086,0.2647,H
2018-06-24,Atlanta United,Portland Timbers,1,1,2018,9Yqdgl9j5v,FullTime,17,1.5155,1.69,D
2018-06-24,LAFC,Columbus Crew,2,0,2018,KXMeGbdXq6,FullTime,17,1.9324,0.4474,H
2018-06-24,New York City FC,Toronto FC,2,1,2018,odMX2NgrqY,FullTime,17,1.8495,1.1649,H
2018-06-24,Seattle Sounders,Chicago Fire,1,1,2018,Vj58d8jJ58,FullTime,17,1.7756,2.0033,D
2018-06-24,Colorado Rapids,Minnesota United,3,2,2018,raMybp7k5d,FullTime,17,2.8704,2.9182,H
2018-06-24,Sporting Kansas City,Houston Dynamo,3,2,2018,7vQ7dplEMD,FullTime,17,2.1821,1.119,H
2018-06-24,Real Salt Lake,San Jose Earthquakes,1,1,2018,OlMlP1dEML,FullTime,17,2.2966,1.4254,D
2018-06-30,Minnesota United,FC Dallas,0,1,2018,9vQ2y7EYqK,FullTime,18,1.5717,0.2612,A
2018-06-30,Seattle Sounders,Portland Timbers,2,3,2018,zeQZ4N6x5K,FullTime,18,0.8907,1.1376,A
2018-06-30,CF Montréal,Sporting Kansas City,2,0,2018,kRQa3E8m5K,FullTime,18,1.1651,0.5021,H
2018-06-30,Atlanta United,Orlando City,4,0,2018,NPqxb1YGM9,FullTime,18,2.1629,1.6994,H
2018-06-30,Columbus Crew,Real Salt Lake,2,1,2018,KPqjNlanq6,FullTime,18,1.4838,1.0385,H
2018-06-30,New England Revolution,D.C. United,3,2,2018,4JMApGZlQK,FullTime,18,1.5875,1.7205,H
2018-07-01,Vancouver Whitecaps,Colorado Rapids,0,1,2018,XVqK3yvKq0,FullTime,18,2.3525,1.7311,A
2018-07-01,Toronto FC,New York Red Bulls,0,1,2018,BLMvmxOAQx,FullTime,18,2.2759,1.5716,A
2018-07-01,Chicago Fire,New York City FC,3,2,2018,aDQ0y7YBME,FullTime,18,0.7909,1.4982,H
2018-07-01,San Jose Earthquakes,LA Galaxy,3,3,2018,4wM447rkMj,FullTime,18,2.914,0.8863,D
2018-07-01,LAFC,Philadelphia Union,4,1,2018,xW5pel3Gqg,FullTime,18,2.0502,1.5223,H
2018-07-04,Houston Dynamo,LAFC,2,2,2018,e7MzbYR9Mr,FullTime,19,1.6374,0.7731,D
2018-07-04,Minnesota United,Toronto FC,4,3,2018,Xj5YEe3w5b,FullTime,19,1.2063,1.5574,H
2018-07-05,FC Dallas,Atlanta United,3,2,2018,ljqE7o3AMx,FullTime,19,1.2714,1.4279,H
2018-07-05,Colorado Rapids,Seattle Sounders,1,2,2018,p6qbBl18q0,FullTime,19,1.39,1.4707,A
2018-07-05,Real Salt Lake,Sporting Kansas City,4,2,2018,jYQJwP6BMG,FullTime,19,3.6695,1.3214,H
2018-07-05,LA Galaxy,D.C. United,2,2,2018,N6MmV1Le5E,FullTime,19,1.0117,0.9957,D
2018-07-07,Philadelphia Union,Atlanta United,0,2,2018,7VqG79WWqv,FullTime,19,1.0259,3.5086,A
2018-07-07,CF Montréal,Colorado Rapids,2,1,2018,NWMW2ZJjQl,FullTime,19,2.3375,0.8455,H
2018-07-07,New England Revolution,Seattle Sounders,0,0,2018,0x5gOK0b57,FullTime,19,0.3985,0.5346,D
2018-07-08,LAFC,Orlando City,4,1,2018,KAqBm6nv5b,FullTime,19,3.1868,1.7065,H
2018-07-08,New York City FC,New York Red Bulls,1,0,2018,2lqRn8gAqr,FullTime,19,1.4324,1.8644,H
2018-07-08,Portland Timbers,San Jose Earthquakes,2,1,2018,0Oq6dj4dM6,FullTime,19,2.7092,1.6669,H
2018-07-08,LA Galaxy,Columbus Crew,4,0,2018,vzqox1LZQa,FullTime,19,3.0482,1.5293,H
2018-07-08,Real Salt Lake,FC Dallas,2,0,2018,gpMOGD32Mz,FullTime,19,1.9324,1.0094,H
2018-07-08,Sporting Kansas City,Toronto FC,2,2,2018,eVq3d7XyQW,FullTime,19,2.3771,0.7115,D
2018-07-08,Vancouver Whitecaps,Chicago Fire,3,2,2018,gOMnV1yOMw,FullTime,19,2.5379,1.9075,H
2018-07-08,Houston Dynamo,Minnesota United,3,0,2018,Oa5wbexAM1,FullTime,19,2.7222,0.347,H
2018-07-11,New York City FC,CF Montréal,3,0,2018,9z5kV8APMA,FullTime,20,1.4923,0.0843,H
2018-07-12,Chicago Fire,Philadelphia Union,3,4,2018,wvq9d7J75W,FullTime,20,1.51,2.1108,A
2018-07-14,New York City FC,Columbus Crew,2,0,2018,a35r71eLqL,FullTime,20,1.4594,0.9526,H
2018-07-14,New York Red Bulls,Sporting Kansas City,3,2,2018,2vQ1y7XlQr,FullTime,20,1.8313,1.1627,H
2018-07-14,CF Montréal,San Jose Earthquakes,2,0,2018,raMybpRk5d,FullTime,20,1.0281,0.7025,H
2018-07-14,New England Revolution,LA Galaxy,2,3,2018,7vQ7dp4EMD,FullTime,20,2.2365,1.1701,A
2018-07-15,LAFC,Portland Timbers,0,0,2018,Vj58d8XJ58,FullTime,20,0.8067,0.8461,D
2018-07-15,Minnesota United,Real Salt Lake,3,2,2018,gjMNg8wk5K,FullTime,20,1.28,1.3667,H
2018-07-15,Orlando City,Toronto FC,2,1,2018,eV5D7nwEMK,FullTime,20,1.9633,2.0022,H
2018-07-15,D.C. United,Vancouver Whitecaps,3,1,2018,Pk5LBNnLQO,FullTime,20,1.0261,1.1434,H
2018-07-15,FC Dallas,Chicago Fire,3,1,2018,EGMP6NB4qa,FullTime,20,2.8029,0.4626,H
2018-07-15,Colorado Rapids,Houston Dynamo,0,0,2018,315V2NnE59,FullTime,20,0.6861,0.6804,D
2018-07-15,Atlanta United,Seattle Sounders,1,1,2018,OlMlP1KEML,FullTime,20,1.954,1.0241,D
2018-07-19,Minnesota United,New England Revolution,2,1,2018,9Yqdglxj5v,FullTime,21,1.3171,1.7875,H
2018-07-21,Seattle Sounders,Vancouver Whitecaps,2,0,2018,4JMApGOlQK,FullTime,21,1.7541,1.0358,H
2018-07-21,New York Red Bulls,New England Revolution,2,0,2018,xW5pelLGqg,FullTime,21,1.4072,0.7768,H
2018-07-21,Chicago Fire,Toronto FC,1,2,2018,odMX2NwrqY,FullTime,21,1.4657,1.242,A
2018-07-21,Philadelphia Union,LA Galaxy,1,3,2018,aDQ0y7EBME,FullTime,21,1.997,1.3192,A
2018-07-21,Atlanta United,D.C. United,3,1,2018,KXMeGbxXq6,FullTime,21,3.3433,0.4402,H
2018-07-22,Columbus Crew,Orlando City,3,2,2018,9vQ2y7XYqK,FullTime,21,2.1239,1.5497,H
2018-07-22,Houston Dynamo,FC Dallas,1,1,2018,NPqxb1PGM9,FullTime,21,0.775,2.0856,D
2018-07-22,Real Salt Lake,Colorado Rapids,2,2,2018,kRQa3Epm5K,FullTime,21,0.7083,1.7236,D
2018-07-22,Portland Timbers,CF Montréal,2,2,2018,KPqjNlxnq6,FullTime,21,2.5545,1.4234,D
2018-07-22,Minnesota United,LAFC,5,1,2018,4wM447XkMj,FullTime,21,2.6539,0.8303,H
2018-07-26,Houston Dynamo,Philadelphia Union,1,3,2018,XVqK3yOKq0,FullTime,22,1.4466,2.0922,A
2018-07-26,D.C. United,New York Red Bulls,0,1,2018,BLMvmxLAQx,FullTime,22,1.0067,2.2124,A
2018-07-26,San Jose Earthquakes,Seattle Sounders,0,1,2018,p6qbBlx8q0,FullTime,22,0.8547,0.6397,A
2018-07-27,Orlando City,New York City FC,0,2,2018,e7MzbYb9Mr,FullTime,22,1.2327,2.5847,A
2018-07-27,LAFC,LA Galaxy,2,2,2018,ljqE7o7AMx,FullTime,22,1.4545,1.7746,D
2018-07-28,Toronto FC,Chicago Fire,3,0,2018,NWMW2Z2jQl,FullTime,22,2.9571,0.4659,H
2018-07-28,CF Montréal,Atlanta United,1,2,2018,jYQJwPwBMG,FullTime,22,0.6893,2.298,A
2018-07-28,New York Red Bulls,Columbus Crew,2,3,2018,eVq3d7dyQW,FullTime,22,1.4354,0.8778,A
2018-07-29,D.C. United,Colorado Rapids,2,1,2018,N6MmV1Ve5E,FullTime,22,0.7553,1.2332,H
2018-07-29,Sporting Kansas City,FC Dallas,2,3,2018,Xj5YEeEw5b,FullTime,22,1.5633,1.4113,A
2018-07-29,Vancouver Whitecaps,Minnesota United,4,2,2018,0x5gOKOb57,FullTime,22,2.8385,1.2877,H
2018-07-29,San Jose Earthquakes,Real Salt Lake,0,0,2018,KAqBm6mv5b,FullTime,22,1.1165,0.2292,D
2018-07-29,Portland Timbers,Houston Dynamo,2,1,2018,Oa5wbebAM1,FullTime,22,1.9841,1.3057,H
2018-07-29,Seattle Sounders,New York City FC,3,1,2018,0Oq6djddM6,FullTime,22,0.9395,1.6612,H
2018-07-30,LA Galaxy,Orlando City,4,3,2018,7VqG797Wqv,FullTime,22,3.3434,1.1532,H
2018-08-04,Atlanta United,Toronto FC,2,2,2018,gpMOGDG2Mz,FullTime,23,3.4057,1.1376,D
2018-08-04,CF Montréal,D.C. United,1,1,2018,Oa5wbeb8M1,FullTime,23,1.3985,1.785,D
2018-08-04,Orlando City,New England Revolution,3,3,2018,KAqBm6m45b,FullTime,23,1.2237,1.4802,D
2018-08-05,New York Red Bulls,LAFC,2,1,2018,7VqG7976qv,FullTime,23,2.3524,1.1918,H
2018-08-05,Real Salt Lake,Chicago Fire,2,1,2018,0x5gOKOZ57,FullTime,23,1.9868,1.0273,H
2018-08-05,Houston Dynamo,Sporting Kansas City,0,1,2018,2lqRn8nAqr,FullTime,23,0.7163,0.9816,A
2018-08-05,Portland Timbers,Philadelphia Union,3,0,2018,NWMW2Z2KQl,FullTime,23,2.4768,0.6693,H
2018-08-05,New York City FC,Vancouver Whitecaps,2,2,2018,eVq3d7dDQW,FullTime,23,2.6297,0.4693,D
2018-08-05,Minnesota United,Seattle Sounders,1,2,2018,jYQJwPwPMG,FullTime,23,1.0944,2.7538,A
2018-08-05,FC Dallas,San Jose Earthquakes,1,3,2018,vzqox1xZQa,FullTime,23,3.0425,1.706,A
2018-08-05,Colorado Rapids,LA Galaxy,2,1,2018,gOMnV1VOMw,FullTime,23,1.6988,0.4091,H
2018-08-11,New England Revolution,Philadelphia Union,2,3,2018,wvq9d7dw5W,FullTime,24,2.0556,3.3515,A
2018-08-11,Columbus Crew,Houston Dynamo,1,0,2018,gOMnV1VXMw,FullTime,24,1.0885,0.4752,H
2018-08-12,Toronto FC,New York City FC,2,3,2018,gjMNg8g05K,FullTime,24,1.124,2.4707,A
2018-08-12,Portland Timbers,Vancouver Whitecaps,1,2,2018,9z5kV8VjMA,FullTime,24,2.8141,0.8089,A
2018-08-12,LA Galaxy,Minnesota United,2,2,2018,2lqRn8n0qr,FullTime,24,1.2088,1.1966,D
2018-08-12,Real Salt Lake,CF Montréal,1,1,2018,315V2N2959,FullTime,24,1.3152,1.2417,D
2018-08-12,Colorado Rapids,San Jose Earthquakes,2,1,2018,gpMOGDGEMz,FullTime,24,1.5823,1.8797,H
2018-08-12,Chicago Fire,New York Red Bulls,0,1,2018,0Oq6djdAM6,FullTime,24,0.7749,1.1593,A
2018-08-12,LAFC,Sporting Kansas City,0,2,2018,vzqox1xkQa,FullTime,24,1.7555,1.4883,A
2018-08-13,D.C. United,Orlando City,3,2,2018,EGMP6N6Vqa,FullTime,24,2.2499,1.1451,H
2018-08-13,Seattle Sounders,FC Dallas,2,1,2018,Pk5LBNBOQO,FullTime,24,0.9475,1.1382,H
2018-08-15,LA Galaxy,Colorado Rapids,2,2,2018,jYQJwPdPMG,FullTime,27,1.0992,0.5704,D
2018-08-16,D.C. United,Portland Timbers,4,1,2018,raMybpbO5d,FullTime,25,2.3705,0.9533,H
2018-08-16,LAFC,Real Salt Lake,2,0,2018,7vQ7dpd2MD,FullTime,25,1.6778,0.2933,H
2018-08-18,CF Montréal,Chicago Fire,2,1,2018,Vj58d8d458,FullTime,25,1.2604,0.7567,H
2018-08-18,Seattle Sounders,LA Galaxy,5,0,2018,odMX2N2WqY,FullTime,25,2.7396,1.4751,H
2018-08-18,Vancouver Whitecaps,New York Red Bulls,2,2,2018,9vQ2y71aqK,FullTime,25,1.3313,2.5915,D
2018-08-18,Philadelphia Union,New York City FC,2,0,2018,9YqdglgL5v,FullTime,25,1.0093,0.6285,H
2018-08-19,Sporting Kansas City,Portland Timbers,3,0,2018,a35r717AqL,FullTime,25,2.2455,0.2896,H
2018-08-19,Houston Dynamo,Real Salt Lake,1,2,2018,2vQ1y7yKQr,FullTime,25,1.1192,3.3784,A
2018-08-19,San Jose Earthquakes,Toronto FC,1,1,2018,KXMeGbGrq6,FullTime,25,2.8561,1.4163,D
2018-08-19,FC Dallas,Minnesota United,2,0,2018,eV5D7n7AMK,FullTime,25,1.9947,0.2214,H
2018-08-19,Atlanta United,Columbus Crew,3,1,2018,NPqxb1vmM9,FullTime,25,1.4925,0.6703,H
2018-08-19,D.C. United,New England Revolution,2,0,2018,aDQ0y74PME,FullTime,25,1.9139,0.4924,H
2018-08-20,LAFC,Colorado Rapids,2,0,2018,OlMlP1P0ML,FullTime,25,1.2213,0.496,H
2018-08-22,New York City FC,New York Red Bulls,1,1,2018,KPqjNl0Rq6,FullTime,26,0.8747,1.3021,D
2018-08-23,Chicago Fire,Columbus Crew,1,1,2018,4wM4471pMj,FullTime,26,1.5158,0.6513,D
2018-08-24,Houston Dynamo,FC Dallas,1,1,2018,xW5pel0dqg,FullTime,26,0.8569,0.8988,D
2018-08-25,Orlando City,Atlanta United,1,2,2018,4JMApGmkQK,FullTime,26,0.225,3.0402,A
2018-08-25,LA Galaxy,LAFC,1,1,2018,kRQa3EVo5K,FullTime,26,0.9839,1.5891,D
2018-08-25,Philadelphia Union,New England Revolution,1,0,2018,XVqK3ylOq0,FullTime,26,2.222,0.3522,H
2018-08-26,New York Red Bulls,D.C. United,1,0,2018,N6MmV1AZ5E,FullTime,26,1.5092,1.806,H
2018-08-26,San Jose Earthquakes,Vancouver Whitecaps,2,3,2018,p6qbBlZBq0,FullTime,26,1.6348,1.525,A
2018-08-26,Sporting Kansas City,Minnesota United,2,0,2018,BLMvmxvOQx,FullTime,26,0.6435,1.5925,H
2018-08-26,Toronto FC,CF Montréal,3,1,2018,ljqE7ozzMx,FullTime,26,1.7612,1.0708,H
2018-08-26,Colorado Rapids,Real Salt Lake,0,6,2018,zeQZ4NZ15K,FullTime,26,0.1777,3.3086,A
2018-08-27,Portland Timbers,Seattle Sounders,0,1,2018,e7MzbYv6Mr,FullTime,26,1.1562,0.531,A
2018-08-30,New York Red Bulls,Houston Dynamo,1,0,2018,eVq3d7ynQW,FullTime,6,1.3313,0.7253,H
2018-08-30,D.C. United,Philadelphia Union,0,2,2018,Xj5YEeDA5b,FullTime,27,0.5733,1.3222,A
2018-08-30,Portland Timbers,Toronto FC,2,0,2018,Oa5wbev8M1,FullTime,27,1.5921,0.7729,H
2018-08-30,San Jose Earthquakes,FC Dallas,4,3,2018,9vQ2y74eqK,FullTime,27,1.6378,1.7842,H
2018-09-01,Seattle Sounders,Sporting Kansas City,3,1,2018,gpMOGD2EMz,FullTime,27,1.9661,2.0885,H
2018-09-01,CF Montréal,New York Red Bulls,3,0,2018,NWMW2ZDKQl,FullTime,27,2.0873,0.292,H
2018-09-01,Orlando City,Philadelphia Union,2,2,2018,7VqG79a6qv,FullTime,27,0.814,2.1624,D
2018-09-01,New England Revolution,Portland Timbers,1,1,2018,0x5gOKVZ57,FullTime,27,1.821,0.3539,D
2018-09-02,D.C. United,Atlanta United,3,1,2018,2lqRn8Y0qr,FullTime,27,2.0257,2.9845,H
2018-09-02,Real Salt Lake,LA Galaxy,6,2,2018,0Oq6dj1AM6,FullTime,27,2.7622,1.006,H
2018-09-02,Columbus Crew,New York City FC,2,1,2018,eVq3d71DQW,FullTime,27,2.7701,0.6958,H
2018-09-02,FC Dallas,Houston Dynamo,4,2,2018,KAqBm6245b,FullTime,27,2.0785,1.4523,H
2018-09-02,Toronto FC,LAFC,2,4,2018,gOMnV1KXMw,FullTime,27,2.2937,1.7106,A
2018-09-02,Vancouver Whitecaps,San Jose Earthquakes,2,1,2018,vzqox1bkQa,FullTime,27,2.2538,1.0371,H
2018-09-05,New York City FC,New England Revolution,0,1,2018,wvq9d7Yw5W,FullTime,28,2.167,1.2854,A
2018-09-08,New York City FC,D.C. United,1,1,2018,315V2Nj959,FullTime,28,2.1272,0.5841,D
2018-09-09,Sporting Kansas City,Orlando City,1,0,2018,9z5kV80jMA,FullTime,28,1.008,0.7648,H
2018-09-09,Portland Timbers,Colorado Rapids,2,0,2018,EGMP6NDVqa,FullTime,28,3.2416,0.4816,H
2018-09-12,D.C. United,Minnesota United,2,1,2018,Pk5LBNYOQO,FullTime,29,1.8501,1.2808,H
2018-09-15,Colorado Rapids,Atlanta United,0,3,2018,gjMNg8l05K,FullTime,29,1.3317,1.8745,A
2018-09-15,Toronto FC,LA Galaxy,5,3,2018,Vj58d82458,FullTime,29,2.019,1.522,H
2018-09-15,Philadelphia Union,CF Montréal,1,4,2018,2vQ1y7EKQr,FullTime,29,0.4552,2.5904,A
2018-09-16,D.C. United,New York Red Bulls,3,3,2018,odMX2NlWqY,FullTime,29,1.6542,1.8005,D
2018-09-16,San Jose Earthquakes,Sporting Kansas City,1,5,2018,OlMlP1b0ML,FullTime,29,1.079,3.0703,A
2018-09-16,LAFC,New England Revolution,1,1,2018,eV5D7nZAMK,FullTime,29,1.4413,1.3521,D
2018-09-16,Chicago Fire,Orlando City,4,0,2018,KXMeGbVrq6,FullTime,29,2.0899,1.4271,H
2018-09-16,Real Salt Lake,Minnesota United,1,1,2018,a35r71zAqL,FullTime,29,0.6038,1.191,D
2018-09-16,Houston Dynamo,Portland Timbers,4,1,2018,7vQ7dpZ2MD,FullTime,29,2.7414,0.9686,H
2018-09-16,FC Dallas,Columbus Crew,0,0,2018,raMybpzO5d,FullTime,29,0.4096,0.9299,D
2018-09-16,Vancouver Whitecaps,Seattle Sounders,1,2,2018,9YqdglAL5v,FullTime,29,2.8929,1.2638,A
2018-09-20,Portland Timbers,Columbus Crew,3,2,2018,9vQ2y7paqK,FullTime,30,1.3669,1.7194,H
2018-09-20,San Jose Earthquakes,Atlanta United,3,4,2018,NPqxb1gmM9,FullTime,30,1.1226,2.35,A
2018-09-20,Seattle Sounders,Philadelphia Union,0,1,2018,NPqxb1AYM9,FullTime,30,1.441,0.7082,A
2018-09-22,CF Montréal,New York City FC,1,1,2018,4JMApG3kQK,FullTime,30,1.3375,0.2251,D
2018-09-22,New England Revolution,Chicago Fire,2,2,2018,4wM447VpMj,FullTime,30,2.0361,0.7692,D
2018-09-22,Columbus Crew,Colorado Rapids,2,1,2018,KPqjNlWRq6,FullTime,30,2.6338,0.1136,H
2018-09-22,Atlanta United,Real Salt Lake,2,0,2018,aDQ0y78PME,FullTime,30,1.3376,0.2797,H
2018-09-22,New York Red Bulls,Toronto FC,2,0,2018,BLMvmxBOQx,FullTime,30,1.2327,1.2228,H
2018-09-22,LAFC,San Jose Earthquakes,2,0,2018,xW5pelodqg,FullTime,30,1.7091,0.3603,H
2018-09-22,Orlando City,Houston Dynamo,0,0,2018,zeQZ4Nw15K,FullTime,30,0.8797,0.8042,D
2018-09-23,Minnesota United,Portland Timbers,3,2,2018,kRQa3EOo5K,FullTime,30,2.0489,1.133,H
2018-09-23,Philadelphia Union,Sporting Kansas City,2,0,2018,p6qbBlnBq0,FullTime,30,1.145,1.3694,H
2018-09-23,Vancouver Whitecaps,FC Dallas,1,2,2018,ljqE7oGzMx,FullTime,30,1.1902,2.0484,A
2018-09-23,LA Galaxy,Seattle Sounders,3,0,2018,XVqK3y9Oq0,FullTime,30,2.5601,0.8385,H
2018-09-26,New York City FC,Chicago Fire,2,0,2018,e7MzbY66Mr,FullTime,31,2.1758,0.436,H
2018-09-29,Toronto FC,New England Revolution,4,1,2018,7VqG79O6qv,FullTime,31,3.1191,0.5454,H
2018-09-29,Columbus Crew,Philadelphia Union,0,0,2018,Xj5YEeJA5b,FullTime,31,0.9204,0.8674,D
2018-09-29,Seattle Sounders,Colorado Rapids,4,0,2018,0x5gOKwZ57,FullTime,31,2.4984,0.2874,H
2018-09-29,D.C. United,CF Montréal,5,0,2018,jYQJwPRPMG,FullTime,31,1.281,2.0607,H
2018-09-29,Chicago Fire,LAFC,3,1,2018,N6MmV16Z5E,FullTime,31,1.0837,1.7772,H
2018-09-30,Minnesota United,New York City FC,2,1,2018,KAqBm6Y45b,FullTime,31,1.5598,1.5296,H
2018-09-30,Houston Dynamo,San Jose Earthquakes,3,2,2018,Oa5wbeW8M1,FullTime,31,2.5199,1.0774,H
2018-09-30,LA Galaxy,Vancouver Whitecaps,3,0,2018,eVq3d74DQW,FullTime,31,2.0588,1.0251,H
2018-09-30,Portland Timbers,FC Dallas,0,0,2018,NWMW2ZyKQl,FullTime,31,0.6206,0.4013,D
2018-09-30,New York Red Bulls,Atlanta United,2,0,2018,gpMOGD8EMz,FullTime,31,2.9945,1.4357,H
2018-09-30,Sporting Kansas City,Real Salt Lake,1,1,2018,0Oq6djpAM6,FullTime,31,1.7825,0.7378,D
2018-10-06,CF Montréal,Columbus Crew,3,0,2018,Oa5wbeWjM1,FullTime,32,1.6454,1.8261,H
2018-10-06,Atlanta United,New England Revolution,2,1,2018,gOMnV1OXMw,FullTime,32,1.6537,1.2075,H
2018-10-06,Toronto FC,Vancouver Whitecaps,1,2,2018,7VqG79Oeqv,FullTime,32,2.0567,1.1971,A
2018-10-06,Philadelphia Union,Minnesota United,5,1,2018,eVq3d746QW,FullTime,32,1.8731,1.6959,H
2018-10-07,San Jose Earthquakes,New York Red Bulls,1,3,2018,NWMW2Zy7Ql,FullTime,32,1.0133,2.2967,A
2018-10-07,D.C. United,Chicago Fire,2,1,2018,0Oq6djpXM6,FullTime,32,2.3101,1.1885,H
2018-10-07,Colorado Rapids,LAFC,0,3,2018,vzqox1nkQa,FullTime,32,0.6446,1.9813,A
2018-10-07,Sporting Kansas City,LA Galaxy,1,1,2018,jYQJwPRyMG,FullTime,32,2.7942,1.3386,D
2018-10-07,FC Dallas,Orlando City,2,0,2018,2lqRn8r0qr,FullTime,32,0.8261,0.4803,H
2018-10-07,Real Salt Lake,Portland Timbers,1,4,2018,KAqBm6YJ5b,FullTime,32,0.9584,2.4031,A
2018-10-09,Seattle Sounders,Houston Dynamo,4,1,2018,0x5gOKwr57,FullTime,32,1.5377,1.3623,H
2018-10-13,LAFC,Houston Dynamo,4,2,2018,315V2Nl659,FullTime,34,2.6153,0.9178,H
2018-10-13,Minnesota United,Colorado Rapids,0,2,2018,gOMnV1OmMw,FullTime,33,1.3193,1.3216,A
2018-10-13,D.C. United,FC Dallas,1,0,2018,gpMOGD8nMz,FullTime,33,1.5033,0.7946,H
2018-10-13,New England Revolution,Orlando City,2,0,2018,vzqox1njQa,FullTime,33,2.2971,0.4933,H
2018-10-17,Orlando City,Seattle Sounders,1,2,2018,wvq9d7xZ5W,FullTime,34,1.1378,1.0856,A
2018-10-17,D.C. United,Toronto FC,1,0,2018,9z5kV8glMA,FullTime,34,0.6378,0.6229,H
2018-10-18,Vancouver Whitecaps,Sporting Kansas City,1,4,2018,2lqRn8rWqr,FullTime,34,0.6976,2.3564,A
2018-10-19,Real Salt Lake,New England Revolution,4,1,2018,KXMeGb2xq6,FullTime,34,2.2459,1.3957,H
2018-10-21,FC Dallas,Sporting Kansas City,0,3,2018,Pk5LBN8mQO,FullTime,34,1.5733,2.7703,A
2018-10-21,Portland Timbers,Real Salt Lake,3,0,2018,Vj58d8G358,FullTime,34,2.0932,0.7302,H
2018-10-21,LAFC,Vancouver Whitecaps,2,2,2018,7vQ7dpgYMD,FullTime,34,2.0835,1.3725,D
2018-10-21,San Jose Earthquakes,Colorado Rapids,0,0,2018,9YqdglN95v,FullTime,34,1.8987,0.5383,D
2018-10-21,Minnesota United,LA Galaxy,1,3,2018,eV5D7nPaMK,FullTime,34,1.4935,1.0818,A
2018-10-21,Atlanta United,Chicago Fire,2,1,2018,EGMP6N2jqa,FullTime,34,0.6865,0.699,H
2018-10-21,CF Montréal,Toronto FC,2,0,2018,2vQ1y7p4Qr,FullTime,34,1.87,0.7146,H
2018-10-21,D.C. United,New York City FC,3,1,2018,gjMNg8bv5K,FullTime,34,2.1828,1.0153,H
2018-10-21,Houston Dynamo,Seattle Sounders,2,3,2018,raMybpdA5d,FullTime,34,1.492,0.9502,A
2018-10-21,Philadelphia Union,New York Red Bulls,0,1,2018,OlMlP1ZgML,FullTime,34,0.6614,1.377,A
2018-10-21,Orlando City,Columbus Crew,2,1,2018,a35r71bBqL,FullTime,34,2.2321,1.046,H
2018-10-28,Toronto FC,Atlanta United,4,1,2018,zeQZ4NbK5K,FullTime,35,1.0208,2.0528,H
2018-10-28,New England Revolution,CF Montréal,1,0,2018,xW5pelZlqg,FullTime,35,0.7201,0.9612,H
2018-10-28,Chicago Fire,D.C. United,0,0,2018,odMX2Nb2qY,FullTime,35,0.4829,0.9717,D
2018-10-28,New York City FC,Philadelphia Union,3,1,2018,kRQa3EDg5K,FullTime,35,1.6191,1.8605,H
2018-10-28,Sporting Kansas City,LAFC,2,1,2018,aDQ0y7ppME,FullTime,35,0.6341,1.5178,H
2018-10-28,Columbus Crew,Minnesota United,3,2,2018,NPqxb1pgM9,FullTime,35,2.2447,1.4175,H
2018-10-28,LA Galaxy,Houston Dynamo,2,3,2018,KPqjNlZyq6,FullTime,35,2.3528,2.5279,A
2018-10-28,Vancouver Whitecaps,Portland Timbers,2,1,2018,BLMvmxZRQx,FullTime,35,2.277,1.1268,H
2018-10-28,Colorado Rapids,FC Dallas,2,1,2018,9vQ2y7J1qK,FullTime,35,0.7797,1.7959,H
2018-10-28,Seattle Sounders,San Jose Earthquakes,2,1,2018,4wM4473zMj,FullTime,35,2.1053,0.5483,H
2018-10-28,New York Red Bulls,Orlando City,1,0,2018,4JMApGP6QK,FullTime,35,1.9179,0.6587,H
2018-10-31,New York City FC,Philadelphia Union,3,1,2018,315VjZvn59,FullTime,36,1.1859,1.4388,H
2018-11-01,FC Dallas,Portland Timbers,1,2,2018,9z5k09vdqA,FullTime,36,2.054,0.2766,A
2018-11-02,LAFC,Real Salt Lake,2,3,2018,wvq9Ya9BqW,FullTime,36,2.2097,0.2906,A
2018-11-02,D.C. United,Columbus Crew,2,2,2018,EGMPDez6Ma,FullTime,36,1.2899,1.6014,D
2018-11-04,Columbus Crew,New York Red Bulls,1,0,2018,raMyzLOd5d,FullTime,37,0.5076,0.6505,H
2018-11-04,Portland Timbers,Seattle Sounders,2,1,2018,gjMNlnaDqK,FullTime,37,1.4145,0.8648,H
2018-11-05,New York City FC,Atlanta United,0,1,2018,7vQ7ZaoGqD,FullTime,37,0.9008,2.0792,A
2018-11-05,Real Salt Lake,Sporting Kansas City,1,1,2018,Pk5LYmjYqO,FullTime,37,0.657,1.0472,D
2018-11-09,Seattle Sounders,Portland Timbers,3,2,2018,2vQ1EaWOQr,FullTime,38,3.2045,1.0056,H
2018-11-11,Sporting Kansas City,Real Salt Lake,4,2,2018,eV5DZmlnQK,FullTime,38,3.4357,1.5458,H
2018-11-11,Atlanta United,New York City FC,3,1,2018,OlMlb7vDqL,FullTime,38,2.1806,0.6931,H
2018-11-12,New York Red Bulls,Columbus Crew,3,0,2018,a35rzdw25L,FullTime,38,1.4539,0.8795,H
2018-11-25,Atlanta United,New York Red Bulls,3,0,2018,9YqdAXvEQv,FullTime,39,1.4194,0.3856,H
2018-11-26,Portland Timbers,Sporting Kansas City,0,0,2018,Vj582ERLQ8,FullTime,39,0.587,1.1121,D
2018-11-30,Sporting Kansas City,Portland Timbers,2,3,2018,KXMeVevP56,FullTime,40,2.3389,0.576,A
2018-11-30,New York Red Bulls,Atlanta United,1,0,2018,odMXl4vxMY,FullTime,40,1.4478,0.7474,H
2018-12-09,Atlanta United,Portland Timbers,2,0,2018,9vQ21agmqK,FullTime,41,1.1515,0.7968,H
2019-03-02,Orlando City,New York City FC,2,2,2019,Oa5wv04XM1,FullTime,1,1.6006,1.2232,D
2019-03-02,FC Dallas,New England Revolution,1,1,2019,zeQZZkGNQK,FullTime,1,0.6922,0.7225,D
2019-03-02,Columbus Crew,New York Red Bulls,1,1,2019,kRQaVwkOMK,FullTime,1,1.7444,0.936,D
2019-03-02,Vancouver Whitecaps,Minnesota United,2,3,2019,p6qbZ3Vaq0,FullTime,1,0.9,1.8839,A
2019-03-02,Colorado Rapids,Portland Timbers,3,3,2019,XVqKlLpNQ0,FullTime,1,1.9804,3.9586,D
2019-03-02,Houston Dynamo,Real Salt Lake,1,1,2019,4JMAm8rPMK,FullTime,1,0.4034,0.7378,D
2019-03-02,Philadelphia Union,Toronto FC,1,3,2019,KPqj0BrNM6,FullTime,1,2.8327,1.6659,A
2019-03-03,LA Galaxy,Chicago Fire,2,1,2019,e7Mzv0KPMr,FullTime,1,2.392,1.4835,H
2019-03-03,San Jose Earthquakes,CF Montréal,1,2,2019,jYQJdYjE5G,FullTime,1,0.8757,1.294,A
2019-03-03,Seattle Sounders,FC Cincinnati,4,1,2019,Xj5YDygxMb,FullTime,1,2.7165,0.4618,H
2019-03-03,D.C. United,Atlanta United,2,0,2019,eVq31rOgMW,FullTime,1,1.8129,0.2967,H
2019-03-04,LAFC,Sporting Kansas City,2,1,2019,KAqB2vl7qb,FullTime,1,0.9955,1.0973,H
2019-03-09,Real Salt Lake,Vancouver Whitecaps,1,0,2019,aDQ04ee3QE,FullTime,2,1.4137,0.9922,H
2019-03-09,Houston Dynamo,CF Montréal,2,1,2019,9YqdA9oOQv,FullTime,2,1.2852,0.323,H
2019-03-09,New England Revolution,Columbus Crew,0,2,2019,0Oq612R756,FullTime,2,1.4138,1.0508,A
2019-03-09,Chicago Fire,Orlando City,1,1,2019,0x5gVJ7jM7,FullTime,2,0.8438,0.1563,D
2019-03-09,FC Dallas,LA Galaxy,2,0,2019,Vj582jW8Q8,FullTime,2,1.9351,1.4797,H
2019-03-10,San Jose Earthquakes,Minnesota United,0,3,2019,KXMeVd8656,FullTime,2,1.1102,1.9913,A
2019-03-10,Seattle Sounders,Colorado Rapids,2,0,2019,odMXlg7aMY,FullTime,2,2.093,1.0398,H
2019-03-10,New York City FC,D.C. United,0,0,2019,gpMO2LZRQz,FullTime,2,1.1338,0.6779,D
2019-03-10,Sporting Kansas City,Philadelphia Union,2,0,2019,7VqGaL2XMv,FullTime,2,2.6322,2.0218,H
2019-03-10,Atlanta United,FC Cincinnati,1,1,2019,NWMWDgBz5l,FullTime,2,0.6875,0.5602,D
2019-03-10,LAFC,Portland Timbers,4,1,2019,9vQ21EZoqK,FullTime,2,3.3652,0.9575,H
2019-03-16,Chicago Fire,Seattle Sounders,2,4,2019,NPqxvYxkM9,FullTime,3,3.5039,2.5256,A
2019-03-16,Columbus Crew,FC Dallas,1,0,2019,aDQ04YNvQE,FullTime,3,1.0895,0.6887,H
2019-03-16,Houston Dynamo,Vancouver Whitecaps,3,2,2019,xW5p03yB5g,FullTime,3,3.3387,1.106,H
2019-03-16,New York Red Bulls,San Jose Earthquakes,4,1,2019,N6MmAGdwME,FullTime,3,3.9263,0.5823,H
2019-03-16,Orlando City,CF Montréal,1,3,2019,4JMAmZo7MK,FullTime,3,1.8777,1.7972,A
2019-03-17,Toronto FC,New England Revolution,3,2,2019,ljqEz9eYQx,FullTime,3,1.701,1.0774,H
2019-03-17,FC Cincinnati,Portland Timbers,3,0,2019,BLMvvrA8Mx,FullTime,3,2.0678,1.074,H
2019-03-17,Atlanta United,Philadelphia Union,1,1,2019,4wM41rJg5j,FullTime,3,1.1083,1.4544,D
2019-03-17,New York City FC,LAFC,2,2,2019,BLMvvO7jMx,FullTime,3,1.2656,2.346,D
2019-03-17,LA Galaxy,Minnesota United,3,2,2019,kRQaV8o1MK,FullTime,3,2.5671,1.4695,H
2019-03-17,D.C. United,Real Salt Lake,5,0,2019,KPqj0aKPM6,FullTime,3,3.7041,0.3321,H
2019-03-18,Colorado Rapids,Sporting Kansas City,1,1,2019,zeQZZ6XzQK,FullTime,3,1.1951,0.7747,D
2019-03-23,New York Red Bulls,Orlando City,0,1,2019,e7Mzv7JOMr,FullTime,4,0.7584,1.0681,A
2019-03-23,Philadelphia Union,Columbus Crew,3,0,2019,N6MmAaovME,FullTime,4,1.1811,0.7751,H
2019-03-23,FC Dallas,Colorado Rapids,2,1,2019,XVqKlvewQ0,FullTime,4,1.9622,1.3652,H
2019-03-24,LAFC,Real Salt Lake,2,1,2019,p6qbZ1o4q0,FullTime,4,1.0208,0.8709,H
2019-03-24,New England Revolution,FC Cincinnati,0,2,2019,ljqEzaLwQx,FullTime,4,1.9844,1.2425,A
2019-03-30,Toronto FC,New York City FC,4,0,2019,Xj5YDY9XMb,FullTime,5,2.7577,0.6054,H
2019-03-30,Chicago Fire,New York Red Bulls,1,0,2019,jYQJdXaW5G,FullTime,5,1.3559,0.2986,H
2019-03-30,New England Revolution,Minnesota United,2,1,2019,0x5gVbL7M7,FullTime,5,1.926,1.943,H
2019-03-30,Sporting Kansas City,CF Montréal,7,1,2019,NWMWDWle5l,FullTime,5,3.4332,0.9919,H
2019-03-30,San Jose Earthquakes,LAFC,0,5,2019,0Oq61Y3r56,FullTime,5,0.3468,3.8862,A
2019-03-30,FC Cincinnati,Philadelphia Union,0,2,2019,Oa5wvDABM1,FullTime,5,0.2344,1.9391,A
2019-03-30,Columbus Crew,Atlanta United,2,0,2019,KAqB2zNXqb,FullTime,5,2.1964,1.4165,H
2019-03-31,Orlando City,D.C. United,1,2,2019,gjMNlYgvqK,FullTime,5,1.4271,0.5735,A
2019-03-31,Vancouver Whitecaps,Seattle Sounders,0,0,2019,gpMO2XeOQz,FullTime,5,1.2791,1.2838,D
2019-03-31,Real Salt Lake,FC Dallas,2,4,2019,7VqGa10AMv,FullTime,5,0.4163,1.2836,A
2019-03-31,Colorado Rapids,Houston Dynamo,1,4,2019,eVq31ZxnMW,FullTime,5,2.2142,1.4151,A
2019-04-01,LA Galaxy,Portland Timbers,2,1,2019,Pk5LYXBmqO,FullTime,5,2.7404,0.9749,H
2019-04-06,New York City FC,CF Montréal,0,0,2019,2vQ1Exy4Qr,FullTime,6,0.7957,0.2288,D
2019-04-06,Toronto FC,Chicago Fire,2,2,2019,odMXlg22MY,FullTime,6,2.0345,1.2106,D
2019-04-06,D.C. United,LAFC,0,4,2019,eV5DZX7aQK,FullTime,6,1.6154,3.2161,A
2019-04-06,New York Red Bulls,Minnesota United,1,2,2019,a35rzW7B5L,FullTime,6,1.2701,1.0021,A
2019-04-06,Philadelphia Union,FC Dallas,2,1,2019,Vj582jd3Q8,FullTime,6,2.6497,0.2056,H
2019-04-06,Columbus Crew,New England Revolution,1,0,2019,7vQ7ZldYqD,FullTime,6,0.6578,0.9063,H
2019-04-06,Vancouver Whitecaps,LA Galaxy,0,2,2019,raMyz7bA5d,FullTime,6,1.5934,1.3874,A
2019-04-06,Orlando City,Colorado Rapids,4,3,2019,OlMlbdPgqL,FullTime,6,3.039,1.4566,H
2019-04-07,San Jose Earthquakes,Portland Timbers,3,0,2019,9YqdA9g9Qv,FullTime,6,2.5733,1.3033,H
2019-04-07,Seattle Sounders,Real Salt Lake,1,0,2019,KXMeVdGx56,FullTime,6,1.6315,1.1082,H
2019-04-07,FC Cincinnati,Sporting Kansas City,1,1,2019,9vQ21Ey1qK,FullTime,6,2.3578,1.9052,D
2019-04-10,D.C. United,CF Montréal,0,0,2019,NPqxvYbgM9,FullTime,7,0.4498,0.5717,D
2019-04-13,Minnesota United,New York City FC,3,3,2019,xW5p07205g,FullTime,4,1.8088,1.372,D
2019-04-13,New England Revolution,Atlanta United,0,2,2019,gOMnKJY65w,FullTime,7,0.6821,2.394,A
2019-04-13,Seattle Sounders,Toronto FC,3,2,2019,2lqRYX725r,FullTime,7,1.2494,0.8249,H
2019-04-13,CF Montréal,Columbus Crew,1,0,2019,4wM41pnB5j,FullTime,4,0.7904,1.2141,H
2019-04-13,Chicago Fire,Vancouver Whitecaps,1,1,2019,KPqj0aNyM6,FullTime,7,1.9436,0.3064,D
2019-04-13,Houston Dynamo,San Jose Earthquakes,2,1,2019,BLMvvOmRMx,FullTime,7,2.8935,0.9739,H
2019-04-14,FC Dallas,Portland Timbers,2,1,2019,4wM41r4z5j,FullTime,7,1.8509,1.4673,H
2019-04-14,Real Salt Lake,Orlando City,2,1,2019,vzqobwJ75a,FullTime,7,0.7197,1.307,H
2019-04-14,Colorado Rapids,D.C. United,2,3,2019,kRQaV83gMK,FullTime,7,1.6654,1.5078,A
2019-04-14,LAFC,FC Cincinnati,2,0,2019,p6qbZ1B6q0,FullTime,7,1.8571,0.8719,H
2019-04-14,LA Galaxy,Philadelphia Union,2,0,2019,XVqKlv3RQ0,FullTime,7,1.7275,0.7448,H
2019-04-14,Sporting Kansas City,New York Red Bulls,2,2,2019,jYQJdXgB5G,FullTime,7,1.7991,1.0253,D
2019-04-18,Vancouver Whitecaps,LAFC,1,0,2019,Oa5wvDdAM1,FullTime,8,0.728,0.8831,H
2019-04-19,FC Cincinnati,Real Salt Lake,0,3,2019,eVq31ZyyMW,FullTime,8,1.25,1.9863,A
2019-04-20,New England Revolution,New York Red Bulls,1,0,2019,gpMO2Xe2Qz,FullTime,8,0.9299,0.7853,H
2019-04-20,Atlanta United,FC Dallas,1,2,2019,0x5gVbWbM7,FullTime,8,2.6296,0.7881,A
2019-04-20,Orlando City,Vancouver Whitecaps,1,0,2019,gOMnKJYO5w,FullTime,8,1.9548,0.6783,H
2019-04-20,Columbus Crew,Portland Timbers,1,3,2019,0Oq61YLd56,FullTime,8,1.2064,1.3257,A
2019-04-20,Philadelphia Union,CF Montréal,3,0,2019,vzqobwJZ5a,FullTime,8,1.156,0.5372,H
2019-04-20,LA Galaxy,Houston Dynamo,2,1,2019,KAqB2zkvqb,FullTime,8,2.1596,1.467,H
2019-04-20,Toronto FC,Minnesota United,4,3,2019,NWMWDWoj5l,FullTime,8,2.2708,2.7157,H
2019-04-20,Chicago Fire,Colorado Rapids,4,1,2019,7VqGa13WMv,FullTime,8,2.7583,0.9254,H
2019-04-21,San Jose Earthquakes,Sporting Kansas City,4,1,2019,wvq9YEX7qW,FullTime,8,2.2592,3.4113,H
2019-04-21,D.C. United,New York City FC,0,2,2019,9z5k0d3PqA,FullTime,8,0.7152,1.6183,A
2019-04-21,LAFC,Seattle Sounders,4,1,2019,315VjB7E59,FullTime,8,2.9353,0.2987,H
2019-04-24,New York City FC,Chicago Fire,1,0,2019,odMXlgErMY,FullTime,9,1.7472,0.5486,H
2019-04-24,Columbus Crew,D.C. United,0,1,2019,Pk5LYX6LqO,FullTime,9,1.2955,1.1715,A
2019-04-24,New England Revolution,CF Montréal,0,3,2019,7vQ7ZlxEqD,FullTime,9,0.973,2.1969,A
2019-04-25,Minnesota United,LA Galaxy,0,0,2019,raMyz7ek5d,FullTime,9,1.2086,0.4445,D
2019-04-25,Seattle Sounders,San Jose Earthquakes,2,2,2019,9vQ21E4YqK,FullTime,9,1.4006,1.79,D
2019-04-27,New York City FC,Orlando City,1,1,2019,9z5k0dWPqA,FullTime,9,1.411,0.655,D
2019-04-27,Toronto FC,Portland Timbers,1,2,2019,eVq31ZryMW,FullTime,9,0.9261,1.0654,A
2019-04-27,FC Dallas,San Jose Earthquakes,0,0,2019,zeQZZ6exQK,FullTime,9,0.6272,1.0792,D
2019-04-27,Vancouver Whitecaps,Philadelphia Union,1,1,2019,KAqB2zvvqb,FullTime,9,1.0453,0.7353,D
2019-04-27,Atlanta United,Colorado Rapids,1,0,2019,NPqxvYAGM9,FullTime,9,1.3942,0.4412,H
2019-04-27,New York Red Bulls,FC Cincinnati,1,0,2019,N6MmAaGeME,FullTime,9,1.2629,0.6066,H
2019-04-28,Seattle Sounders,LAFC,1,1,2019,315VjBWE59,FullTime,9,0.6156,3.8809,D
2019-04-28,Minnesota United,D.C. United,1,0,2019,0x5gVbJbM7,FullTime,9,0.9557,0.6575,H
2019-04-28,Houston Dynamo,Columbus Crew,2,0,2019,BLMvvO6AMx,FullTime,9,2.406,0.9024,H
2019-04-28,Sporting Kansas City,New England Revolution,4,4,2019,XVqKlv2KQ0,FullTime,9,3.6197,3.5113,D
2019-04-28,CF Montréal,Chicago Fire,1,0,2019,p6qbZ1g8q0,FullTime,9,0.9979,0.9676,H
2019-04-29,LA Galaxy,Real Salt Lake,2,1,2019,NWMWDWgj5l,FullTime,9,1.6898,1.4919,H
2019-05-01,Philadelphia Union,FC Cincinnati,2,0,2019,EGMPDXr4Ma,FullTime,10,2.5403,1.2425,H
2019-05-04,Colorado Rapids,Vancouver Whitecaps,2,3,2019,Pk5LYXzLqO,FullTime,10,2.409,1.6551,A
2019-05-04,New York Red Bulls,LA Galaxy,3,2,2019,KXMeVdgX56,FullTime,10,2.2817,3.1271,H
2019-05-04,Orlando City,Toronto FC,0,2,2019,odMXlgGrMY,FullTime,10,1.2915,1.2424,A
2019-05-04,Houston Dynamo,FC Dallas,2,1,2019,eV5DZX2EQK,FullTime,10,1.9605,1.6643,H
2019-05-04,CF Montréal,New York City FC,0,2,2019,9YqdA9WjQv,FullTime,10,0.3754,2.1492,A
2019-05-04,Philadelphia Union,New England Revolution,6,1,2019,9vQ21ENYqK,FullTime,10,2.9722,2.6826,H
2019-05-05,D.C. United,Columbus Crew,3,1,2019,raMyz7ok5d,FullTime,10,1.9975,0.7729,H
2019-05-05,Minnesota United,Seattle Sounders,1,1,2019,Vj582jaJQ8,FullTime,10,0.8705,0.9727,D
2019-05-05,Real Salt Lake,Portland Timbers,1,2,2019,NPqxvYoGM9,FullTime,10,1.6233,0.4926,A
2019-05-05,San Jose Earthquakes,FC Cincinnati,1,0,2019,aDQ04YxBQE,FullTime,10,0.6651,1.1192,H
2019-05-05,LAFC,Chicago Fire,0,0,2019,OlMlbdgEqL,FullTime,10,2.7696,0.8524,D
2019-05-06,Sporting Kansas City,Atlanta United,0,3,2019,KPqj0aBnM6,FullTime,10,0.5557,1.6599,A
2019-05-08,Columbus Crew,LA Galaxy,3,1,2019,4JMAmZ8lMK,FullTime,11,1.3329,1.0024,H
2019-05-08,Atlanta United,Toronto FC,2,0,2019,xW5p037G5g,FullTime,11,1.5888,0.6207,H
2019-05-09,New York Red Bulls,CF Montréal,1,2,2019,4wM41rpk5j,FullTime,11,0.7231,1.6333,A
2019-05-09,Chicago Fire,New England Revolution,5,0,2019,kRQaV8wmMK,FullTime,11,3.1251,0.3014,H
2019-05-11,Vancouver Whitecaps,Portland Timbers,1,0,2019,eVq31ZeyMW,FullTime,11,1.2373,1.5498,H
2019-05-11,FC Cincinnati,CF Montréal,2,1,2019,0x5gVbkbM7,FullTime,11,0.5577,1.0835,H
2019-05-11,FC Dallas,New York Red Bulls,1,3,2019,vzqobweZ5a,FullTime,11,1.4826,0.912,A
2019-05-11,Toronto FC,Philadelphia Union,1,2,2019,NWMWDWjK5l,FullTime,11,0.9911,0.6725,A
2019-05-11,LA Galaxy,New York City FC,0,2,2019,jYQJdXZP5G,FullTime,11,1.4194,1.7839,A
2019-05-11,Columbus Crew,LAFC,0,3,2019,gOMnKJdO5w,FullTime,11,0.5147,2.0908,A
2019-05-11,New England Revolution,San Jose Earthquakes,3,1,2019,Oa5wvDK8M1,FullTime,11,1.9903,1.6648,H
2019-05-12,Chicago Fire,Minnesota United,2,0,2019,NWMWDWjj5l,FullTime,11,2.3,0.7014,H
2019-05-12,Colorado Rapids,Real Salt Lake,2,3,2019,0Oq61YJd56,FullTime,11,2.6262,2.7417,A
2019-05-12,Seattle Sounders,Houston Dynamo,1,0,2019,eVq31ZeDMW,FullTime,11,1.455,1.3113,H
2019-05-12,Atlanta United,Orlando City,1,0,2019,0x5gVbkZM7,FullTime,11,0.9529,1.5935,H
2019-05-12,D.C. United,Sporting Kansas City,1,0,2019,7VqGa1Z6Mv,FullTime,11,1.0584,0.9767,H
2019-05-16,Seattle Sounders,Orlando City,2,1,2019,gOMnKJdX5w,FullTime,12,1.956,0.4855,H
2019-05-16,Vancouver Whitecaps,Atlanta United,0,1,2019,wvq9YEBwqW,FullTime,12,0.4044,2.2178,A
2019-05-16,Toronto FC,D.C. United,0,0,2019,vzqobwek5a,FullTime,12,3.2136,0.1058,D
2019-05-16,Houston Dynamo,Portland Timbers,1,1,2019,0Oq61YJA56,FullTime,12,2.0786,1.7154,D
2019-05-17,LAFC,FC Dallas,2,0,2019,315VjB1959,FullTime,12,2.9677,0.5233,H
2019-05-18,CF Montréal,New England Revolution,0,0,2019,EGMPDXYVMa,FullTime,12,1.2455,0.9096,D
2019-05-18,Real Salt Lake,Toronto FC,3,0,2019,NPqxvYYmM9,FullTime,12,2.1919,0.6263,H
2019-05-18,San Jose Earthquakes,Chicago Fire,4,1,2019,KPqj0aaRM6,FullTime,12,2.7963,1.2323,H
2019-05-18,Philadelphia Union,Seattle Sounders,0,0,2019,odMXlg1WMY,FullTime,12,1.1907,0.5185,D
2019-05-19,FC Dallas,LAFC,1,1,2019,kRQaV88oMK,FullTime,12,0.6964,2.783,D
2019-05-19,New York Red Bulls,Atlanta United,1,0,2019,p6qbZ11Bq0,FullTime,12,0.644,0.8312,H
2019-05-19,Orlando City,FC Cincinnati,5,1,2019,N6MmAaaZME,FullTime,12,2.5154,0.8021,H
2019-05-19,Sporting Kansas City,Vancouver Whitecaps,1,1,2019,7vQ7Zlw2qD,FullTime,12,1.0133,0.7319,D
2019-05-19,Houston Dynamo,D.C. United,2,1,2019,BLMvvOOOMx,FullTime,12,2.1427,1.1433,H
2019-05-19,Minnesota United,Columbus Crew,1,0,2019,KXMeVdKr56,FullTime,12,1.3807,0.1451,H
2019-05-20,LA Galaxy,Colorado Rapids,0,1,2019,XVqKlvvOQ0,FullTime,12,1.9692,3.1734,A
2019-05-23,New York Red Bulls,Vancouver Whitecaps,2,2,2019,XVqKlvOOQ0,FullTime,13,1.1785,1.8591,D
2019-05-24,Orlando City,LA Galaxy,0,1,2019,N6MmAaLZME,FullTime,13,1.8251,0.4842,A
2019-05-25,Philadelphia Union,Portland Timbers,1,3,2019,0Oq61Y4A56,FullTime,13,2.0415,1.3297,A
2019-05-25,New England Revolution,D.C. United,1,1,2019,7VqGa1W6Mv,FullTime,13,1.0772,2.7332,D
2019-05-25,FC Cincinnati,New York Red Bulls,0,2,2019,gOMnKJyX5w,FullTime,13,1.752,1.1788,A
2019-05-25,LAFC,CF Montréal,4,2,2019,p6qbZ1xBq0,FullTime,13,3.5083,1.7412,H
2019-05-25,Chicago Fire,New York City FC,1,1,2019,KAqB2zn4qb,FullTime,13,1.152,0.8019,D
2019-05-25,Real Salt Lake,Atlanta United,2,1,2019,Xj5YDY3AMb,FullTime,13,0.99,0.8299,H
2019-05-25,Vancouver Whitecaps,FC Dallas,2,1,2019,gpMO2X3EQz,FullTime,13,0.7376,1.3212,H
2019-05-26,Minnesota United,Houston Dynamo,1,0,2019,0x5gVb0ZM7,FullTime,13,1.2668,1.1238,H
2019-05-26,Colorado Rapids,Columbus Crew,3,2,2019,NWMWDWJK5l,FullTime,13,1.4405,1.8248,H
2019-05-26,Sporting Kansas City,Seattle Sounders,3,2,2019,vzqobwLk5a,FullTime,13,1.7124,1.3857,H
2019-05-26,Toronto FC,San Jose Earthquakes,1,2,2019,2lqRYXg05r,FullTime,13,1.6437,1.4208,A
2019-05-29,Atlanta United,Minnesota United,3,0,2019,jYQJdX6y5G,FullTime,14,1.8097,1.2479,H
2019-05-29,CF Montréal,Real Salt Lake,2,1,2019,KAqB2znJqb,FullTime,14,2.2019,1.1718,H
2019-05-30,D.C. United,Chicago Fire,3,3,2019,Oa5wvDxjM1,FullTime,14,1.2482,3.2135,D
2019-05-30,Philadelphia Union,Colorado Rapids,1,1,2019,NWMWDWJ75l,FullTime,14,3.7282,1.0993,D
2019-05-30,Sporting Kansas City,LA Galaxy,0,2,2019,eVq31ZX6MW,FullTime,14,0.8597,0.9822,A
2019-06-01,Columbus Crew,New York City FC,2,2,2019,gpMO2X3nQz,FullTime,14,1.7534,0.9276,D
2019-06-01,New York Red Bulls,Real Salt Lake,4,0,2019,9z5k0dAlqA,FullTime,14,1.9085,0.5408,H
2019-06-01,CF Montréal,Orlando City,0,3,2019,wvq9YEJZqW,FullTime,14,0.8002,1.7007,A
2019-06-01,Vancouver Whitecaps,Toronto FC,1,1,2019,0x5gVb0rM7,FullTime,14,0.9555,0.5089,D
2019-06-01,Atlanta United,Chicago Fire,2,0,2019,7VqGa1WeMv,FullTime,14,1.3812,1.0778,H
2019-06-02,D.C. United,San Jose Earthquakes,1,1,2019,315VjBn659,FullTime,14,1.0183,1.9346,D
2019-06-02,Houston Dynamo,Sporting Kansas City,1,1,2019,EGMPDXBjMa,FullTime,14,1.3009,0.6133,D
2019-06-02,Colorado Rapids,FC Cincinnati,3,1,2019,0Oq61Y4X56,FullTime,14,2.384,1.1453,H
2019-06-02,FC Dallas,Seattle Sounders,2,1,2019,gOMnKJym5w,FullTime,14,0.8158,0.178,H
2019-06-02,Portland Timbers,LAFC,2,3,2019,gOMnKaex5w,FullTime,5,2.2428,2.2295,A
2019-06-02,Minnesota United,Philadelphia Union,2,3,2019,2lqRYXgW5r,FullTime,14,2.561,2.6653,A
2019-06-03,LA Galaxy,New England Revolution,1,2,2019,vzqobwLj5a,FullTime,14,1.6706,2.6768,A
2019-06-05,CF Montréal,Seattle Sounders,2,1,2019,Xj5YDYYAMb,FullTime,20,1.4591,0.8092,H
2019-06-06,New York City FC,FC Cincinnati,5,2,2019,2lqRYX7A5r,FullTime,15,3.1505,1.5085,H
2019-06-07,Toronto FC,Sporting Kansas City,2,2,2019,EGMPDXR4Ma,FullTime,15,2.2453,1.8892,D
2019-06-08,San Jose Earthquakes,FC Dallas,2,2,2019,eV5DZXkEQK,FullTime,15,1.1254,0.6706,D
2019-06-08,Philadelphia Union,New York Red Bulls,3,2,2019,gjMNlY6kqK,FullTime,15,2.938,0.8076,H
2019-06-09,Colorado Rapids,Minnesota United,1,0,2019,e7Mzv776Mr,FullTime,20,0.4994,0.8825,H
2019-06-22,FC Cincinnati,LA Galaxy,0,2,2019,9YqdA9wjQv,FullTime,16,0.502,1.8452,A
2019-06-23,FC Dallas,Toronto FC,3,0,2019,2vQ1ExdlQr,FullTime,16,3.1193,0.4895,H
2019-06-23,Vancouver Whitecaps,Colorado Rapids,2,2,2019,OlMlbdBEqL,FullTime,16,2.7103,2.0832,D
2019-06-23,Portland Timbers,Houston Dynamo,4,0,2019,a35rzWBL5L,FullTime,16,3.0432,0.5359,H
2019-06-23,Columbus Crew,Sporting Kansas City,0,1,2019,Vj582jlJQ8,FullTime,16,1.0191,1.7889,A
2019-06-23,Chicago Fire,Real Salt Lake,1,1,2019,KXMeVd3X56,FullTime,17,0.3168,1.0915,D
2019-06-26,New England Revolution,Philadelphia Union,1,1,2019,4JMAmZklMK,FullTime,17,1.3842,1.6629,D
2019-06-27,D.C. United,Orlando City,1,0,2019,xW5p03wG5g,FullTime,17,0.8684,1.5419,H
2019-06-27,Toronto FC,Atlanta United,3,2,2019,4wM41rEk5j,FullTime,17,2.4186,2.839,H
2019-06-27,CF Montréal,Portland Timbers,2,1,2019,kRQaV8WmMK,FullTime,17,1.1498,1.3918,H
2019-06-27,FC Dallas,Vancouver Whitecaps,2,2,2019,KPqj0awnM6,FullTime,17,2.1585,0.8316,D
2019-06-27,San Jose Earthquakes,Houston Dynamo,2,0,2019,aDQ04YlBQE,FullTime,17,2.1827,0.8344,H
2019-06-29,Columbus Crew,Orlando City,0,2,2019,jYQJdXYB5G,FullTime,17,1.3746,0.2891,A
2019-06-29,New York City FC,Philadelphia Union,4,2,2019,gpMO2XL2Qz,FullTime,17,3.1689,0.789,H
2019-06-29,New England Revolution,Houston Dynamo,2,1,2019,0Oq61Y2d56,FullTime,17,2.1135,0.702,H
2019-06-29,Minnesota United,FC Cincinnati,7,1,2019,7VqGa1LWMv,FullTime,17,3.9286,0.3735,H
2019-06-29,Colorado Rapids,LAFC,1,0,2019,ljqEza9AQx,FullTime,17,0.4945,0.9566,H
2019-06-29,New York Red Bulls,Chicago Fire,3,1,2019,e7Mzv709Mr,FullTime,17,1.4309,3.0134,H
2019-06-29,Atlanta United,CF Montréal,2,1,2019,Xj5YDYywMb,FullTime,17,1.4027,1.5608,H
2019-06-30,D.C. United,Toronto FC,1,1,2019,Oa5wvD0AM1,FullTime,17,1.4373,1.11,D
2019-06-30,San Jose Earthquakes,LA Galaxy,3,0,2019,vzqobwOZ5a,FullTime,17,1.6141,0.936,H
2019-06-30,Real Salt Lake,Sporting Kansas City,2,0,2019,gOMnKJaO5w,FullTime,17,1.4614,0.4791,H
2019-06-30,Seattle Sounders,Vancouver Whitecaps,1,0,2019,2lqRYXJA5r,FullTime,17,1.7143,0.9977,H
2019-07-01,Portland Timbers,FC Dallas,1,0,2019,wvq9YEj7qW,FullTime,17,1.1811,1.3075,H
2019-07-03,New York City FC,Seattle Sounders,3,0,2019,BLMvvOrAMx,FullTime,18,1.9762,0.624,H
2019-07-04,Minnesota United,San Jose Earthquakes,3,1,2019,zeQZZ6kxQK,FullTime,18,1.9117,2.0263,H
2019-07-04,Chicago Fire,Atlanta United,5,1,2019,7vQ7ZleEqD,FullTime,18,3.622,0.9609,H
2019-07-04,Orlando City,Philadelphia Union,1,3,2019,gjMNlY7kqK,FullTime,18,1.1839,1.8398,A
2019-07-04,Sporting Kansas City,LAFC,1,5,2019,a35rzWRL5L,FullTime,18,3.6636,2.0986,A
2019-07-04,Houston Dynamo,New York Red Bulls,4,0,2019,2vQ1ExRlQr,FullTime,18,1.5751,0.7538,H
2019-07-04,Real Salt Lake,Columbus Crew,1,0,2019,XVqKlvLKQ0,FullTime,18,1.5158,0.7444,H
2019-07-05,LA Galaxy,Toronto FC,2,0,2019,e7Mzv7z9Mr,FullTime,18,1.0612,0.9335,H
2019-07-05,FC Dallas,D.C. United,2,0,2019,ljqEzaNAQx,FullTime,18,2.5036,0.4761,H
2019-07-05,Colorado Rapids,New England Revolution,1,2,2019,p6qbZ138q0,FullTime,18,1.9446,0.9378,A
2019-07-06,Columbus Crew,Seattle Sounders,1,2,2019,Xj5YDYjwMb,FullTime,18,1.8748,1.7513,A
2019-07-06,FC Cincinnati,Houston Dynamo,3,2,2019,N6MmAakeME,FullTime,18,1.3948,2.4159,H
2019-07-06,CF Montréal,Minnesota United,2,3,2019,KAqB2zRvqb,FullTime,18,1.0219,1.624,A
2019-07-07,New York City FC,Portland Timbers,0,1,2019,KAqB2zR4qb,FullTime,18,1.2183,0.6219,A
2019-07-07,Atlanta United,New York Red Bulls,3,3,2019,2lqRYXlA5r,FullTime,18,1.6027,0.8445,D
2019-07-07,Philadelphia Union,Orlando City,2,2,2019,7VqGa1ZWMv,FullTime,18,1.5657,1.3023,D
2019-07-07,San Jose Earthquakes,Real Salt Lake,1,0,2019,gpMO2X12Qz,FullTime,18,0.8688,1.1014,H
2019-07-07,Sporting Kansas City,Chicago Fire,1,0,2019,jYQJdXZB5G,FullTime,18,2.3141,0.3911,H
2019-07-07,LAFC,Vancouver Whitecaps,6,1,2019,Oa5wvDKAM1,FullTime,18,3.0001,0.4207,H
2019-07-12,D.C. United,New England Revolution,2,2,2019,gpMO2X1EQz,FullTime,19,1.6081,1.0233,D
2019-07-13,Houston Dynamo,LAFC,1,3,2019,2lqRYXl05r,FullTime,19,2.2149,1.4559,A
2019-07-13,LA Galaxy,San Jose Earthquakes,1,3,2019,9z5k0dNjqA,FullTime,19,0.6676,2.177,A
2019-07-13,CF Montréal,Toronto FC,0,2,2019,eV5DZXRAQK,FullTime,19,1.382,1.3314,A
2019-07-13,Orlando City,Columbus Crew,1,0,2019,2vQ1ExeKQr,FullTime,19,0.5442,0.816,H
2019-07-14,New York Red Bulls,New York City FC,2,1,2019,9vQ21EEaqK,FullTime,19,1.6938,0.7523,H
2019-07-14,Portland Timbers,Colorado Rapids,2,2,2019,a35rzWnA5L,FullTime,19,1.5333,1.3831,D
2019-07-14,Seattle Sounders,Atlanta United,2,1,2019,xW5p033d5g,FullTime,19,2.9836,0.9004,H
2019-07-14,Real Salt Lake,Philadelphia Union,4,0,2019,OlMlbdk0qL,FullTime,19,1.6689,0.1388,H
2019-07-14,Minnesota United,FC Dallas,1,0,2019,raMyz7KO5d,FullTime,19,1.665,1.5882,H
2019-07-14,Vancouver Whitecaps,Sporting Kansas City,0,3,2019,9YqdA9dLQv,FullTime,19,0.7861,2.4451,A
2019-07-14,Chicago Fire,FC Cincinnati,1,2,2019,gjMNlYP0qK,FullTime,19,3.4385,1.06,A
2019-07-17,New England Revolution,Vancouver Whitecaps,4,0,2019,jYQJdXXP5G,FullTime,20,3.0199,1.2954,H
2019-07-17,Atlanta United,Houston Dynamo,5,0,2019,4wM41rrp5j,FullTime,20,2.5703,0.1661,H
2019-07-18,Chicago Fire,Columbus Crew,2,2,2019,zeQZZ661QK,FullTime,20,1.5662,0.9745,D
2019-07-18,Toronto FC,New York Red Bulls,3,1,2019,Oa5wvDD8M1,FullTime,20,2.0663,2.245,H
2019-07-19,FC Cincinnati,D.C. United,1,4,2019,NWMWDWWK5l,FullTime,20,1.3335,1.3396,A
2019-07-19,Portland Timbers,Orlando City,1,1,2019,0x5gVbbZM7,FullTime,20,1.8026,0.187,D
2019-07-20,LA Galaxy,LAFC,3,2,2019,0Oq61YYA56,FullTime,20,0.9175,2.2336,H
2019-07-20,Columbus Crew,CF Montréal,2,1,2019,gOMnKJJX5w,FullTime,20,1.6381,1.0339,H
2019-07-20,Toronto FC,Houston Dynamo,1,3,2019,9z5k0ddjqA,FullTime,20,1.853,1.2974,A
2019-07-20,Philadelphia Union,Chicago Fire,2,0,2019,2lqRYXX05r,FullTime,20,1.2128,0.7381,H
2019-07-21,Orlando City,New York Red Bulls,0,1,2019,gjMNlYY0qK,FullTime,20,1.2951,1.4953,A
2019-07-21,Vancouver Whitecaps,San Jose Earthquakes,1,3,2019,315VjBB959,FullTime,20,0.5679,2.5624,A
2019-07-21,FC Cincinnati,New England Revolution,0,2,2019,Pk5LYXXOqO,FullTime,20,0.8904,2.151,A
2019-07-21,Atlanta United,D.C. United,2,0,2019,EGMPDXXVMa,FullTime,20,3.0514,1.0189,H
2019-07-21,Colorado Rapids,New York City FC,1,2,2019,gpMO2XXEQz,FullTime,20,1.2294,2.7026,A
2019-07-21,Sporting Kansas City,FC Dallas,0,2,2019,vzqobwwk5a,FullTime,20,1.196,1.5874,A
2019-07-21,Real Salt Lake,Minnesota United,1,1,2019,wvq9YEEwqW,FullTime,20,0.5619,0.9777,D
2019-07-22,Seattle Sounders,Portland Timbers,1,2,2019,raMyz77O5d,FullTime,20,2.7513,2.0658,A
2019-07-26,New York City FC,Sporting Kansas City,3,1,2019,7vQ7Zll2qD,FullTime,21,1.8337,1.7786,H
2019-07-27,LAFC,Atlanta United,4,3,2019,OlMlbdd0qL,FullTime,21,2.0541,1.1696,H
2019-07-27,New England Revolution,Orlando City,4,1,2019,KXMeVddr56,FullTime,21,2.44,2.0474,H
2019-07-27,New York Red Bulls,Columbus Crew,2,3,2019,odMXlggWMY,FullTime,21,2.1591,1.7509,A
2019-07-28,Portland Timbers,LA Galaxy,4,0,2019,NPqxvYPmM9,FullTime,21,2.4911,2.1425,H
2019-07-28,San Jose Earthquakes,Colorado Rapids,3,1,2019,aDQ04YEPQE,FullTime,21,1.5534,1.2112,H
2019-07-28,FC Dallas,Real Salt Lake,0,0,2019,2vQ1ExxKQr,FullTime,21,0.658,0.9612,D
2019-07-28,Chicago Fire,D.C. United,0,0,2019,eV5DZXXAQK,FullTime,21,2.0194,0.484,D
2019-07-28,Toronto FC,FC Cincinnati,2,1,2019,9vQ21EXaqK,FullTime,21,0.8947,0.6966,H
2019-07-28,Minnesota United,Vancouver Whitecaps,0,0,2019,Vj582jj4Q8,FullTime,21,1.5776,0.3071,D
2019-07-28,Houston Dynamo,Seattle Sounders,0,1,2019,a35rzWWA5L,FullTime,21,1.0618,1.1517,A
2019-07-28,CF Montréal,Philadelphia Union,4,0,2019,9YqdA99LQv,FullTime,21,2.0155,0.7842,H
2019-08-03,New England Revolution,LAFC,0,2,2019,4wM41rXp5j,FullTime,21,0.5402,3.3713,A
2019-08-03,New York Red Bulls,Toronto FC,2,0,2019,zeQZZ6B1QK,FullTime,21,3.3227,0.7364,H
2019-08-03,Atlanta United,LA Galaxy,3,0,2019,KPqj0axRM6,FullTime,21,2.6599,0.9614,H
2019-08-03,Orlando City,FC Dallas,2,0,2019,BLMvvOLOMx,FullTime,21,1.2764,0.5834,H
2019-08-04,Colorado Rapids,CF Montréal,6,3,2019,kRQaV8poMK,FullTime,21,2.4623,1.6099,H
2019-08-04,Houston Dynamo,Chicago Fire,0,1,2019,4JMAmZOkMK,FullTime,21,0.6684,1.7803,A
2019-08-04,Real Salt Lake,New York City FC,3,1,2019,ljqEza3zQx,FullTime,21,1.525,0.7533,H
2019-08-04,San Jose Earthquakes,Columbus Crew,1,1,2019,e7Mzv7R6Mr,FullTime,21,2.4634,1.1847,D
2019-08-04,Minnesota United,Portland Timbers,1,0,2019,Oa5wvDx8M1,FullTime,21,1.7652,1.1174,H
2019-08-04,D.C. United,Philadelphia Union,1,5,2019,jYQJdX6P5G,FullTime,21,1.6408,3.3757,A
2019-08-04,FC Cincinnati,Vancouver Whitecaps,1,2,2019,xW5p03Ld5g,FullTime,21,1.4404,1.1406,A
2019-08-05,Seattle Sounders,Sporting Kansas City,2,3,2019,eVq31ZXDMW,FullTime,21,1.6757,1.5317,A
2019-08-08,New York City FC,Houston Dynamo,3,2,2019,xW5p03el5g,FullTime,22,3.7238,0.4248,H
2019-08-10,Seattle Sounders,New England Revolution,3,3,2019,EGMPDX6jMa,FullTime,22,2.5314,2.0174,D
2019-08-10,Columbus Crew,FC Cincinnati,2,2,2019,gpMO2XGnQz,FullTime,22,2.3081,0.6923,D
2019-08-10,Toronto FC,Orlando City,1,1,2019,Pk5LYXYmqO,FullTime,22,1.1119,0.5204,D
2019-08-11,Atlanta United,New York City FC,2,1,2019,gjMNlYlvqK,FullTime,22,2.4212,0.9606,H
2019-08-11,D.C. United,LA Galaxy,2,1,2019,raMyz7zA5d,FullTime,22,1.2619,2.9438,H
2019-08-11,Philadelphia Union,Houston Dynamo,2,1,2019,eV5DZXZaQK,FullTime,22,1.102,0.8654,H
2019-08-11,Chicago Fire,CF Montréal,3,2,2019,4JMAmZp6MK,FullTime,22,0.8268,1.6759,H
2019-08-11,Colorado Rapids,San Jose Earthquakes,2,1,2019,zeQZZ64KQK,FullTime,22,1.0156,1.3764,H
2019-08-11,Sporting Kansas City,Real Salt Lake,1,2,2019,wvq9YEdZqW,FullTime,22,1.5302,1.3798,A
2019-08-11,FC Dallas,Minnesota United,5,3,2019,vzqobwxj5a,FullTime,22,2.9542,1.8395,H
2019-08-11,Portland Timbers,Vancouver Whitecaps,3,1,2019,315VjB2659,FullTime,22,1.6317,1.0168,H
2019-08-12,LAFC,New York Red Bulls,4,2,2019,7vQ7ZlZYqD,FullTime,22,2.8448,1.5815,H
2019-08-14,Orlando City,Sporting Kansas City,1,0,2019,OlMlbdbgqL,FullTime,23,1.2443,1.4122,H
2019-08-15,Minnesota United,Colorado Rapids,1,0,2019,a35rzWzB5L,FullTime,23,3.1668,0.5215,H
2019-08-15,Real Salt Lake,Seattle Sounders,3,0,2019,9YqdA9A9Qv,FullTime,23,1.2722,0.4893,H
2019-08-15,LA Galaxy,FC Dallas,2,0,2019,2vQ1ExE4Qr,FullTime,23,1.4795,1.011,H
2019-08-15,Portland Timbers,Chicago Fire,3,2,2019,Vj582j23Q8,FullTime,23,2.1969,0.3474,H
2019-08-17,New York Red Bulls,New England Revolution,1,1,2019,kRQaV8VgMK,FullTime,23,2.7119,0.4787,D
2019-08-17,CF Montréal,FC Dallas,3,3,2019,xW5p030l5g,FullTime,23,1.4906,2.4837,D
2019-08-17,FC Cincinnati,New York City FC,1,4,2019,odMXlgl2MY,FullTime,23,1.6135,1.9134,A
2019-08-17,Columbus Crew,Toronto FC,2,2,2019,9vQ21E11qK,FullTime,23,1.3429,0.7696,D
2019-08-18,Real Salt Lake,LAFC,0,2,2019,4JMAmZm6MK,FullTime,23,0.826,2.9415,A
2019-08-18,Vancouver Whitecaps,D.C. United,1,0,2019,4wM41r1z5j,FullTime,23,0.566,1.5895,H
2019-08-18,LA Galaxy,Seattle Sounders,2,2,2019,KPqj0a0yM6,FullTime,23,1.939,2.8753,D
2019-08-18,Sporting Kansas City,San Jose Earthquakes,2,1,2019,aDQ04Y4pQE,FullTime,23,1.7558,2.2917,H
2019-08-18,Minnesota United,Orlando City,1,1,2019,zeQZZ6ZKQK,FullTime,23,1.5108,1.0777,D
2019-08-18,Houston Dynamo,Colorado Rapids,2,2,2019,NPqxvYvgM9,FullTime,23,2.1142,1.4661,D
2019-08-18,Chicago Fire,Philadelphia Union,2,0,2019,KXMeVdVx56,FullTime,23,2.2614,2.0239,H
2019-08-19,Portland Timbers,Atlanta United,0,2,2019,BLMvvOvRMx,FullTime,23,1.2634,2.4442,A
2019-08-21,New York City FC,Columbus Crew,1,0,2019,N6MmAaVRME,FullTime,24,2.171,1.292,H
2019-08-22,D.C. United,New York Red Bulls,1,2,2019,ljqEza7EQx,FullTime,24,1.2184,2.802,A
2019-08-22,LAFC,San Jose Earthquakes,4,0,2019,e7Mzv7bXMr,FullTime,24,3.2791,1.9832,H
2019-08-23,Sporting Kansas City,Minnesota United,1,0,2019,Xj5YDYE0Mb,FullTime,24,1.2224,0.7164,H
2019-08-24,Portland Timbers,Seattle Sounders,1,2,2019,Oa5wvDbjM1,FullTime,24,2.0435,1.6237,A
2019-08-24,New York City FC,New York Red Bulls,2,1,2019,NWMWDW275l,FullTime,24,2.047,0.4343,H
2019-08-24,Toronto FC,CF Montréal,2,1,2019,gOMnKJVm5w,FullTime,24,1.5192,0.5648,H
2019-08-24,New England Revolution,Chicago Fire,2,1,2019,KAqB2zmJqb,FullTime,24,1.4428,0.6325,H
2019-08-24,Philadelphia Union,D.C. United,3,1,2019,0x5gVbOrM7,FullTime,24,1.9705,0.6415,H
2019-08-24,Orlando City,Atlanta United,0,1,2019,jYQJdXwy5G,FullTime,24,2.3772,1.4294,A
2019-08-25,Real Salt Lake,Colorado Rapids,2,0,2019,7VqGa17eMv,FullTime,24,2.3122,1.7971,H
2019-08-25,San Jose Earthquakes,Vancouver Whitecaps,3,1,2019,0Oq61YdX56,FullTime,24,3.5529,0.0941,H
2019-08-25,FC Cincinnati,Columbus Crew,1,3,2019,2lqRYXnW5r,FullTime,24,1.3479,1.4103,A
2019-08-26,FC Dallas,Houston Dynamo,5,1,2019,eVq31Zd6MW,FullTime,24,3.4718,1.5926,H
2019-08-26,LAFC,LA Galaxy,3,3,2019,9z5k0dVlqA,FullTime,24,3.7354,1.453,D
2019-08-29,CF Montréal,Vancouver Whitecaps,2,1,2019,p6qbZ1Z6q0,FullTime,25,1.7657,2.5182,H
2019-08-31,Philadelphia Union,Atlanta United,3,1,2019,KAqB2z2Jqb,FullTime,25,1.718,1.9452,H
2019-08-31,New England Revolution,Toronto FC,1,1,2019,Oa5wvDvjM1,FullTime,25,1.4584,1.8833,D
2019-08-31,Columbus Crew,Chicago Fire,1,1,2019,ljqEzazEQx,FullTime,25,1.1251,2.5209,D
2019-08-31,New York Red Bulls,Colorado Rapids,0,2,2019,eVq31Z16MW,FullTime,25,1.9003,1.7826,A
2019-08-31,CF Montréal,D.C. United,0,3,2019,jYQJdXdy5G,FullTime,25,1.7255,1.5029,A
2019-09-01,FC Dallas,FC Cincinnati,3,1,2019,e7Mzv7vXMr,FullTime,25,2.3852,0.9821,H
2019-09-01,Sporting Kansas City,Houston Dynamo,1,0,2019,N6MmAaARME,FullTime,25,1.317,1.1954,H
2019-09-01,Vancouver Whitecaps,New York City FC,1,3,2019,7VqGa1aeMv,FullTime,25,1.0179,1.4144,A
2019-09-01,Portland Timbers,Real Salt Lake,1,0,2019,NWMWDWD75l,FullTime,25,0.8235,0.9944,H
2019-09-01,San Jose Earthquakes,Orlando City,3,0,2019,0x5gVbVrM7,FullTime,25,2.5082,0.5893,H
2019-09-01,Seattle Sounders,LA Galaxy,4,3,2019,0Oq61Y1X56,FullTime,25,2.0514,1.9473,H
2019-09-02,LAFC,Minnesota United,0,2,2019,Xj5YDYD0Mb,FullTime,25,1.6636,0.4052,A
2019-09-07,New York City FC,New England Revolution,2,1,2019,gOMnKJKm5w,FullTime,26,3.8544,0.5126,H
2019-09-07,Orlando City,LAFC,2,2,2019,vzqobwbj5a,FullTime,26,1.2579,1.3753,D
2019-09-07,FC Cincinnati,Toronto FC,1,5,2019,gpMO2X2nQz,FullTime,26,1.2493,1.0826,A
2019-09-08,Colorado Rapids,Seattle Sounders,2,0,2019,aDQ04YypQE,FullTime,7,1.862,0.4051,H
2019-09-08,Portland Timbers,Sporting Kansas City,2,1,2019,2lqRYXYW5r,FullTime,26,2.3397,0.5167,H
2019-09-11,New York City FC,Toronto FC,1,1,2019,jYQJdXdk5G,FullTime,27,0.603,2.8335,D
2019-09-12,Colorado Rapids,LA Galaxy,2,1,2019,KAqB2z2Bqb,FullTime,27,1.8454,1.7387,H
2019-09-12,Houston Dynamo,Minnesota United,2,0,2019,Oa5wvDv4M1,FullTime,27,0.9226,0.7811,H
2019-09-12,Real Salt Lake,San Jose Earthquakes,1,0,2019,eVq31Z1VMW,FullTime,27,0.9447,0.6514,H
2019-09-14,New York City FC,San Jose Earthquakes,2,1,2019,0Oq61Ypx56,FullTime,27,1.4514,1.4485,H
2019-09-14,Chicago Fire,FC Dallas,4,0,2019,0x5gVbwPM7,FullTime,27,2.3852,1.0877,H
2019-09-14,Atlanta United,Columbus Crew,1,3,2019,NWMWDWyE5l,FullTime,27,1.779,1.1774,A
2019-09-14,Orlando City,New England Revolution,3,3,2019,gpMO2X8rQz,FullTime,27,1.7433,1.1624,D
2019-09-14,Philadelphia Union,LAFC,1,1,2019,gOMnKJOl5w,FullTime,27,0.9167,1.9123,D
2019-09-14,CF Montréal,FC Cincinnati,0,1,2019,7VqGa1OjMv,FullTime,27,1.8347,0.836,A
2019-09-15,Vancouver Whitecaps,Houston Dynamo,2,1,2019,vzqobwnJ5a,FullTime,27,1.1139,1.5404,H
2019-09-15,Portland Timbers,D.C. United,0,1,2019,315VjBln59,FullTime,27,1.0096,0.6764,A
2019-09-15,Toronto FC,Colorado Rapids,3,2,2019,wvq9YExBqW,FullTime,27,2.8659,2.1411,H
2019-09-15,Minnesota United,Real Salt Lake,3,1,2019,9z5k0dgdqA,FullTime,27,2.6087,1.272,H
2019-09-15,Seattle Sounders,New York Red Bulls,4,2,2019,2lqRYXrJ5r,FullTime,27,1.6948,0.721,H
2019-09-16,LA Galaxy,Sporting Kansas City,7,2,2019,EGMPDX26Ma,FullTime,27,3.9351,2.332,H
2019-09-18,FC Cincinnati,Atlanta United,0,2,2019,Pk5LYXyYqO,FullTime,28,1.6029,1.5636,A
2019-09-19,Portland Timbers,New York Red Bulls,0,2,2019,gjMNlYDDqK,FullTime,28,1.7416,2.7859,A
2019-09-19,Seattle Sounders,FC Dallas,0,0,2019,raMyz7Gd5d,FullTime,28,1.2651,0.3549,D
2019-09-21,Atlanta United,San Jose Earthquakes,3,1,2019,7vQ7ZlNGqD,FullTime,28,2.1787,1.3831,H
2019-09-21,Vancouver Whitecaps,Columbus Crew,1,1,2019,KXMeVd9P56,FullTime,28,1.127,1.8662,D
2019-09-21,FC Cincinnati,Chicago Fire,0,0,2019,eV5DZXgnQK,FullTime,28,0.9493,1.2897,D
2019-09-21,New England Revolution,Real Salt Lake,0,0,2019,9YqdA9REQv,FullTime,28,1.5362,0.5684,D
2019-09-22,Sporting Kansas City,Colorado Rapids,2,3,2019,a35rzW925L,FullTime,28,1.3338,1.3209,A
2019-09-22,Houston Dynamo,Orlando City,2,1,2019,2vQ1Ex8OQr,FullTime,28,2.0517,0.5793,H
2019-09-22,LAFC,Toronto FC,1,1,2019,Vj582jZLQ8,FullTime,28,2.3635,0.3613,D
2019-09-22,LA Galaxy,CF Montréal,2,1,2019,OlMlbdGDqL,FullTime,28,2.9541,1.2994,H
2019-09-22,Portland Timbers,Minnesota United,0,0,2019,odMXlgZxMY,FullTime,28,2.7802,1.8923,D
2019-09-22,FC Dallas,New York City FC,1,1,2019,aDQ04Y83QE,FullTime,28,1.4491,1.0471,D
2019-09-22,New York Red Bulls,Philadelphia Union,2,0,2019,NPqxvYgXM9,FullTime,28,2.0146,0.8266,H
2019-09-23,D.C. United,Seattle Sounders,2,0,2019,9vQ21EpmqK,FullTime,28,1.4929,1.3121,H
2019-09-25,New York City FC,Atlanta United,4,1,2019,4wM41rVN5j,FullTime,29,2.1955,1.3705,H
2019-09-26,San Jose Earthquakes,Philadelphia Union,1,2,2019,xW5p03oJ5g,FullTime,29,1.2157,1.052,A
2019-09-26,LAFC,Houston Dynamo,3,1,2019,kRQaV8OjMK,FullTime,29,1.7699,1.0106,H
2019-09-26,Real Salt Lake,LA Galaxy,1,2,2019,KPqj0aWYM6,FullTime,29,1.0287,1.4014,A
2019-09-26,Portland Timbers,New England Revolution,2,2,2019,zeQZZ6wrQK,FullTime,29,2.4881,2.9877,D
2019-09-26,Minnesota United,Sporting Kansas City,2,1,2019,4JMAmZ31MK,FullTime,29,1.7646,2.542,H
2019-09-29,Real Salt Lake,Houston Dynamo,2,1,2019,KAqB2zYBqb,FullTime,29,0.5634,0.8667,H
2019-09-29,San Jose Earthquakes,Seattle Sounders,0,1,2019,NWMWDWbE5l,FullTime,29,2.5139,1.3827,A
2019-09-29,LA Galaxy,Vancouver Whitecaps,3,4,2019,Oa5wvDW4M1,FullTime,29,3.0229,2.1824,A
2019-09-29,Colorado Rapids,FC Dallas,3,0,2019,Xj5YDYJRMb,FullTime,29,3.0827,1.0751,H
2019-09-29,Minnesota United,LAFC,1,1,2019,eVq31Z4VMW,FullTime,29,1.8381,1.7532,D
2019-09-29,Columbus Crew,Philadelphia Union,2,0,2019,p6qbZ1nwq0,FullTime,29,0.6185,1.218,H
2019-09-29,Chicago Fire,Toronto FC,2,2,2019,BLMvvOBWMx,FullTime,29,2.271,1.4819,D
2019-09-29,New York Red Bulls,D.C. United,0,0,2019,N6MmAa6xME,FullTime,29,1.204,0.5489,D
2019-09-29,FC Cincinnati,Orlando City,1,1,2019,XVqKlv90Q0,FullTime,29,1.2895,1.6278,D
2019-09-29,New England Revolution,New York City FC,2,0,2019,e7Mzv76GMr,FullTime,29,1.5701,1.4669,H
2019-09-29,CF Montréal,Atlanta United,1,1,2019,ljqEzaG4Qx,FullTime,29,1.2431,1.4582,D
2019-09-29,Sporting Kansas City,Portland Timbers,2,2,2019,jYQJdXRk5G,FullTime,29,1.7942,1.993,D
2019-10-06,D.C. United,FC Cincinnati,0,0,2019,0Oq61YWx56,FullTime,30,2.8487,0.5698,D
2019-10-06,Atlanta United,New England Revolution,3,1,2019,0x5gVb1PM7,FullTime,30,1.9236,1.719,H
2019-10-06,Orlando City,Chicago Fire,2,5,2019,2lqRYXzJ5r,FullTime,30,3.2558,2.3709,A
2019-10-06,Seattle Sounders,Minnesota United,1,0,2019,315VjBbn59,FullTime,30,1.1426,1.0223,H
2019-10-06,Portland Timbers,San Jose Earthquakes,3,1,2019,9z5k0dZdqA,FullTime,30,1.8894,0.876,H
2019-10-06,FC Dallas,Sporting Kansas City,6,0,2019,7VqGa1zjMv,FullTime,30,2.4057,0.5727,H
2019-10-06,Vancouver Whitecaps,Real Salt Lake,0,1,2019,Pk5LYX8YqO,FullTime,30,1.2797,1.571,A
2019-10-06,Houston Dynamo,LA Galaxy,4,2,2019,gpMO2XbrQz,FullTime,30,2.4751,1.9712,H
2019-10-06,CF Montréal,New York Red Bulls,3,0,2019,vzqobwZJ5a,FullTime,30,1.6809,0.6101,H
2019-10-06,Philadelphia Union,New York City FC,1,2,2019,wvq9YE6BqW,FullTime,30,2.2737,1.3587,A
2019-10-06,Toronto FC,Columbus Crew,1,0,2019,EGMPDXb6Ma,FullTime,30,1.9023,0.8713,H
2019-10-06,LAFC,Colorado Rapids,3,1,2019,gOMnKJZl5w,FullTime,30,1.6086,1.1338,H
2019-10-19,Atlanta United,New England Revolution,1,0,2019,315Vx8XvQ9,FullTime,31,1.3093,0.9196,H
2019-10-19,Seattle Sounders,FC Dallas,4,3,2019,EGMPxynyMa,FullTime,31,3.7335,2.4645,H
2019-10-19,Toronto FC,D.C. United,5,1,2019,9z5kLo7eqA,FullTime,31,2.8412,1.2582,H
2019-10-20,Real Salt Lake,Portland Timbers,2,1,2019,Pk5LxVgG5O,FullTime,31,1.0177,0.9918,H
2019-10-20,Philadelphia Union,New York Red Bulls,4,3,2019,gjMNxLRKqK,FullTime,31,3.3879,1.1564,H
2019-10-21,Minnesota United,LA Galaxy,1,2,2019,raMya8ABMd,FullTime,31,1.8277,1.505,A
2019-10-23,New York City FC,Toronto FC,1,2,2019,eV5DbGLYQK,FullTime,32,1.1402,1.5723,A
2019-10-24,Seattle Sounders,Real Salt Lake,2,0,2019,7vQ7E2rL5D,FullTime,32,1.7681,0.4296,H
2019-10-25,LAFC,LA Galaxy,5,3,2019,2vQ1ArNGQr,FullTime,32,2.7723,1.4564,H
2019-10-25,Atlanta United,Philadelphia Union,2,0,2019,a35raNK4ML,FullTime,32,1.2427,0.9974,H
2019-10-30,LAFC,Seattle Sounders,1,3,2019,OlMlNR9wqL,FullTime,33,0.787,0.772,A
2019-10-31,Atlanta United,Toronto FC,1,2,2019,Vj58AxyEq8,FullTime,33,2.1597,0.1358,A
2019-11-10,Seattle Sounders,Toronto FC,3,1,2019,9YqdnBakMv,FullTime,34,1.441,1.5164,H
2020-02-29,D.C. United,Colorado Rapids,1,2,2020,NWMWxOmK5l,FullTime,1,1.3247,1.6795,A
2020-02-29,CF Montréal,New England Revolution,2,1,2020,0x5g98mZQ7,FullTime,1,1.3833,1.2113,H
2020-02-29,Houston Dynamo,LA Galaxy,1,1,2020,7VqGvAK65v,FullTime,1,0.8435,1.6089,D
2020-02-29,San Jose Earthquakes,Toronto FC,2,2,2020,0Oq6ANKA56,FullTime,1,0.6343,1.8559,D
2020-02-29,FC Dallas,Philadelphia Union,2,0,2020,gpMOYJmEqz,FullTime,1,0.8434,0.8611,H
2020-02-29,Orlando City,Real Salt Lake,0,0,2020,gOMn7jmX5w,FullTime,1,0.8439,0.1756,D
2020-03-01,Nashville SC,Atlanta United,1,2,2020,7VqGvA9j5v,FullTime,1,0.8306,0.3774,A
2020-03-01,Vancouver Whitecaps,Sporting Kansas City,1,3,2020,vzqoDpmkQa,FullTime,1,1.7336,0.539,A
2020-03-01,Columbus Crew,New York City FC,1,0,2020,2lqRxBm0Mr,FullTime,1,1.482,0.2415,H
2020-03-01,New York Red Bulls,FC Cincinnati,3,2,2020,jYQJAvKyqG,FullTime,1,1.9354,2.0937,H
2020-03-01,Seattle Sounders,Chicago Fire,2,1,2020,Oa5waEBjQ1,FullTime,1,3.2089,0.7413,H
2020-03-01,LAFC,Inter Miami CF,1,0,2020,eVq3AVK6MW,FullTime,1,2.2281,1.9432,H
2020-03-02,Portland Timbers,Minnesota United,1,3,2020,KAqBAxKJ5b,FullTime,1,1.9952,1.8261,A
2020-03-07,Real Salt Lake,New York Red Bulls,1,1,2020,0x5g98mrQ7,FullTime,2,3.3257,0.2131,D
2020-03-07,FC Dallas,CF Montréal,2,2,2020,315VxJdEQ9,FullTime,2,2.5899,1.2174,D
2020-03-07,D.C. United,Inter Miami CF,2,1,2020,EGMPxj74Ma,FullTime,2,1.1983,1.7667,H
2020-03-07,Toronto FC,New York City FC,1,0,2020,7VqGvAKe5v,FullTime,2,2.555,1.002,H
2020-03-07,New England Revolution,Chicago Fire,1,1,2020,NWMWxOm75l,FullTime,2,2.4568,1.0329,D
2020-03-08,Atlanta United,FC Cincinnati,2,1,2020,0Oq6ANKX56,FullTime,2,1.4854,0.7148,H
2020-03-08,San Jose Earthquakes,Minnesota United,2,5,2020,Pk5LxlPL5O,FullTime,2,2.6703,2.4798,A
2020-03-08,Sporting Kansas City,Houston Dynamo,4,0,2020,gpMOYJmnqz,FullTime,2,1.8257,0.71,H
2020-03-08,Colorado Rapids,Orlando City,2,1,2020,gOMn7jmm5w,FullTime,2,0.8996,0.8514,H
2020-03-08,LA Galaxy,Vancouver Whitecaps,0,1,2020,vzqoDpmjQa,FullTime,2,0.7737,1.6672,A
2020-03-08,Seattle Sounders,Columbus Crew,1,1,2020,gjMNxXNkqK,FullTime,2,1.9064,1.0439,D
2020-03-08,Portland Timbers,Nashville SC,1,0,2020,raMyaXDkMd,FullTime,2,0.3259,0.9637,H
2020-03-09,LAFC,Philadelphia Union,3,3,2020,7vQ7E8AE5D,FullTime,2,2.6622,1.046,D
2020-07-09,Orlando City,Inter Miami CF,2,1,2020,XVqKEE7BM0,FullTime,3,1.3674,1.1176,H
2020-07-09,New York City FC,Philadelphia Union,0,1,2020,ljqEEEkkqx,FullTime,3,1.5259,0.4508,A
2020-07-10,CF Montréal,New England Revolution,0,1,2020,e7Mzkkoj5r,FullTime,3,0.7948,1.416,A
2020-07-11,Seattle Sounders,San Jose Earthquakes,0,0,2020,eVq3mmlGMW,FullTime,3,0.9783,0.9253,D
2020-07-12,Atlanta United,New York Red Bulls,0,1,2020,0x5gyyzmQ7,FullTime,3,1.1728,1.4264,A
2020-07-12,FC Cincinnati,Columbus Crew,0,4,2020,0Oq6mmeP56,FullTime,3,0.405,1.488,A
2020-07-13,Toronto FC,D.C. United,2,2,2020,jYQJEEyGqG,FullTime,3,1.9976,1.2746,D
2020-07-13,Sporting Kansas City,Minnesota United,1,2,2020,vzqo33zpqa,FullTime,3,0.9519,1.1185,A
2020-07-13,Real Salt Lake,Colorado Rapids,2,0,2020,2lqREEe45r,FullTime,3,1.86,0.8829,H
2020-07-14,LAFC,Houston Dynamo,3,3,2020,9z5krrjaMA,FullTime,3,2.6437,1.27,D
2020-07-14,LA Galaxy,Portland Timbers,1,2,2020,315VwwpXq9,FullTime,3,2.4376,1.6148,A
2020-07-14,Chicago Fire,Seattle Sounders,2,1,2020,XVqKE8pNM0,FullTime,3,1.0122,0.9355,H
2020-07-15,New York City FC,Orlando City,1,3,2020,2vQ1mmbxQr,FullTime,4,1.6825,2.0435,A
2020-07-15,Philadelphia Union,Inter Miami CF,2,1,2020,EGMPEEak5a,FullTime,4,0.5763,1.2239,H
2020-07-16,Vancouver Whitecaps,San Jose Earthquakes,3,4,2020,aDQ0mmb2ME,FullTime,4,0.7912,2.7761,A
2020-07-16,Atlanta United,FC Cincinnati,0,1,2020,Xj5YWWzlQb,FullTime,4,0.3096,0.9712,A
2020-07-17,CF Montréal,Toronto FC,3,4,2020,9vQ2mmb7qK,FullTime,4,2.5862,1.7659,A
2020-07-17,Columbus Crew,New York Red Bulls,2,0,2020,KAqBEEoW5b,FullTime,4,1.0937,0.3354,H
2020-07-18,D.C. United,New England Revolution,1,1,2020,Oa5woo6g51,FullTime,4,0.5762,1.1652,D
2020-07-18,Sporting Kansas City,Colorado Rapids,3,2,2020,NWMWYYzNql,FullTime,4,2.3725,0.3821,H
2020-07-18,Real Salt Lake,Minnesota United,0,0,2020,7VqGEEPxMv,FullTime,4,0.7206,0.76,D
2020-07-19,LAFC,LA Galaxy,6,2,2020,gOMnwwze5w,FullTime,4,3.275,1.0754,H
2020-07-19,Portland Timbers,Houston Dynamo,2,1,2020,gpMOEElyqz,FullTime,4,1.2349,1.817,H
2020-07-20,Chicago Fire,San Jose Earthquakes,0,2,2020,p6qbkrVaQ0,FullTime,5,0.4763,0.4841,A
2020-07-20,Seattle Sounders,Vancouver Whitecaps,3,0,2020,eV5DEEpRqK,FullTime,5,3.3258,0.7565,H
2020-07-20,Inter Miami CF,New York City FC,0,1,2020,a35rgLBBqL,FullTime,5,0.2791,0.9559,A
2020-07-21,Philadelphia Union,Orlando City,1,1,2020,2vQ1mBd4Qr,FullTime,5,0.6475,0.7219,D
2020-07-21,Toronto FC,New England Revolution,0,0,2020,a35rggjeqL,FullTime,5,1.1389,1.4192,D
2020-07-22,Atlanta United,Columbus Crew,0,1,2020,OlMllljPML,FullTime,5,0.6308,1.0343,A
2020-07-22,CF Montréal,D.C. United,1,0,2020,Vj58mmb2q8,FullTime,5,0.4686,0.5397,H
2020-07-22,Real Salt Lake,Sporting Kansas City,0,2,2020,9YqdPPjRqv,FullTime,5,0.3659,1.276,A
2020-07-23,FC Cincinnati,New York Red Bulls,2,0,2020,odMXBBpAqY,FullTime,5,0.3317,1.0901,H
2020-07-23,Colorado Rapids,Minnesota United,2,2,2020,NPqxRRj8M9,FullTime,5,1.1363,1.7222,D
2020-07-23,Chicago Fire,Vancouver Whitecaps,0,2,2020,ljqEEyeYqx,FullTime,5,1.3786,1.1327,A
2020-07-24,LA Galaxy,Houston Dynamo,1,1,2020,KPqj11j856,FullTime,5,1.4936,1.1099,D
2020-07-24,LAFC,Portland Timbers,2,2,2020,xW5pBBbKQg,FullTime,5,0.9658,1.4106,D
2020-07-26,Philadelphia Union,New England Revolution,1,0,2020,0Oq6mmo256,FullTime,17,0.7236,0.9286,H
2020-07-26,Orlando City,CF Montréal,1,0,2020,7VqGEEX3Mv,FullTime,17,1.4786,0.5978,H
2020-07-27,Toronto FC,New York City FC,1,3,2020,vzqo33YLqa,FullTime,19,1.0319,1.6973,A
2020-07-27,Sporting Kansas City,Vancouver Whitecaps,0,0,2020,gOMnwwGJ5w,FullTime,18,3.6304,0.4761,D
2020-07-28,San Jose Earthquakes,Real Salt Lake,5,2,2020,gpMOEEg1qz,FullTime,18,3.4232,1.201,H
2020-07-28,Seattle Sounders,LAFC,1,4,2020,2lqREEOn5r,FullTime,19,1.3999,3.7912,A
2020-07-29,Columbus Crew,Minnesota United,1,1,2020,wvq9mmkYqW,FullTime,20,2.7868,0.5035,D
2020-07-29,Portland Timbers,FC Cincinnati,1,1,2020,9z5krrBgMA,FullTime,20,1.4372,1.4239,D
2020-07-31,Philadelphia Union,Sporting Kansas City,3,1,2020,315Vww9bq9,FullTime,21,1.4511,1.301,H
2020-07-31,Orlando City,LAFC,1,1,2020,EGMPEEGA5a,FullTime,22,1.5301,1.7395,D
2020-08-02,San Jose Earthquakes,Minnesota United,1,4,2020,gjMNEEWBQK,FullTime,23,1.4834,3.3488,A
2020-08-02,New York City FC,Portland Timbers,1,3,2020,Pk5LEE3NqO,FullTime,23,1.2161,1.1487,A
2020-08-06,Philadelphia Union,Portland Timbers,1,2,2020,raMy99N2Md,FullTime,24,2.3821,1.2206,A
2020-08-07,Orlando City,Minnesota United,3,1,2020,7vQ7mmRz5D,FullTime,25,1.4505,0.8752,H
2020-08-12,Portland Timbers,Orlando City,2,1,2020,eV5DEE8OqK,FullTime,26,1.4739,1.1653,H
2020-08-13,FC Dallas,Nashville SC,0,1,2020,2lqREbln5r,FullTime,3,0.9133,0.4306,A
2020-08-17,FC Dallas,Nashville SC,0,0,2020,wvq9mVBYqW,FullTime,4,0.4523,1.1768,D
2020-08-19,Toronto FC,Vancouver Whitecaps,3,0,2020,EGMPEwOj5a,FullTime,6,1.382,0.3355,H
2020-08-20,Columbus Crew,Chicago Fire,3,0,2020,315Vw31bq9,FullTime,6,1.5684,0.4648,H
2020-08-20,New England Revolution,Philadelphia Union,0,0,2020,7vQ7m9wz5D,FullTime,6,1.8276,1.2418,D
2020-08-20,New York Red Bulls,New York City FC,1,0,2020,EGMPEvYA5a,FullTime,6,0.5337,0.5699,H
2020-08-21,Minnesota United,Sporting Kansas City,1,2,2020,gjMNE4PBQK,FullTime,6,0.7514,0.7805,A
2020-08-21,FC Cincinnati,D.C. United,0,0,2020,Pk5LEaZNqO,FullTime,6,0.7744,0.5913,D
2020-08-22,Houston Dynamo,FC Dallas,0,0,2020,raMy9vK2Md,FullTime,6,1.1387,0.3524,D
2020-08-22,Toronto FC,Vancouver Whitecaps,1,0,2020,Pk5LEb0mqO,FullTime,6,1.883,0.2808,H
2020-08-22,LAFC,LA Galaxy,0,2,2020,eV5DEdROqK,FullTime,6,0.3564,1.4228,A
2020-08-22,Atlanta United,Nashville SC,2,0,2020,2vQ1mGe0Qr,FullTime,6,1.1486,1.1061,H
2020-08-23,Inter Miami CF,Orlando City,3,2,2020,a35rg0nGqL,FullTime,6,1.1383,0.7817,H
2020-08-23,Colorado Rapids,Real Salt Lake,1,4,2020,OlMll8kNML,FullTime,6,1.1495,1.1908,A
2020-08-24,Portland Timbers,Seattle Sounders,0,3,2020,Vj58mk3mq8,FullTime,6,0.6708,1.7967,A
2020-08-24,New York City FC,Columbus Crew,1,0,2020,9YqdPLd8qv,FullTime,7,1.1039,0.3613,H
2020-08-25,D.C. United,New England Revolution,1,2,2020,odMXBY10qY,FullTime,7,1.5652,0.6152,A
2020-08-25,Philadelphia Union,New York Red Bulls,1,0,2020,NPqxRZKjM9,FullTime,7,1.4013,0.5308,H
2020-08-25,Chicago Fire,FC Cincinnati,3,0,2020,KXMeLNKBQ6,FullTime,7,1.1075,0.5664,H
2020-08-26,Orlando City,Nashville SC,3,1,2020,xW5pB2Y9Qg,FullTime,7,2.4423,1.7739,H
2020-08-26,Sporting Kansas City,Houston Dynamo,2,5,2020,9vQ2m6erqK,FullTime,7,2.196,2.3047,A
2020-08-26,CF Montréal,Vancouver Whitecaps,2,0,2020,gjMNEzAvQK,FullTime,7,0.7202,1.1117,H
2020-08-29,Philadelphia Union,D.C. United,4,1,2020,BLMvnAK3Mx,FullTime,8,3.1386,1.1127,H
2020-08-29,New York City FC,Chicago Fire,3,1,2020,N6MmJdk05E,FullTime,8,2.2897,1.0447,H
2020-08-29,CF Montréal,Toronto FC,0,1,2020,raMy9JEAMd,FullTime,8,0.1242,1.1769,A
2020-08-29,Atlanta United,Orlando City,1,3,2020,4wM4mned5j,FullTime,8,0.4261,1.2604,A
2020-08-29,FC Cincinnati,Columbus Crew,0,0,2020,zeQZgG1DMK,FullTime,8,0.3871,0.5458,D
2020-08-30,New England Revolution,New York Red Bulls,1,1,2020,e7MzkKzK5r,FullTime,8,1.7544,1.0375,D
2020-08-30,FC Dallas,Minnesota United,3,1,2020,p6qbkVPDQ0,FullTime,8,1.4603,0.612,H
2020-08-30,Colorado Rapids,Sporting Kansas City,1,1,2020,XVqKEpbaM0,FullTime,8,0.9817,0.6338,D
2020-08-30,LA Galaxy,San Jose Earthquakes,3,2,2020,ljqEEeNOqx,FullTime,8,3.1529,0.5832,H
2020-08-30,Portland Timbers,Real Salt Lake,4,4,2020,Xj5YWgjGQb,FullTime,8,1.648,2.965,D
2020-08-31,Nashville SC,Inter Miami CF,1,0,2020,jYQJEjXDqG,FullTime,8,1.1502,1.5581,H
2020-08-31,Seattle Sounders,LAFC,3,1,2020,Oa5wo4DY51,FullTime,8,1.2758,0.8899,H
2020-09-02,FC Cincinnati,Chicago Fire,0,0,2020,eVq3mOZjMW,FullTime,9,0.634,0.5799,D
2020-09-02,Columbus Crew,Philadelphia Union,1,0,2020,NWMWYBWLql,FullTime,9,0.616,0.9747,H
2020-09-02,Atlanta United,Inter Miami CF,0,0,2020,KAqBElzV5b,FullTime,9,0.3836,0.7467,D
2020-09-02,New York Red Bulls,D.C. United,0,1,2020,vzqo3XwLqa,FullTime,9,1.2615,0.4458,A
2020-09-02,Toronto FC,CF Montréal,0,1,2020,7vQ7myOY5D,FullTime,9,1.7465,0.7641,A
2020-09-03,LAFC,San Jose Earthquakes,5,1,2020,0Oq6mRY256,FullTime,9,2.5865,0.4766,H
2020-09-03,Portland Timbers,LA Galaxy,2,3,2020,2lqREbXn5r,FullTime,9,1.2111,2.0591,A
2020-09-03,Real Salt Lake,Seattle Sounders,2,2,2020,jYQJEjXdqG,FullTime,9,0.6931,1.1338,D
2020-09-03,Houston Dynamo,Minnesota United,3,0,2020,0x5gy7bLQ7,FullTime,9,2.3464,0.5838,H
2020-09-03,Nashville SC,Orlando City,1,1,2020,gpMOEZX1qz,FullTime,9,0.5173,0.4627,D
2020-09-03,New England Revolution,New York City FC,0,2,2020,gOMnweJJ5w,FullTime,9,0.7806,0.7251,A
2020-09-03,Sporting Kansas City,FC Dallas,1,1,2020,7VqGE213Mv,FullTime,9,2.4034,0.6475,D
2020-09-06,Houston Dynamo,Sporting Kansas City,2,1,2020,Oa5wo4DW51,FullTime,10,1.3826,1.4971,H
2020-09-06,Vancouver Whitecaps,Toronto FC,3,2,2020,eV5DEj1aqK,FullTime,10,1.0623,2.5384,H
2020-09-06,San Jose Earthquakes,Colorado Rapids,1,1,2020,eVq3mOZwMW,FullTime,10,1.7567,1.0797,D
2020-09-06,New York Red Bulls,Philadelphia Union,0,3,2020,gOMnweJB5w,FullTime,10,0.7114,1.0085,A
2020-09-06,D.C. United,New York City FC,0,0,2020,0x5gy7bRQ7,FullTime,10,0.0,1.9308,D
2020-09-06,Columbus Crew,FC Cincinnati,3,0,2020,NWMWYBWZql,FullTime,10,2.479,0.4296,H
2020-09-06,Chicago Fire,New England Revolution,1,2,2020,KAqBElzZ5b,FullTime,10,1.6677,0.999,A
2020-09-06,Orlando City,Atlanta United,1,1,2020,vzqo3XwBqa,FullTime,10,1.6942,0.8477,D
2020-09-07,LA Galaxy,LAFC,3,0,2020,7VqGE21YMv,FullTime,10,1.2349,1.3242,H
2020-09-07,Inter Miami CF,Nashville SC,0,0,2020,gpMOEZX7qz,FullTime,10,1.3596,1.3003,D
2020-09-07,Minnesota United,Real Salt Lake,4,0,2020,0Oq6mRYz56,FullTime,10,2.1063,0.2811,H
2020-09-07,Seattle Sounders,Portland Timbers,1,2,2020,2lqREbXx5r,FullTime,10,0.8546,1.8857,A
2020-09-10,Inter Miami CF,Atlanta United,2,1,2020,KPqj1rk456,FullTime,7,0.8331,1.8599,H
2020-09-10,Minnesota United,FC Dallas,3,2,2020,9z5krldKMA,FullTime,11,1.9066,2.5492,H
2020-09-10,CF Montréal,Toronto FC,1,2,2020,2vQ1mY34Qr,FullTime,11,1.2147,2.2613,A
2020-09-10,Colorado Rapids,Houston Dynamo,1,1,2020,wvq9mVEmqW,FullTime,11,2.346,1.055,D
2020-09-10,Real Salt Lake,LAFC,3,0,2020,4JMAErRDMK,FullTime,7,2.2781,1.1915,H
2020-09-11,Seattle Sounders,San Jose Earthquakes,7,1,2020,315Vw3BVq9,FullTime,11,3.9286,1.252,H
2020-09-12,Orlando City,Inter Miami CF,2,1,2020,7vQ7m9lD5D,FullTime,12,0.5819,0.843,H
2020-09-12,Philadelphia Union,New England Revolution,2,1,2020,eV5DEdXJqK,FullTime,12,1.8735,1.0198,H
2020-09-12,New York City FC,FC Cincinnati,2,1,2020,raMy9v7NMd,FullTime,12,1.4595,1.3628,H
2020-09-12,Chicago Fire,Columbus Crew,2,2,2020,EGMPEvX05a,FullTime,12,2.5708,1.9177,D
2020-09-12,D.C. United,New York Red Bulls,0,2,2020,Pk5LEaXDqO,FullTime,12,1.0152,1.3072,A
2020-09-13,Nashville SC,Atlanta United,4,2,2020,gjMNE4YpQK,FullTime,12,1.3274,0.8931,H
2020-09-13,FC Dallas,Houston Dynamo,2,1,2020,9YqdPL9mqv,FullTime,12,1.0813,1.5169,H
2020-09-13,Real Salt Lake,Colorado Rapids,0,5,2020,2vQ1mGxwQr,FullTime,12,0.8319,2.2854,A
2020-09-14,LAFC,Portland Timbers,4,2,2020,OlMll8dRML,FullTime,12,2.4496,1.2456,H
2020-09-14,Sporting Kansas City,Minnesota United,1,0,2020,a35rg0WwqL,FullTime,12,2.5341,0.2842,H
2020-09-14,Vancouver Whitecaps,CF Montréal,2,4,2020,a35rg4EBqL,FullTime,12,0.875,3.2902,A
2020-09-14,San Jose Earthquakes,LA Galaxy,0,0,2020,Vj58mkjrq8,FullTime,12,0.4877,0.686,D
2020-09-17,FC Dallas,Colorado Rapids,4,1,2020,aDQ0mgeWME,FullTime,7,0.8923,0.9426,H
2020-09-17,Vancouver Whitecaps,CF Montréal,3,1,2020,OlMllxEgML,FullTime,13,2.1086,0.9664,H
2020-09-17,San Jose Earthquakes,Portland Timbers,1,1,2020,9z5krlNgMA,FullTime,6,1.7721,0.6378,D
2020-09-19,Seattle Sounders,LAFC,3,0,2020,gpMOBelrQz,FullTime,13,2.565,0.7446,H
2020-09-19,Sporting Kansas City,FC Dallas,2,3,2020,gOMnXYzlqw,FullTime,13,1.3877,1.4553,A
2020-09-19,New England Revolution,New York City FC,0,0,2020,315Vo7znq9,FullTime,13,0.8455,0.5071,D
2020-09-19,Atlanta United,Inter Miami CF,1,2,2020,vzqo2JzJ5a,FullTime,13,0.7554,2.0274,A
2020-09-19,New York Red Bulls,FC Cincinnati,0,1,2020,2lqRG7eJQr,FullTime,13,0.8168,2.0466,A
2020-09-19,Columbus Crew,Nashville SC,2,0,2020,wvq9GXwBMW,FullTime,13,1.1508,0.8333,H
2020-09-19,Orlando City,Chicago Fire,4,1,2020,EGMPWR86Qa,FullTime,13,2.4913,3.5657,H
2020-09-19,D.C. United,Toronto FC,2,2,2020,9z5kK3zd5A,FullTime,13,1.1536,1.723,D
2020-09-20,San Jose Earthquakes,Portland Timbers,1,6,2020,7vQ7WxXGQD,FullTime,13,1.4642,3.1937,A
2020-09-20,CF Montréal,Philadelphia Union,1,4,2020,eV5DNk9nQK,FullTime,13,0.6798,3.1884,A
2020-09-20,Real Salt Lake,Vancouver Whitecaps,1,2,2020,gjMN36rD5K,FullTime,13,1.8217,1.0415,A
2020-09-20,Houston Dynamo,Minnesota United,2,2,2020,Pk5LJ6DYQO,FullTime,13,2.0682,1.5942,D
2020-09-20,LA Galaxy,Colorado Rapids,0,2,2020,raMyYendMd,FullTime,13,1.1388,1.8147,A
2020-09-23,New England Revolution,CF Montréal,3,1,2020,KXMeY3zPM6,FullTime,14,1.7887,1.1082,H
2020-09-23,New York City FC,Toronto FC,0,1,2020,a35rXB32QL,FullTime,14,1.2855,1.4663,A
2020-09-23,Atlanta United,FC Dallas,1,0,2020,2vQ1ld1Oqr,FullTime,14,1.8433,0.2894,H
2020-09-23,FC Cincinnati,Philadelphia Union,0,0,2020,Vj58glJLM8,FullTime,14,0.3051,0.2287,D
2020-09-23,Chicago Fire,Houston Dynamo,4,0,2020,OlMlaBzD5L,FullTime,14,2.5238,0.4182,H
2020-09-23,Sporting Kansas City,Orlando City,1,2,2020,NPqxXAOXq9,FullTime,14,1.3684,1.003,A
2020-09-23,Columbus Crew,Minnesota United,2,1,2020,9Yqd8wzEqv,FullTime,14,1.5559,1.0878,H
2020-09-24,LAFC,Vancouver Whitecaps,6,0,2020,kRQa1WzjQK,FullTime,14,2.2053,0.6807,H
2020-09-24,Portland Timbers,Seattle Sounders,1,0,2020,xW5pXwJJ5g,FullTime,14,1.0045,1.1922,H
2020-09-24,Inter Miami CF,New York Red Bulls,1,4,2020,odMX9Ezx5Y,FullTime,14,1.4487,2.2927,A
2020-09-24,Colorado Rapids,San Jose Earthquakes,5,0,2020,aDQ0rlD35E,FullTime,14,1.598,0.6995,H
2020-09-24,Nashville SC,D.C. United,1,0,2020,9vQ284rm5K,FullTime,14,1.3814,0.5607,H
2020-09-24,Real Salt Lake,LA Galaxy,2,0,2020,KPqjAwzY56,FullTime,14,1.4746,0.9911,H
2020-09-26,Nashville SC,Houston Dynamo,1,1,2020,KAqBPkyWMb,FullTime,15,0.7255,1.5361,D
2020-09-26,New York City FC,FC Cincinnati,4,0,2020,NWMWRoGNQl,FullTime,15,1.8472,0.5541,H
2020-09-27,Chicago Fire,Atlanta United,2,0,2020,0Oq6BLGPq6,FullTime,15,1.5572,0.6167,H
2020-09-27,Toronto FC,Columbus Crew,3,1,2020,gOMnXYxeqw,FullTime,15,0.7468,0.6995,H
2020-09-27,New York Red Bulls,CF Montréal,4,1,2020,7VqGD3lxQv,FullTime,15,2.3359,0.733,H
2020-09-27,D.C. United,New England Revolution,0,2,2020,0x5gXWrmq7,FullTime,15,0.6165,1.8006,A
2020-09-27,Philadelphia Union,Inter Miami CF,3,0,2020,gpMOBejyQz,FullTime,15,1.4776,2.0343,H
2020-09-28,Minnesota United,Real Salt Lake,0,0,2020,vzqo2J0p5a,FullTime,15,1.0736,1.0917,D
2020-09-28,FC Dallas,Orlando City,0,0,2020,2lqRG7w4Qr,FullTime,15,0.6878,0.7584,D
2020-09-28,Vancouver Whitecaps,Portland Timbers,0,1,2020,9z5kK3va5A,FullTime,15,0.6786,0.7583,A
2020-09-28,LAFC,San Jose Earthquakes,1,2,2020,EGMPWRzkQa,FullTime,15,1.2397,1.3804,A
2020-09-28,LA Galaxy,Seattle Sounders,1,3,2020,315Vo7vXq9,FullTime,15,1.0269,2.1951,A
2020-10-03,Orlando City,New York Red Bulls,3,1,2020,Oa5wXd3Wq1,FullTime,16,1.9051,0.9177,H
2020-10-03,D.C. United,Atlanta United,0,4,2020,gjMN36aj5K,FullTime,16,0.3341,1.3852,A
2020-10-03,CF Montréal,Chicago Fire,2,2,2020,raMyYeOeMd,FullTime,16,1.6028,1.0277,D
2020-10-03,New England Revolution,Nashville SC,0,0,2020,jYQJlg4d5G,FullTime,16,1.7327,0.1541,D
2020-10-03,Toronto FC,Philadelphia Union,2,1,2020,eVq3Jy9w5W,FullTime,16,1.2108,0.8482,H
2020-10-04,San Jose Earthquakes,LA Galaxy,2,1,2020,gpMOBew7Qz,FullTime,16,2.0824,1.5769,H
2020-10-04,Seattle Sounders,Vancouver Whitecaps,3,1,2020,0Oq6BLPzq6,FullTime,16,2.4614,1.1885,H
2020-10-04,Inter Miami CF,New York City FC,2,3,2020,KAqBPkXZMb,FullTime,16,1.0552,1.0835,A
2020-10-04,Houston Dynamo,Sporting Kansas City,1,2,2020,Pk5LJ6j7QO,FullTime,16,0.9146,1.1362,A
2020-10-04,Minnesota United,FC Cincinnati,2,0,2020,NWMWRonZQl,FullTime,16,1.7885,0.6814,H
2020-10-04,FC Dallas,Columbus Crew,2,2,2020,0x5gXWdRq7,FullTime,16,2.3167,1.5512,D
2020-10-05,Real Salt Lake,LAFC,1,3,2020,gOMnXYpBqw,FullTime,16,0.8669,2.2089,A
2020-10-07,Nashville SC,Minnesota United,0,0,2020,2lqRG7WxQr,FullTime,17,1.0785,1.7066,D
2020-10-07,Atlanta United,Orlando City,0,0,2020,wvq9GXymMW,FullTime,17,0.4782,1.4349,D
2020-10-07,New York Red Bulls,Inter Miami CF,1,2,2020,kRQa1WZbQK,FullTime,17,1.9159,1.0278,A
2020-10-07,New England Revolution,Toronto FC,0,1,2020,aDQ0rlnR5E,FullTime,17,2.0513,1.0748,A
2020-10-07,Philadelphia Union,FC Cincinnati,3,0,2020,Oa5wXdyWq1,FullTime,17,1.1433,0.6012,H
2020-10-07,Columbus Crew,CF Montréal,1,2,2020,7vQ7WewGQD,FullTime,17,1.7367,1.9062,A
2020-10-08,San Jose Earthquakes,Vancouver Whitecaps,3,0,2020,eVq3Jy0w5W,FullTime,17,1.6168,0.3222,H
2020-10-08,Seattle Sounders,Real Salt Lake,2,1,2020,0x5gXW3Rq7,FullTime,17,1.1898,0.6619,H
2020-10-08,LA Galaxy,Portland Timbers,3,6,2020,NPqxXABZq9,FullTime,17,1.6295,2.1186,A
2020-10-08,New York City FC,D.C. United,4,1,2020,vzqo2JaB5a,FullTime,17,4.157,1.3209,H
2020-10-08,Sporting Kansas City,Chicago Fire,1,0,2020,eV5DN2RnQK,FullTime,17,1.1175,1.8505,H
2020-10-08,Houston Dynamo,FC Dallas,2,0,2020,raMyYeWNMd,FullTime,17,2.3286,1.6496,H
2020-10-10,Atlanta United,New York Red Bulls,0,1,2020,Pk5LJ6vDQO,FullTime,17,0.3079,0.2891,A
2020-10-10,Inter Miami CF,Houston Dynamo,1,0,2020,EGMPWR30Qa,FullTime,17,1.4775,0.5762,H
2020-10-11,Vancouver Whitecaps,Real Salt Lake,2,1,2020,7vQ7WxLDQD,FullTime,17,0.6722,0.9854,H
2020-10-11,New York City FC,New England Revolution,1,2,2020,eV5DNkxJQK,FullTime,17,1.9204,1.4728,A
2020-10-11,LAFC,Seattle Sounders,3,1,2020,9vQ284Rx5K,FullTime,17,1.0944,2.1077,H
2020-10-11,FC Cincinnati,Toronto FC,0,1,2020,a35rXBZwQL,FullTime,17,0.5489,0.6236,A
2020-10-11,Sporting Kansas City,Nashville SC,2,1,2020,9Yqd8wrmqv,FullTime,17,2.1091,0.4378,H
2020-10-11,Chicago Fire,D.C. United,2,1,2020,2vQ1ldowqr,FullTime,17,0.8565,1.0468,H
2020-10-11,Philadelphia Union,CF Montréal,2,1,2020,Xj5YkyzwQb,FullTime,18,1.0865,0.623,H
2020-10-12,Portland Timbers,San Jose Earthquakes,3,0,2020,odMX9Eoo5Y,FullTime,17,1.8111,1.1383,H
2020-10-14,FC Cincinnati,Columbus Crew,2,1,2020,4JMAVkW95K,FullTime,18,1.3389,1.045,H
2020-10-14,Toronto FC,New York Red Bulls,1,1,2020,zeQZVexjQK,FullTime,18,2.0584,0.8283,D
2020-10-14,CF Montréal,New England Revolution,2,3,2020,xW5pXwR65g,FullTime,18,2.0,2.868,A
2020-10-14,Orlando City,New York City FC,1,1,2020,4wM4wEjlQj,FullTime,18,1.0864,1.9684,D
2020-10-15,Vancouver Whitecaps,LAFC,2,1,2020,Xj5Yk42EQb,FullTime,18,1.7492,1.7846,H
2020-10-15,LA Galaxy,San Jose Earthquakes,0,4,2020,jYQJlgkd5G,FullTime,18,0.499,1.7646,A
2020-10-15,Real Salt Lake,Portland Timbers,2,1,2020,e7MzXZ17qr,FullTime,18,1.311,0.9605,H
2020-10-15,D.C. United,Philadelphia Union,2,2,2020,KPqjAw2E56,FullTime,18,2.3862,1.134,D
2020-10-15,Houston Dynamo,Nashville SC,1,3,2020,BLMvX6N7qx,FullTime,18,2.1342,1.448,A
2020-10-15,FC Dallas,Sporting Kansas City,1,0,2020,ljqEyJONqx,FullTime,18,1.0686,1.1388,H
2020-10-15,Inter Miami CF,Atlanta United,1,1,2020,XVqK82V2Q0,FullTime,18,1.2728,0.3025,D
2020-10-17,Chicago Fire,Sporting Kansas City,2,2,2020,KAqBPkgZMb,FullTime,19,1.3093,1.3686,D
2020-10-17,CF Montréal,Inter Miami CF,2,1,2020,NWMWRoeZQl,FullTime,19,1.7845,0.6897,H
2020-10-18,Columbus Crew,New York City FC,3,1,2020,gpMOBey7Qz,FullTime,19,3.0739,1.373,H
2020-10-18,New York Red Bulls,Orlando City,1,1,2020,7VqGD3oYQv,FullTime,19,0.8852,2.0959,D
2020-10-18,Toronto FC,Atlanta United,1,0,2020,vzqo2JoB5a,FullTime,19,0.7092,0.5602,H
2020-10-18,FC Cincinnati,D.C. United,1,2,2020,0Oq6BLazq6,FullTime,19,1.2157,2.4663,A
2020-10-19,New England Revolution,Philadelphia Union,1,2,2020,gOMnXYnBqw,FullTime,19,1.2958,0.7138,A
2020-10-19,San Jose Earthquakes,Seattle Sounders,0,0,2020,KAqBPkg7Mb,FullTime,19,0.5707,0.3503,D
2020-10-19,LA Galaxy,Vancouver Whitecaps,1,0,2020,eVq3Jy0g5W,FullTime,19,1.5917,0.4183,H
2020-10-19,Portland Timbers,LAFC,1,1,2020,Oa5wXdyXq1,FullTime,19,1.5954,1.3886,D
2020-10-19,Minnesota United,Houston Dynamo,2,2,2020,2lqRG71xQr,FullTime,19,0.6533,2.068,D
2020-10-21,Nashville SC,FC Dallas,3,0,2020,NWMWRoezQl,FullTime,20,1.3283,0.8204,H
2020-10-23,Seattle Sounders,Portland Timbers,1,1,2020,EGMPWR73Qa,FullTime,20,1.9956,0.9274,D
2020-10-24,New York City FC,CF Montréal,3,1,2020,0Oq6BLa7q6,FullTime,20,1.6547,0.9039,H
2020-10-24,FC Cincinnati,Minnesota United,0,1,2020,gOMnXYnxqw,FullTime,20,0.6741,2.3982,A
2020-10-24,Chicago Fire,New York Red Bulls,2,2,2020,gpMOBeyRQz,FullTime,20,2.4375,1.3903,D
2020-10-24,Inter Miami CF,Orlando City,2,1,2020,0x5gXW3jq7,FullTime,20,2.2699,0.9236,H
2020-10-24,Atlanta United,D.C. United,1,2,2020,7VqGD3oXQv,FullTime,20,0.5274,0.7435,A
2020-10-24,Philadelphia Union,Toronto FC,5,0,2020,vzqo2Jov5a,FullTime,20,3.6549,0.1138,H
2020-10-24,Nashville SC,New England Revolution,1,1,2020,wvq9GXZlMW,FullTime,20,0.619,0.5222,D
2020-10-25,Houston Dynamo,Columbus Crew,1,1,2020,2lqRG71DQr,FullTime,20,2.7241,1.089,D
2020-10-25,Sporting Kansas City,Colorado Rapids,4,0,2020,9z5kK3GY5A,FullTime,20,2.7996,0.3188,H
2020-10-25,Real Salt Lake,FC Dallas,0,0,2020,315Vo7dGq9,FullTime,20,1.4402,0.5359,D
2020-10-25,Vancouver Whitecaps,San Jose Earthquakes,2,1,2020,Pk5LJ6PPQO,FullTime,20,1.6257,0.461,H
2020-10-25,LAFC,LA Galaxy,2,0,2020,gjMN36N45K,FullTime,20,2.5187,0.2891,H
2020-10-27,CF Montréal,Nashville SC,0,1,2020,raMyYeDJMd,FullTime,21,0.5322,1.6876,A
2020-10-28,Philadelphia Union,Chicago Fire,2,1,2020,Vj58glkwM8,FullTime,21,2.0191,1.423,H
2020-10-28,Orlando City,Atlanta United,4,1,2020,OlMlaB8A5L,FullTime,21,1.52,0.9352,H
2020-10-28,FC Cincinnati,Sporting Kansas City,0,1,2020,a35rXB0KQL,FullTime,21,1.9509,1.1058,A
2020-10-28,New York Red Bulls,New England Revolution,1,0,2020,2vQ1ldGLqr,FullTime,21,0.9499,0.9626,H
2020-10-28,Vancouver Whitecaps,Seattle Sounders,0,2,2020,7vQ7WxA8QD,FullTime,21,0.2662,1.0587,A
2020-10-28,Toronto FC,New York City FC,0,1,2020,jYQJlYyB5G,FullTime,22,0.2883,2.5183,A
2020-10-29,D.C. United,Columbus Crew,1,0,2020,eV5DNkdmQK,FullTime,21,0.589,0.4113,H
2020-10-29,Minnesota United,Colorado Rapids,2,1,2020,KXMeY3N3M6,FullTime,21,1.7979,0.9926,H
2020-10-29,FC Dallas,Inter Miami CF,2,1,2020,odMX9EYG5Y,FullTime,21,2.6693,1.2746,H
2020-10-29,Portland Timbers,LA Galaxy,5,2,2020,9vQ2846e5K,FullTime,21,1.6546,1.473,H
2020-10-29,San Jose Earthquakes,Real Salt Lake,2,0,2020,aDQ0rlgE5E,FullTime,21,2.2441,0.5765,H
2020-10-29,LAFC,Houston Dynamo,2,1,2020,NPqxXAZYq9,FullTime,21,2.8452,1.7773,H
2020-10-31,FC Dallas,Houston Dynamo,3,0,2020,KPqjAwrN56,FullTime,23,2.2683,1.1245,H
2020-11-01,Nashville SC,Chicago Fire,1,1,2020,xW5pXw205g,FullTime,23,0.7313,0.6658,D
2020-11-01,Columbus Crew,Philadelphia Union,2,1,2020,zeQZVeGNQK,FullTime,23,0.9695,3.0229,H
2020-11-02,LA Galaxy,Real Salt Lake,2,1,2020,N6MmXWdwQE,FullTime,23,1.0423,0.9844,H
2020-11-02,Portland Timbers,Vancouver Whitecaps,1,0,2020,e7MzXZKPqr,FullTime,23,0.7881,1.08,H
2020-11-02,Colorado Rapids,Seattle Sounders,3,1,2020,ljqEyJeYqx,FullTime,23,1.4776,0.637,H
2020-11-02,CF Montréal,Orlando City,0,1,2020,4JMAVkrP5K,FullTime,23,0.7055,1.5301,A
2020-11-02,Toronto FC,Inter Miami CF,2,1,2020,p6qbrgVaq0,FullTime,23,1.5815,0.7991,H
2020-11-02,New York City FC,New York Red Bulls,5,2,2020,4wM4wEnBQj,FullTime,23,2.224,1.0661,H
2020-11-02,Atlanta United,FC Cincinnati,2,0,2020,kRQa1WkOQK,FullTime,23,1.6842,0.7676,H
2020-11-02,New England Revolution,D.C. United,4,3,2020,BLMvX6A8qx,FullTime,23,2.8139,0.6384,H
2020-11-05,Orlando City,Columbus Crew,2,1,2020,OlMlaB0R5L,FullTime,17,1.4458,1.1197,H
2020-11-05,Minnesota United,Chicago Fire,2,2,2020,p6qbrgv3q0,FullTime,18,1.8278,2.5927,D
2020-11-05,Nashville SC,FC Dallas,0,1,2020,Oa5wX9pDq1,FullTime,7,1.2125,0.8158,A
2020-11-05,Portland Timbers,Colorado Rapids,0,1,2020,7VqGD3pYQv,FullTime,16,1.3716,0.5122,A
2020-11-05,San Jose Earthquakes,LAFC,3,2,2020,Oa5wX06Aq1,FullTime,23,0.8425,2.2578,H
2020-11-05,LA Galaxy,Seattle Sounders,1,1,2020,KPqjAbaP56,FullTime,23,1.3911,0.9708,D
2020-11-08,Seattle Sounders,San Jose Earthquakes,4,1,2020,2lqRG7bDQr,FullTime,24,1.3356,0.53,H
2020-11-08,Real Salt Lake,Sporting Kansas City,0,2,2020,vzqo2JXv5a,FullTime,24,0.5253,1.134,A
2020-11-08,Houston Dynamo,Colorado Rapids,1,2,2020,KAqBPkl7Mb,FullTime,24,1.3759,0.9111,A
2020-11-08,LAFC,Portland Timbers,1,1,2020,NWMWRoBzQl,FullTime,24,1.4602,1.0207,D
2020-11-08,Vancouver Whitecaps,LA Galaxy,3,0,2020,wvq9GXVlMW,FullTime,24,2.4913,0.5961,H
2020-11-08,Minnesota United,FC Dallas,3,0,2020,7VqGD32XQv,FullTime,24,2.0509,1.4279,H
2020-11-08,Inter Miami CF,FC Cincinnati,2,1,2020,0x5gXW7jq7,FullTime,24,0.8823,0.534,H
2020-11-08,Chicago Fire,New York City FC,3,4,2020,jYQJlgjE5G,FullTime,24,2.6652,2.6887,A
2020-11-08,Orlando City,Nashville SC,2,3,2020,gpMOBeZRQz,FullTime,24,0.8891,0.9084,A
2020-11-08,New York Red Bulls,Toronto FC,2,1,2020,0Oq6BLR7q6,FullTime,24,1.7869,1.8501,H
2020-11-08,D.C. United,CF Montréal,2,3,2020,eVq3JyOg5W,FullTime,24,1.2753,2.2838,A
2020-11-08,Columbus Crew,Atlanta United,2,1,2020,Oa5wXd4Xq1,FullTime,24,1.3804,2.095,H
2020-11-08,Philadelphia Union,New England Revolution,2,0,2020,gOMnXYexqw,FullTime,24,2.8682,0.5158,H
2020-11-20,New England Revolution,CF Montréal,2,1,2020,0Oq6BAgzq6,FullTime,23,1.7586,0.5094,H
2020-11-21,Nashville SC,Inter Miami CF,3,0,2020,gpMOBYA7Qz,FullTime,23,1.2603,0.5209,H
2020-11-21,Orlando City,New York City FC,1,1,2020,gOMnX7NBqw,FullTime,24,1.7456,1.8888,D
2020-11-21,Columbus Crew,New York Red Bulls,3,2,2020,vzqo2DyB5a,FullTime,24,2.0141,1.2055,H
2020-11-22,Sporting Kansas City,San Jose Earthquakes,3,3,2020,315VoxAVq9,FullTime,24,2.1964,2.5531,D
2020-11-23,Minnesota United,Colorado Rapids,3,0,2020,gjMN3x2p5K,FullTime,24,1.7422,1.9967,H
2020-11-23,Portland Timbers,FC Dallas,1,1,2020,eV5DNbvJQK,FullTime,24,2.0903,1.4833,D
2020-11-24,Toronto FC,Nashville SC,0,1,2020,2vQ1lAJwqr,FullTime,24,1.3761,2.5552,A
2020-11-25,Philadelphia Union,New England Revolution,0,2,2020,a35rXaxwQL,FullTime,24,1.099,1.0511,A
2020-11-25,Seattle Sounders,LAFC,3,1,2020,OlMlaNyR5L,FullTime,24,1.5096,2.036,H
2020-11-29,Orlando City,New England Revolution,1,3,2020,Vj58gA6rM8,FullTime,25,1.469,2.0831,A
2020-11-30,Columbus Crew,Nashville SC,2,0,2020,9Yqd8nymqv,FullTime,25,1.5553,0.938,H
2020-12-02,Seattle Sounders,FC Dallas,1,0,2020,KXMeYoy1M6,FullTime,25,0.8181,0.6985,H
2020-12-04,Sporting Kansas City,Minnesota United,0,3,2020,odMX9xAo5Y,FullTime,25,1.5565,1.2165,A
2020-12-06,Columbus Crew,New England Revolution,1,0,2020,9vQ28Awx5K,FullTime,26,1.1759,0.666,H
2020-12-08,Seattle Sounders,Minnesota United,3,2,2020,NPqxXaNZq9,FullTime,26,1.653,0.9527,H
2020-12-13,Columbus Crew,Seattle Sounders,3,0,2020,Vj58m7jEq8,FullTime,24,1.4395,0.7346,H
2021-04-17,Houston Dynamo,San Jose Earthquakes,2,1,2021,315Vogxbq9,FullTime,1,1.434,1.0106,H
2021-04-17,Seattle Sounders,Minnesota United,4,0,2021,EGMPWpxAQa,FullTime,1,2.4824,0.9702,H
2021-04-17,CF Montréal,Toronto FC,4,2,2021,Pk5LJ2xNQO,FullTime,1,1.4087,1.9106,H
2021-04-17,Orlando City,Atlanta United,0,0,2021,gjMN30xB5K,FullTime,1,1.3032,1.1911,D
2021-04-17,LAFC,Austin FC,2,0,2021,raMyY6a2Md,FullTime,1,2.5539,1.0734,H
2021-04-18,Columbus Crew,Philadelphia Union,0,0,2021,KXMeYDoBM6,FullTime,1,1.0938,0.7426,D
2021-04-18,Inter Miami CF,LA Galaxy,2,3,2021,9Yqd87n8qv,FullTime,1,2.496,1.4121,A
2021-04-18,Chicago Fire,New England Revolution,2,2,2021,2vQ1lwA0qr,FullTime,1,1.7818,1.6031,D
2021-04-18,FC Dallas,Colorado Rapids,0,0,2021,eV5DNDbOQK,FullTime,1,0.8752,0.7197,D
2021-04-18,D.C. United,New York City FC,2,1,2021,Vj58gOAmM8,FullTime,1,0.6195,1.2339,H
2021-04-18,New York Red Bulls,Sporting Kansas City,1,2,2021,a35rXJaGQL,FullTime,1,0.6196,1.6865,A
2021-04-18,Nashville SC,FC Cincinnati,2,2,2021,7vQ7W6EzQD,FullTime,1,3.0678,1.8684,D
2021-04-19,Vancouver Whitecaps,Portland Timbers,1,0,2021,OlMlaXNN5L,FullTime,1,0.5566,1.2563,H
2021-04-23,Sporting Kansas City,Orlando City,1,1,2021,odMX96x05Y,FullTime,2,0.4785,1.1479,D
2021-04-24,Nashville SC,CF Montréal,2,2,2021,4JMAVNAD5K,FullTime,2,2.4269,0.5643,D
2021-04-24,Toronto FC,Vancouver Whitecaps,2,2,2021,XVqK8XxaQ0,FullTime,2,1.5373,1.6217,D
2021-04-24,San Jose Earthquakes,FC Dallas,3,1,2021,9vQ283Ar5K,FullTime,2,3.0648,1.3878,H
2021-04-24,LAFC,Seattle Sounders,1,1,2021,NPqxXGajq9,FullTime,2,0.453,0.8966,D
2021-04-24,New York City FC,FC Cincinnati,5,0,2021,4wM4wWAdQj,FullTime,2,2.2,1.0939,H
2021-04-25,New England Revolution,D.C. United,1,0,2021,zeQZVnEDQK,FullTime,2,0.228,0.2678,H
2021-04-25,Minnesota United,Real Salt Lake,1,2,2021,kRQa1LGLQK,FullTime,2,1.6056,1.5232,A
2021-04-25,Atlanta United,Chicago Fire,3,1,2021,KPqjAdP456,FullTime,2,1.5718,1.0943,H
2021-04-25,Philadelphia Union,Inter Miami CF,1,2,2021,BLMvXWa3qx,FullTime,2,0.7592,0.7214,A
2021-04-25,Colorado Rapids,Austin FC,1,3,2021,xW5pXj195g,FullTime,2,1.0358,1.4302,A
2021-04-25,Portland Timbers,Houston Dynamo,2,1,2021,aDQ0rJAW5E,FullTime,2,2.1325,0.9249,H
2021-04-25,LA Galaxy,New York Red Bulls,3,2,2021,p6qbrN6Dq0,FullTime,2,1.6744,1.1873,H
2021-05-01,Orlando City,FC Cincinnati,3,0,2021,jYQJl9eG5G,FullTime,3,2.7522,0.4566,H
2021-05-01,New England Revolution,Atlanta United,2,1,2021,Xj5YkXOlQb,FullTime,3,2.2756,1.4218,H
2021-05-01,Philadelphia Union,New York City FC,0,2,2021,0x5gXGrmq7,FullTime,3,0.2825,2.2877,A
2021-05-01,CF Montréal,Columbus Crew,0,0,2021,7VqGDnlxQv,FullTime,3,1.604,0.1609,D
2021-05-01,Real Salt Lake,Sporting Kansas City,3,1,2021,ljqEy1xOqx,FullTime,3,0.9987,0.2884,H
2021-05-01,New York Red Bulls,Chicago Fire,2,0,2021,NWMWRdGNQl,FullTime,3,1.185,0.3932,H
2021-05-01,Houston Dynamo,LAFC,1,1,2021,0Oq6BXGPq6,FullTime,3,0.9849,0.9125,D
2021-05-02,Minnesota United,Austin FC,0,1,2021,eVq3J8BG5W,FullTime,3,0.8557,1.4754,A
2021-05-02,FC Dallas,Portland Timbers,4,1,2021,Oa5wXrggq1,FullTime,3,2.2929,0.8878,H
2021-05-02,San Jose Earthquakes,D.C. United,4,1,2021,KAqBPWyWMb,FullTime,3,1.016,1.2409,H
2021-05-02,Nashville SC,Inter Miami CF,0,0,2021,gpMOBNjyQz,FullTime,3,0.5949,0.3839,D
2021-05-03,Seattle Sounders,LA Galaxy,3,0,2021,gOMnXkxeqw,FullTime,3,2.3104,1.1533,H
2021-05-03,Vancouver Whitecaps,Colorado Rapids,0,1,2021,vzqo2V0p5a,FullTime,3,0.712,1.7089,A
2021-05-08,Orlando City,New York City FC,1,1,2021,wvq9G09aMW,FullTime,4,0.5277,1.4458,D
2021-05-08,FC Dallas,Houston Dynamo,1,1,2021,eV5DNGlRQK,FullTime,4,1.4375,1.4697,D
2021-05-08,Vancouver Whitecaps,CF Montréal,2,0,2021,raMyY8OeMd,FullTime,4,1.4666,1.3397,H
2021-05-08,Real Salt Lake,San Jose Earthquakes,1,2,2021,2lqRGDw4Qr,FullTime,4,1.0502,1.6866,A
2021-05-08,Columbus Crew,D.C. United,3,1,2021,gjMN3Laj5K,FullTime,4,0.3289,0.9347,H
2021-05-08,New York Red Bulls,Toronto FC,2,0,2021,7vQ7W2oeQD,FullTime,4,1.4017,0.511,H
2021-05-08,Chicago Fire,Philadelphia Union,0,2,2021,Pk5LJVj7QO,FullTime,4,0.6831,1.3247,A
2021-05-08,Nashville SC,New England Revolution,2,0,2021,315Vo8vXq9,FullTime,4,1.3425,0.9757,H
2021-05-09,Sporting Kansas City,Austin FC,2,1,2021,OlMlaRvP5L,FullTime,4,2.799,0.8247,H
2021-05-09,Portland Timbers,Seattle Sounders,1,2,2021,a35rXNweQL,FullTime,4,1.302,2.1967,A
2021-05-09,Colorado Rapids,Minnesota United,3,2,2021,EGMPWyzkQa,FullTime,4,1.4565,1.458,H
2021-05-09,LA Galaxy,LAFC,2,1,2021,9z5kKova5A,FullTime,4,0.7188,1.3396,H
2021-05-09,Inter Miami CF,Atlanta United,1,1,2021,2vQ1lrWxqr,FullTime,4,2.249,1.1288,D
2021-05-12,Toronto FC,Columbus Crew,2,0,2021,9vQ28lg75K,FullTime,5,1.823,0.9022,H
2021-05-12,Inter Miami CF,CF Montréal,0,2,2021,NPqxXl68q9,FullTime,5,0.3338,1.5044,A
2021-05-12,Philadelphia Union,New England Revolution,1,1,2021,9Yqd8BvRqv,FullTime,5,2.5443,1.5128,D
2021-05-13,Houston Dynamo,Sporting Kansas City,1,0,2021,Vj58gxR2M8,FullTime,5,0.8228,1.8954,H
2021-05-13,Minnesota United,Vancouver Whitecaps,1,0,2021,odMX9evA5Y,FullTime,5,1.4328,0.8689,H
2021-05-13,San Jose Earthquakes,Seattle Sounders,0,1,2021,KXMeYWv2M6,FullTime,5,1.3763,1.1294,A
2021-05-14,D.C. United,Chicago Fire,1,0,2021,aDQ0r1B25E,FullTime,5,1.0826,1.8418,H
2021-05-15,New York City FC,Toronto FC,1,1,2021,zeQZV2vgQK,FullTime,5,1.9553,0.4713,D
2021-05-15,LA Galaxy,Austin FC,2,0,2021,XVqK8k0BQ0,FullTime,5,2.1566,0.9403,H
2021-05-15,Atlanta United,CF Montréal,1,0,2021,BLMvXYgXqx,FullTime,5,0.7121,0.8704,H
2021-05-15,Philadelphia Union,New York Red Bulls,1,0,2021,4JMAVBDY5K,FullTime,5,1.0482,1.1511,H
2021-05-16,FC Cincinnati,Inter Miami CF,2,3,2021,e7MzXOaKqr,FullTime,5,0.6985,1.846,A
2021-05-16,Sporting Kansas City,Vancouver Whitecaps,3,0,2021,N6MmX9vgQE,FullTime,5,3.2914,1.016,H
2021-05-16,New England Revolution,Columbus Crew,1,0,2021,p6qbrwEpq0,FullTime,5,1.2181,0.4108,H
2021-05-16,Real Salt Lake,Nashville SC,0,0,2021,4wM4wd6AQj,FullTime,5,0.5413,0.9847,D
2021-05-16,Colorado Rapids,Houston Dynamo,3,1,2021,xW5pXPvK5g,FullTime,5,2.0782,0.4025,H
2021-05-16,Minnesota United,FC Dallas,1,0,2021,KPqjAnv856,FullTime,5,1.8883,0.5066,H
2021-05-16,San Jose Earthquakes,Portland Timbers,0,2,2021,kRQa1JvYQK,FullTime,5,3.042,2.6431,A
2021-05-17,D.C. United,Orlando City,0,1,2021,e7MzXdnjqr,FullTime,5,0.9937,0.6645,A
2021-05-17,Seattle Sounders,LAFC,2,0,2021,ljqEy68kqx,FullTime,5,0.9123,0.6719,H
2021-05-22,CF Montréal,FC Cincinnati,1,2,2021,0x5gXGvmq7,FullTime,6,2.7392,1.8029,A
2021-05-22,Portland Timbers,LA Galaxy,3,0,2021,Xj5YkXvlQb,FullTime,6,2.732,1.3971,H
2021-05-22,Chicago Fire,Inter Miami CF,1,0,2021,gpMOBNKyQz,FullTime,6,1.3377,0.3987,H
2021-05-22,Orlando City,Toronto FC,1,0,2021,7VqGDnexQv,FullTime,6,1.5776,1.2847,H
2021-05-22,New York City FC,Columbus Crew,1,2,2021,jYQJl9xG5G,FullTime,6,1.0671,0.5355,A
2021-05-23,D.C. United,Philadelphia Union,0,1,2021,2lqRGDv4Qr,FullTime,6,1.576,1.2924,A
2021-05-23,Seattle Sounders,Atlanta United,1,1,2021,gOMnXkveqw,FullTime,6,0.3074,1.08,D
2021-05-23,LAFC,Colorado Rapids,2,1,2021,NWMWRdvNQl,FullTime,6,1.8878,1.323,H
2021-05-23,New England Revolution,New York Red Bulls,3,1,2021,eVq3J8GG5W,FullTime,6,3.4048,1.3003,H
2021-05-23,Houston Dynamo,Vancouver Whitecaps,2,1,2021,0Oq6BXnPq6,FullTime,6,1.2679,1.403,H
2021-05-23,FC Dallas,Real Salt Lake,2,2,2021,Oa5wXrGgq1,FullTime,6,3.1691,0.8454,D
2021-05-23,San Jose Earthquakes,Sporting Kansas City,1,3,2021,KAqBPW1WMb,FullTime,6,1.6491,2.0927,A
2021-05-24,Nashville SC,Austin FC,1,0,2021,vzqo2Vvp5a,FullTime,6,2.1946,0.5499,H
2021-05-29,LAFC,New York City FC,1,2,2021,vzqo2VVL5a,FullTime,7,1.9867,0.5456,A
2021-05-29,LA Galaxy,San Jose Earthquakes,1,0,2021,2lqRGDDnQr,FullTime,7,1.7261,1.8921,H
2021-05-29,Atlanta United,Nashville SC,2,2,2021,eVq3J88j5W,FullTime,7,1.5049,1.6864,D
2021-05-29,Chicago Fire,CF Montréal,0,1,2021,gOMnXkkJqw,FullTime,7,1.3382,0.4339,A
2021-05-29,Columbus Crew,Toronto FC,2,1,2021,gpMOBNN1Qz,FullTime,7,0.871,1.154,H
2021-05-29,New York Red Bulls,Orlando City,2,1,2021,0x5gXGGLq7,FullTime,7,1.7,0.8013,H
2021-05-29,FC Cincinnati,New England Revolution,0,1,2021,KAqBPWWVMb,FullTime,7,0.7736,2.3075,A
2021-05-30,Inter Miami CF,D.C. United,0,3,2021,NWMWRddLQl,FullTime,7,0.629,1.7041,A
2021-05-30,Sporting Kansas City,Houston Dynamo,3,2,2021,jYQJl99D5G,FullTime,7,2.5463,2.0327,H
2021-05-30,Colorado Rapids,FC Dallas,3,0,2021,Oa5wXrrYq1,FullTime,7,1.9393,1.8033,H
2021-05-30,Real Salt Lake,Minnesota United,1,1,2021,7VqGDnn3Qv,FullTime,7,0.7669,0.9963,D
2021-05-30,Philadelphia Union,Portland Timbers,3,0,2021,wvq9G00YMW,FullTime,7,2.73,1.258,H
2021-05-31,Seattle Sounders,Austin FC,0,0,2021,0Oq6BXX2q6,FullTime,7,0.7886,0.6847,D
2021-06-12,Sporting Kansas City,Austin FC,1,1,2021,kRQa1JXLQK,FullTime,13,3.7251,1.2422,D
2021-06-19,New York City FC,New England Revolution,2,3,2021,9z5kKoog5A,FullTime,8,2.999,1.2799,A
2021-06-19,FC Cincinnati,Colorado Rapids,0,2,2021,EGMPWyyAQa,FullTime,8,2.1205,0.6163,A
2021-06-19,New York Red Bulls,Nashville SC,2,0,2021,2vQ1lrr0qr,FullTime,8,0.9741,0.6499,H
2021-06-19,Columbus Crew,Chicago Fire,2,0,2021,eV5DNGGOQK,FullTime,8,1.6443,0.8067,H
2021-06-19,Real Salt Lake,Vancouver Whitecaps,3,1,2021,315Vo88bq9,FullTime,8,0.8492,1.4634,H
2021-06-19,Toronto FC,Orlando City,2,3,2021,a35rXNNGQL,FullTime,8,2.3959,1.2608,A
2021-06-20,LAFC,Houston Dynamo,1,1,2021,OlMlaRRN5L,FullTime,8,1.5879,0.293,D
2021-06-20,Atlanta United,Philadelphia Union,2,2,2021,Vj58gxxmM8,FullTime,8,1.1701,2.1407,D
2021-06-20,Portland Timbers,Sporting Kansas City,2,1,2021,7vQ7W22zQD,FullTime,8,1.2828,1.239,H
2021-06-20,D.C. United,Inter Miami CF,1,0,2021,Pk5LJVVNQO,FullTime,8,2.8491,0.9605,H
2021-06-20,LA Galaxy,Seattle Sounders,1,2,2021,raMyY882Md,FullTime,8,1.0556,1.6172,A
2021-06-20,FC Dallas,Minnesota United,1,1,2021,gjMN3LLB5K,FullTime,8,0.7922,1.9158,D
2021-06-20,Austin FC,San Jose Earthquakes,0,0,2021,N6MmX2y0QE,FullTime,8,1.9527,0.8292,D
2021-06-23,Orlando City,San Jose Earthquakes,5,0,2021,9Yqd8BB8qv,FullTime,9,3.6759,0.6107,H
2021-06-23,New England Revolution,New York Red Bulls,3,2,2021,KXMeYWWBM6,FullTime,9,1.4365,1.341,H
2021-06-23,New York City FC,Atlanta United,1,0,2021,odMX9ee05Y,FullTime,9,2.1956,0.3703,H
2021-06-23,Philadelphia Union,Columbus Crew,1,0,2021,kRQa1JJLQK,FullTime,9,0.3857,0.714,H
2021-06-24,LAFC,FC Dallas,2,0,2021,KPqjAnn456,FullTime,9,2.668,0.6403,H
2021-06-24,Vancouver Whitecaps,LA Galaxy,1,2,2021,zeQZV22DQK,FullTime,9,1.2082,0.6662,A
2021-06-24,Seattle Sounders,Real Salt Lake,2,1,2021,4JMAVBBD5K,FullTime,9,2.4339,1.1129,H
2021-06-24,Nashville SC,Toronto FC,3,2,2021,4wM4wdddQj,FullTime,9,2.5113,0.8805,H
2021-06-24,Sporting Kansas City,Colorado Rapids,3,1,2021,aDQ0r11W5E,FullTime,9,2.0858,1.0381,H
2021-06-24,Minnesota United,Austin FC,2,0,2021,9vQ28llr5K,FullTime,9,1.4448,1.0083,H
2021-06-24,Chicago Fire,FC Cincinnati,0,1,2021,xW5pXPP95g,FullTime,9,1.933,1.5647,A
2021-06-24,Houston Dynamo,Portland Timbers,2,2,2021,NPqxXlljq9,FullTime,9,1.6877,1.4182,D
2021-06-24,CF Montréal,D.C. United,0,0,2021,BLMvXYY3qx,FullTime,9,0.1403,2.2232,D
2021-06-26,Toronto FC,FC Cincinnati,0,2,2021,Xj5YkXXGQb,FullTime,10,0.8922,1.4599,A
2021-06-26,Inter Miami CF,Orlando City,1,2,2021,XVqK8kkaQ0,FullTime,10,0.6396,0.7412,A
2021-06-26,Sporting Kansas City,LAFC,2,1,2021,p6qbrwwDq0,FullTime,10,1.1248,0.718,H
2021-06-27,New York City FC,D.C. United,2,1,2021,NWMWRdNLQl,FullTime,10,1.2483,0.9157,H
2021-06-27,Atlanta United,New York Red Bulls,0,0,2021,7VqGDnw3Qv,FullTime,10,1.4642,0.4887,D
2021-06-27,Portland Timbers,Minnesota United,0,1,2021,ljqEy66Oqx,FullTime,10,1.6476,1.7933,A
2021-06-27,Chicago Fire,Philadelphia Union,3,3,2021,e7MzXddKqr,FullTime,10,1.2851,1.0759,D
2021-06-27,Seattle Sounders,Vancouver Whitecaps,2,2,2021,N6MmX990QE,FullTime,10,2.4589,1.4449,D
2021-06-27,Real Salt Lake,Houston Dynamo,1,1,2021,Oa5wXrkYq1,FullTime,10,1.8529,0.7216,D
2021-06-27,San Jose Earthquakes,LA Galaxy,1,3,2021,eVq3J8Nj5W,FullTime,10,0.9205,2.5466,A
2021-06-27,Nashville SC,CF Montréal,1,1,2021,jYQJl9WD5G,FullTime,10,1.2782,0.4161,D
2021-06-28,Austin FC,Columbus Crew,0,0,2021,KAqBPWpVMb,FullTime,10,1.3023,0.901,D
2021-06-28,FC Dallas,New England Revolution,2,1,2021,0x5gXGaLq7,FullTime,10,1.1391,1.0513,H
2021-07-02,Austin FC,Portland Timbers,4,1,2021,2lqRGD9nQr,FullTime,11,1.1161,0.6628,H
2021-07-03,Columbus Crew,New England Revolution,2,2,2021,0Oq6BXD2q6,FullTime,11,1.3355,1.0717,D
2021-07-03,D.C. United,Toronto FC,7,1,2021,315Vo8Lbq9,FullTime,11,3.1644,0.9171,H
2021-07-03,Orlando City,New York Red Bulls,1,2,2021,gpMOBNn1Qz,FullTime,11,1.7901,1.6586,A
2021-07-03,CF Montréal,Inter Miami CF,1,0,2021,EGMPWyoAQa,FullTime,11,1.494,0.3469,H
2021-07-04,Nashville SC,Philadelphia Union,1,0,2021,7vQ7W21zQD,FullTime,11,1.2231,0.7029,H
2021-07-04,Real Salt Lake,LAFC,0,1,2021,9z5kKowg5A,FullTime,11,1.1843,0.4896,A
2021-07-04,Chicago Fire,Atlanta United,3,0,2021,wvq9G0lYMW,FullTime,11,1.2962,0.6721,H
2021-07-04,Minnesota United,San Jose Earthquakes,2,2,2021,gOMnXkWJqw,FullTime,11,3.0776,0.6258,D
2021-07-04,Houston Dynamo,FC Cincinnati,1,1,2021,vzqo2VgL5a,FullTime,11,1.4752,1.3953,D
2021-07-05,FC Dallas,Vancouver Whitecaps,2,2,2021,raMyY8P2Md,FullTime,11,1.5561,0.9171,D
2021-07-05,Colorado Rapids,Seattle Sounders,1,1,2021,Pk5LJVGNQO,FullTime,11,0.863,0.9804,D
2021-07-05,LA Galaxy,Sporting Kansas City,0,2,2021,gjMN3LOB5K,FullTime,11,1.1516,1.4943,A
2021-07-07,New England Revolution,Toronto FC,2,3,2021,KXMeYWjBM6,FullTime,12,1.946,1.0037,A
2021-07-07,CF Montréal,New York City FC,2,1,2021,9vQ28lLr5K,FullTime,12,2.0186,0.4719,H
2021-07-08,LA Galaxy,FC Dallas,3,1,2021,OlMlaR3N5L,FullTime,12,1.1233,1.1844,H
2021-07-08,Chicago Fire,Orlando City,3,1,2021,Vj58gxrmM8,FullTime,12,1.5818,2.557,H
2021-07-08,Colorado Rapids,Minnesota United,2,0,2021,a35rXNOGQL,FullTime,12,1.5121,0.5412,H
2021-07-08,Seattle Sounders,Houston Dynamo,2,0,2021,9Yqd8B08qv,FullTime,12,1.8798,0.617,H
2021-07-08,Austin FC,LAFC,0,2,2021,2vQ1lrP0qr,FullTime,12,0.739,1.2043,A
2021-07-08,Vancouver Whitecaps,Real Salt Lake,0,4,2021,odMX9ey05Y,FullTime,12,0.889,2.8399,A
2021-07-09,FC Cincinnati,Columbus Crew,2,2,2021,eV5DNGAOQK,FullTime,12,0.8898,0.8931,D
2021-07-09,New York Red Bulls,Philadelphia Union,1,1,2021,aDQ0r1VW5E,FullTime,12,2.0212,0.7002,D
2021-07-09,Nashville SC,Atlanta United,2,2,2021,NPqxXlVjq9,FullTime,12,2.0534,0.4487,D
2021-07-17,Atlanta United,New England Revolution,0,1,2021,KPqjAnJ456,FullTime,13,0.8203,1.5687,A
2021-07-17,Toronto FC,Orlando City,1,1,2021,p6qbrw2Dq0,FullTime,13,0.8084,1.4953,D
2021-07-17,CF Montréal,FC Cincinnati,5,4,2021,e7MzXdLKqr,FullTime,13,3.0831,1.3555,H
2021-07-17,Philadelphia Union,D.C. United,2,1,2021,XVqK8kgaQ0,FullTime,13,1.0827,1.4634,H
2021-07-17,Columbus Crew,New York City FC,2,1,2021,BLMvXY93qx,FullTime,13,0.6132,1.6867,H
2021-07-18,Nashville SC,Chicago Fire,5,1,2021,xW5pXPG95g,FullTime,13,2.7326,1.6754,H
2021-07-18,Colorado Rapids,San Jose Earthquakes,1,1,2021,4JMAVBjD5K,FullTime,13,0.6681,0.4579,D
2021-07-18,Vancouver Whitecaps,LA Galaxy,2,1,2021,ljqEy64Oqx,FullTime,13,1.1507,0.6062,H
2021-07-18,Portland Timbers,FC Dallas,1,0,2021,zeQZV2DDQK,FullTime,13,0.536,0.4279,H
2021-07-18,LAFC,Real Salt Lake,2,1,2021,4wM4wdYdQj,FullTime,13,3.9812,0.8551,H
2021-07-18,Minnesota United,Seattle Sounders,1,0,2021,N6MmX9Y0QE,FullTime,13,1.6324,0.5464,H
2021-07-21,Inter Miami CF,New England Revolution,0,5,2021,0Oq6BXK2q6,FullTime,14,1.1148,2.5922,A
2021-07-21,Columbus Crew,Nashville SC,0,0,2021,7VqGDnK3Qv,FullTime,14,1.1186,0.565,D
2021-07-21,Toronto FC,New York Red Bulls,1,1,2021,gpMOBNm1Qz,FullTime,14,0.2737,1.5755,D
2021-07-21,Vancouver Whitecaps,Houston Dynamo,0,0,2021,gOMnXkmJqw,FullTime,14,0.4605,0.3408,D
2021-07-21,New York City FC,CF Montréal,1,0,2021,vzqo2VmL5a,FullTime,14,1.8515,0.4563,H
2021-07-22,FC Cincinnati,Atlanta United,1,1,2021,jYQJl9KD5G,FullTime,14,1.6229,1.5528,D
2021-07-22,Chicago Fire,D.C. United,2,2,2021,0x5gXGmLq7,FullTime,14,0.5511,1.9963,D
2021-07-22,Sporting Kansas City,San Jose Earthquakes,1,1,2021,Oa5wXrBYq1,FullTime,14,2.1074,0.8468,D
2021-07-22,Colorado Rapids,FC Dallas,2,0,2021,eVq3J8Kj5W,FullTime,14,0.7115,0.6696,H
2021-07-22,Real Salt Lake,LA Galaxy,2,2,2021,XVqK8ka2Q0,FullTime,14,0.8831,0.86,D
2021-07-22,Portland Timbers,LAFC,2,1,2021,NWMWRdmLQl,FullTime,14,0.3815,2.0519,H
2021-07-23,Orlando City,Philadelphia Union,2,1,2021,2lqRGDmnQr,FullTime,14,0.6622,1.4021,H
2021-07-23,Austin FC,Seattle Sounders,0,1,2021,jYQJl9Kd5G,FullTime,14,0.7473,0.5827,A
2021-07-24,Atlanta United,Columbus Crew,0,1,2021,Oa5wXrBWq1,FullTime,15,1.4868,1.6237,A
2021-07-25,Inter Miami CF,Philadelphia Union,1,1,2021,2lqRGDmxQr,FullTime,15,0.965,1.3973,D
2021-07-25,New England Revolution,CF Montréal,2,1,2021,9z5kKoYK5A,FullTime,15,0.8364,1.4019,H
2021-07-25,New York City FC,Orlando City,5,0,2021,gOMnXkmBqw,FullTime,15,4.0743,0.3754,H
2021-07-25,LAFC,Vancouver Whitecaps,2,2,2021,0Oq6BXKzq6,FullTime,15,0.9029,1.0236,D
2021-07-25,San Jose Earthquakes,Houston Dynamo,1,1,2021,0x5gXGmRq7,FullTime,15,1.0385,0.5299,D
2021-07-25,Chicago Fire,Toronto FC,1,2,2021,gpMOBNm7Qz,FullTime,15,3.4018,0.7761,A
2021-07-25,Minnesota United,Portland Timbers,2,1,2021,eVq3J8Kw5W,FullTime,15,2.1004,0.3371,H
2021-07-25,Real Salt Lake,Colorado Rapids,3,0,2021,7VqGDnKYQv,FullTime,15,0.7266,0.3246,H
2021-07-25,FC Dallas,LA Galaxy,4,0,2021,KAqBPWKZMb,FullTime,15,1.5464,0.9184,H
2021-07-25,Nashville SC,FC Cincinnati,3,0,2021,NWMWRdmZQl,FullTime,15,1.3188,0.3526,H
2021-07-26,D.C. United,New York Red Bulls,1,0,2021,vzqo2VmB5a,FullTime,15,1.1023,0.2061,H
2021-07-26,Seattle Sounders,Sporting Kansas City,1,3,2021,wvq9G0KmMW,FullTime,15,1.0377,1.0099,A
2021-07-29,LAFC,Minnesota United,2,2,2021,315Vo8mVq9,FullTime,16,1.7348,1.3011,D
2021-07-30,New York City FC,Columbus Crew,4,1,2021,raMyY8gNMd,FullTime,16,3.2617,1.4961,H
2021-07-31,Orlando City,Atlanta United,3,2,2021,Pk5LJVKDQO,FullTime,16,1.9924,0.5354,H
2021-07-31,LA Galaxy,Portland Timbers,4,1,2021,gjMN3LKp5K,FullTime,16,2.5614,1.2644,H
2021-07-31,Seattle Sounders,San Jose Earthquakes,0,1,2021,KXMeYWm1M6,FullTime,16,1.2317,0.4731,A
2021-07-31,New York Red Bulls,New England Revolution,2,3,2021,OlMlaRmR5L,FullTime,16,1.1266,2.5756,A
2021-07-31,FC Cincinnati,D.C. United,0,0,2021,7vQ7W2KDQD,FullTime,16,0.9496,0.4259,D
2021-08-01,Toronto FC,Nashville SC,1,1,2021,odMX9emo5Y,FullTime,16,0.6213,0.8504,D
2021-08-01,Philadelphia Union,Chicago Fire,1,1,2021,9vQ28lKx5K,FullTime,16,2.5243,0.1778,D
2021-08-01,Vancouver Whitecaps,Minnesota United,2,2,2021,Vj58gxKrM8,FullTime,16,1.3183,1.0338,D
2021-08-01,Houston Dynamo,Real Salt Lake,0,0,2021,eV5DNGKJQK,FullTime,16,1.1525,1.1759,D
2021-08-01,Inter Miami CF,CF Montréal,2,1,2021,9Yqd8Bmmqv,FullTime,16,1.56,0.9949,H
2021-08-01,Austin FC,Colorado Rapids,0,1,2021,a35rXNmwQL,FullTime,16,0.7447,1.9272,A
2021-08-01,Sporting Kansas City,FC Dallas,1,2,2021,2vQ1lrKwqr,FullTime,16,1.6332,0.8337,A
2021-08-04,New England Revolution,Nashville SC,0,0,2021,NPqxXlWZq9,FullTime,17,0.3658,0.8451,D
2021-08-04,Columbus Crew,D.C. United,2,4,2021,zeQZV2ojQK,FullTime,17,1.4181,1.6061,A
2021-08-04,Philadelphia Union,Toronto FC,3,0,2021,ljqEy6XNqx,FullTime,17,2.6094,1.5191,H
2021-08-04,CF Montréal,Atlanta United,2,2,2021,e7MzXdW7qr,FullTime,17,1.2969,1.8223,D
2021-08-05,LA Galaxy,Real Salt Lake,1,0,2021,KAqBPWKVMb,FullTime,17,1.7399,1.156,H
2021-08-05,Orlando City,Inter Miami CF,1,1,2021,aDQ0r1KR5E,FullTime,17,0.8055,0.3142,D
2021-08-05,New York Red Bulls,FC Cincinnati,0,0,2021,BLMvXYJ7qx,FullTime,17,2.101,0.4167,D
2021-08-05,Chicago Fire,New York City FC,0,0,2021,4wM4wdolQj,FullTime,17,0.3123,0.913,D
2021-08-05,Austin FC,Houston Dynamo,3,2,2021,4JMAVBl95K,FullTime,17,1.5643,0.869,H
2021-08-05,Seattle Sounders,FC Dallas,1,1,2021,p6qbrwy3q0,FullTime,17,1.8252,1.1188,D
2021-08-05,LAFC,Sporting Kansas City,1,4,2021,xW5pXPp65g,FullTime,17,2.004,1.1714,A
2021-08-05,Portland Timbers,San Jose Earthquakes,1,1,2021,kRQa1JNbQK,FullTime,17,2.4014,1.5783,D
2021-08-07,FC Cincinnati,Orlando City,1,1,2021,N6MmX9xLQE,FullTime,18,0.9669,1.1065,D
2021-08-07,Columbus Crew,Atlanta United,2,3,2021,KAqBPW8ZMb,FullTime,18,1.2614,2.8294,A
2021-08-08,Minnesota United,Houston Dynamo,2,0,2021,Xj5YkXnEQb,FullTime,18,1.1989,0.2949,H
2021-08-08,New England Revolution,Philadelphia Union,2,1,2021,0Oq6BX9zq6,FullTime,18,2.8607,1.4326,H
2021-08-08,Chicago Fire,New York Red Bulls,2,1,2021,0x5gXGlRq7,FullTime,18,1.0433,1.0026,H
2021-08-08,Inter Miami CF,Nashville SC,2,1,2021,7VqGDnxYQv,FullTime,18,1.5869,0.5705,H
2021-08-08,San Jose Earthquakes,LAFC,2,1,2021,gpMOBNv7Qz,FullTime,18,1.1668,1.3145,H
2021-08-08,Colorado Rapids,Sporting Kansas City,0,0,2021,Oa5wXrwWq1,FullTime,18,2.0268,0.4642,D
2021-08-08,FC Dallas,Austin FC,2,0,2021,jYQJl9pd5G,FullTime,18,0.6047,1.3139,H
2021-08-08,Toronto FC,New York City FC,2,2,2021,NWMWRd6ZQl,FullTime,18,2.1767,1.0762,D
2021-08-08,Portland Timbers,Real Salt Lake,3,2,2021,eVq3J8nw5W,FullTime,18,1.6765,2.4842,H
2021-08-09,D.C. United,CF Montréal,2,1,2021,vzqo2VjB5a,FullTime,18,1.4877,0.6109,H
2021-08-09,LA Galaxy,Vancouver Whitecaps,1,1,2021,gOMnXk0Bqw,FullTime,18,1.6034,1.1091,D
2021-08-14,San Jose Earthquakes,Vancouver Whitecaps,0,0,2021,2lqRGD3xQr,FullTime,19,1.1146,0.7738,D
2021-08-14,Minnesota United,LA Galaxy,0,1,2021,wvq9G0PmMW,FullTime,19,1.6431,1.3401,A
2021-08-15,Nashville SC,D.C. United,5,2,2021,OlMlaR2R5L,FullTime,19,2.243,1.2279,H
2021-08-15,Chicago Fire,Columbus Crew,1,0,2021,gjMN3LZp5K,FullTime,19,1.5523,0.5773,H
2021-08-15,Atlanta United,LAFC,1,0,2021,2vQ1lr6wqr,FullTime,19,0.8396,1.0499,H
2021-08-15,Real Salt Lake,Austin FC,1,0,2021,raMyY8BNMd,FullTime,19,1.1733,0.9032,H
2021-08-15,Houston Dynamo,Colorado Rapids,1,3,2021,Pk5LJVADQO,FullTime,19,2.527,1.3422,A
2021-08-15,Toronto FC,New England Revolution,1,2,2021,7vQ7W2kDQD,FullTime,19,1.0764,1.494,A
2021-08-15,New York City FC,Inter Miami CF,2,0,2021,9z5kKoXK5A,FullTime,19,1.9014,0.2783,H
2021-08-15,CF Montréal,New York Red Bulls,2,1,2021,eV5DNGeJQK,FullTime,19,2.5775,1.6917,H
2021-08-15,FC Dallas,Sporting Kansas City,0,2,2021,EGMPWyJ0Qa,FullTime,19,1.6868,0.936,A
2021-08-16,Portland Timbers,Seattle Sounders,2,6,2021,a35rXNAwQL,FullTime,19,1.7634,2.5508,A
2021-08-18,LA Galaxy,Colorado Rapids,1,2,2021,Vj58gxVrM8,FullTime,20,1.7079,1.9182,A
2021-08-18,San Jose Earthquakes,Minnesota United,1,1,2021,9Yqd8BDmqv,FullTime,20,0.1921,1.2312,D
2021-08-18,New England Revolution,D.C. United,3,2,2021,KXMeYW11M6,FullTime,20,1.8784,1.9916,H
2021-08-18,Atlanta United,Toronto FC,1,0,2021,4wM4wdklQj,FullTime,20,1.3731,0.9203,H
2021-08-18,FC Cincinnati,CF Montréal,0,0,2021,zeQZV29jQK,FullTime,20,0.8259,0.3,D
2021-08-18,Philadelphia Union,New York City FC,1,0,2021,xW5pXPA65g,FullTime,20,0.9907,1.013,H
2021-08-18,Inter Miami CF,Chicago Fire,3,2,2021,aDQ0r1GR5E,FullTime,20,1.6537,1.0544,H
2021-08-19,Real Salt Lake,Houston Dynamo,2,1,2021,kRQa1J7bQK,FullTime,20,0.792,1.9211,H
2021-08-19,Austin FC,Vancouver Whitecaps,1,2,2021,4JMAVBe95K,FullTime,20,0.7547,2.4161,A
2021-08-19,Sporting Kansas City,Portland Timbers,1,1,2021,NPqxXl3Zq9,FullTime,20,1.9605,0.8031,D
2021-08-19,FC Dallas,Seattle Sounders,0,1,2021,odMX9eOo5Y,FullTime,20,1.0223,0.5621,A
2021-08-19,New York Red Bulls,Columbus Crew,1,0,2021,KPqjAneE56,FullTime,20,1.0993,1.8426,H
2021-08-19,Nashville SC,Orlando City,1,1,2021,9vQ28lOx5K,FullTime,20,0.8461,0.7632,D
2021-08-21,LA Galaxy,San Jose Earthquakes,1,2,2021,BLMvXYw7qx,FullTime,21,2.0382,1.5237,A
2021-08-21,Minnesota United,Sporting Kansas City,0,0,2021,XVqK8kZ2Q0,FullTime,21,2.77,1.1807,D
2021-08-21,Columbus Crew,Seattle Sounders,1,2,2021,p6qbrwD3q0,FullTime,21,0.7655,1.6534,A
2021-08-22,Vancouver Whitecaps,LAFC,2,1,2021,NWMWRdnZQl,FullTime,21,1.1077,3.3458,H
2021-08-22,Austin FC,Portland Timbers,3,1,2021,Oa5wXr3Wq1,FullTime,21,2.5544,1.0168,H
2021-08-22,Colorado Rapids,Real Salt Lake,2,1,2021,eVq3J89w5W,FullTime,21,1.3679,1.3493,H
2021-08-22,Orlando City,Chicago Fire,1,0,2021,e7MzXdg7qr,FullTime,21,0.7196,1.0628,H
2021-08-22,Houston Dynamo,FC Dallas,2,2,2021,jYQJl94d5G,FullTime,21,1.9055,0.7569,D
2021-08-22,Inter Miami CF,Toronto FC,3,1,2021,KAqBPWXZMb,FullTime,21,1.8356,0.7769,H
2021-08-22,D.C. United,Atlanta United,1,2,2021,N6MmX9jLQE,FullTime,21,1.877,1.1371,A
2021-08-22,New England Revolution,FC Cincinnati,4,1,2021,Xj5YkXREQb,FullTime,21,2.1026,1.0129,H
2021-08-22,Philadelphia Union,CF Montréal,1,1,2021,0x5gXGdRq7,FullTime,21,0.9061,1.5669,D
2021-08-27,Columbus Crew,FC Cincinnati,3,2,2021,7VqGDnpYQv,FullTime,22,2.0939,1.2982,H
2021-08-27,CF Montréal,Toronto FC,3,1,2021,gpMOBNw7Qz,FullTime,22,2.4411,0.2474,H
2021-08-28,New York City FC,New England Revolution,2,0,2021,vzqo2VaB5a,FullTime,22,1.8475,1.4896,H
2021-08-28,LAFC,LA Galaxy,3,3,2021,gOMnXkpBqw,FullTime,22,2.4456,1.0606,D
2021-08-28,Atlanta United,Nashville SC,0,2,2021,NWMWRdnzQl,FullTime,22,0.6493,1.2786,A
2021-08-28,Orlando City,Inter Miami CF,0,0,2021,0Oq6BXPzq6,FullTime,22,1.8361,0.7362,D
2021-08-28,New York Red Bulls,Chicago Fire,0,1,2021,eVq3J89g5W,FullTime,22,1.3761,0.8832,A
2021-08-29,D.C. United,Philadelphia Union,3,1,2021,2lqRGDWxQr,FullTime,22,2.28,0.4137,H
2021-08-29,Houston Dynamo,Minnesota United,1,2,2021,jYQJl94E5G,FullTime,22,0.7756,1.1865,A
2021-08-29,Sporting Kansas City,Colorado Rapids,1,1,2021,Oa5wXr3Xq1,FullTime,22,1.8192,1.6211,D
2021-08-30,Austin FC,FC Dallas,3,5,2021,7VqGDnpXQv,FullTime,22,1.284,2.7951,A
2021-08-30,Vancouver Whitecaps,Real Salt Lake,4,1,2021,KAqBPWX7Mb,FullTime,22,2.1395,0.8087,H
2021-08-30,Seattle Sounders,Portland Timbers,0,2,2021,0x5gXGdjq7,FullTime,22,0.8505,0.8387,A
2021-09-03,Philadelphia Union,New England Revolution,0,1,2021,4wM4wdjBQj,FullTime,25,0.9299,1.1273,A
2021-09-03,Nashville SC,New York City FC,3,1,2021,2lqRGDWDQr,FullTime,23,1.0859,1.967,H
2021-09-04,Houston Dynamo,Portland Timbers,0,2,2021,0Oq6BXP7q6,FullTime,23,1.1841,1.9073,A
2021-09-04,LAFC,Sporting Kansas City,4,0,2021,gpMOBNwRQz,FullTime,23,3.0666,0.6671,H
2021-09-04,Vancouver Whitecaps,Austin FC,2,1,2021,EGMPWym0Qa,FullTime,16,1.3935,1.4668,H
2021-09-04,Orlando City,Columbus Crew,3,2,2021,vzqo2Vav5a,FullTime,23,1.1212,0.8593,H
2021-09-05,San Jose Earthquakes,Colorado Rapids,0,1,2021,9z5kKoxY5A,FullTime,23,0.7182,1.4394,A
2021-09-05,FC Cincinnati,Inter Miami CF,0,1,2021,gOMnXkpxqw,FullTime,23,0.4952,0.6081,A
2021-09-05,Real Salt Lake,FC Dallas,3,2,2021,wvq9G0ylMW,FullTime,23,2.4077,1.3955,H
2021-09-10,Atlanta United,Orlando City,3,0,2021,315Vo8OGq9,FullTime,24,1.6054,0.2538,H
2021-09-11,Vancouver Whitecaps,Portland Timbers,0,1,2021,EGMPWy33Qa,FullTime,24,1.246,0.6754,A
2021-09-11,Colorado Rapids,LA Galaxy,1,1,2021,Vj58gx4wM8,FullTime,24,1.3839,1.2421,D
2021-09-11,Seattle Sounders,Minnesota United,1,0,2021,a35rXNYKQL,FullTime,24,0.7422,1.1112,H
2021-09-11,New England Revolution,New York City FC,2,1,2021,Pk5LJVvPQO,FullTime,24,1.8497,0.8193,H
2021-09-11,New York Red Bulls,D.C. United,1,1,2021,2vQ1lr2Lqr,FullTime,24,0.4316,1.6753,D
2021-09-12,Sporting Kansas City,Chicago Fire,2,0,2021,7vQ7W2L8QD,FullTime,24,2.1161,0.7313,H
2021-09-12,FC Dallas,San Jose Earthquakes,1,1,2021,gjMN3LJ45K,FullTime,24,1.4643,1.445,D
2021-09-12,CF Montréal,Nashville SC,0,1,2021,KXMeYWJ3M6,FullTime,24,1.066,0.9779,A
2021-09-12,FC Cincinnati,Toronto FC,2,0,2021,OlMlaR6A5L,FullTime,24,1.259,0.7804,H
2021-09-12,Inter Miami CF,Columbus Crew,1,0,2021,eV5DNGYmQK,FullTime,24,0.8223,0.4221,H
2021-09-12,Houston Dynamo,Austin FC,3,0,2021,raMyY8WJMd,FullTime,24,1.3159,0.9911,H
2021-09-13,LAFC,Real Salt Lake,3,2,2021,9Yqd8Bboqv,FullTime,24,1.361,1.087,H
2021-09-14,New York City FC,FC Dallas,3,3,2021,odMX9eXG5Y,FullTime,25,2.3732,1.1727,D
2021-09-14,Columbus Crew,New York Red Bulls,2,1,2021,9z5kKw7j5A,FullTime,25,1.95,0.9645,H
2021-09-14,Toronto FC,Inter Miami CF,0,1,2021,9vQ28lxe5K,FullTime,25,0.6212,1.4776,A
2021-09-15,D.C. United,Chicago Fire,3,0,2021,NPqxXl7Yq9,FullTime,25,1.9966,0.7166,H
2021-09-15,Atlanta United,FC Cincinnati,4,0,2021,4JMAVBWP5K,FullTime,25,2.1107,0.9291,H
2021-09-15,Orlando City,CF Montréal,2,4,2021,XVqK8kVNQ0,FullTime,25,0.6475,1.9925,A
2021-09-16,Sporting Kansas City,Minnesota United,4,0,2021,aDQ0r1XE5E,FullTime,25,1.7086,0.6881,H
2021-09-16,Austin FC,LAFC,1,2,2021,KPqjAngN56,FullTime,25,1.3515,2.4762,A
2021-09-16,Portland Timbers,Colorado Rapids,2,2,2021,xW5pXPR05g,FullTime,25,1.3007,1.8025,D
2021-09-16,San Jose Earthquakes,Real Salt Lake,3,4,2021,zeQZV2xNQK,FullTime,25,1.9545,1.8606,A
2021-09-16,LA Galaxy,Houston Dynamo,1,1,2021,kRQa1JZOQK,FullTime,25,0.8829,1.1674,D
2021-09-17,Inter Miami CF,New York Red Bulls,0,4,2021,p6qbrwvaq0,FullTime,26,0.0522,2.5717,A
2021-09-18,Atlanta United,D.C. United,3,2,2021,KAqBPWg7Mb,FullTime,26,2.9447,1.1422,H
2021-09-18,New England Revolution,Columbus Crew,1,1,2021,ljqEy6OYqx,FullTime,26,2.6711,0.6373,D
2021-09-18,Toronto FC,Nashville SC,2,1,2021,eVq3J80g5W,FullTime,26,1.2543,1.2778,H
2021-09-18,FC Cincinnati,New York City FC,1,2,2021,e7MzXd1Pqr,FullTime,26,0.695,1.3965,A
2021-09-19,Portland Timbers,LAFC,2,1,2021,0x5gXG3jq7,FullTime,26,1.1855,2.2967,H
2021-09-19,Philadelphia Union,Orlando City,3,1,2021,NWMWRdezQl,FullTime,26,2.0847,0.7006,H
2021-09-19,CF Montréal,Chicago Fire,2,0,2021,0Oq6BXa7q6,FullTime,26,1.4824,0.6454,H
2021-09-19,Minnesota United,LA Galaxy,3,0,2021,N6MmX9OwQE,FullTime,26,0.7875,0.682,H
2021-09-19,Houston Dynamo,FC Dallas,3,2,2021,Xj5YkX2xQb,FullTime,26,2.2047,1.5102,H
2021-09-19,Austin FC,San Jose Earthquakes,3,4,2021,jYQJl9kE5G,FullTime,26,2.6208,2.2586,A
2021-09-19,Real Salt Lake,Seattle Sounders,1,0,2021,Oa5wXryXq1,FullTime,26,1.6251,0.4636,H
2021-09-20,Colorado Rapids,Vancouver Whitecaps,1,1,2021,7VqGDnoXQv,FullTime,26,2.1686,0.9825,D
2021-09-22,Inter Miami CF,Nashville SC,1,5,2021,gpMOBNyRQz,FullTime,27,0.8083,2.5635,A
2021-09-23,New York Red Bulls,New York City FC,1,1,2021,ljqEy60Nqx,FullTime,21,1.4162,0.9559,D
2021-09-23,Chicago Fire,New England Revolution,2,3,2021,gOMnXkg6qw,FullTime,34,2.6209,1.8341,A
2021-09-25,Philadelphia Union,Atlanta United,1,0,2021,raMyY8DJMd,FullTime,27,1.0714,0.1688,H
2021-09-25,New England Revolution,Orlando City,2,1,2021,gOMnXknxqw,FullTime,27,0.8526,1.8398,H
2021-09-25,D.C. United,FC Cincinnati,4,2,2021,vzqo2Vov5a,FullTime,27,2.1797,1.0517,H
2021-09-25,Columbus Crew,CF Montréal,2,1,2021,gjMN3LN45K,FullTime,27,0.6084,1.207,H
2021-09-26,Sporting Kansas City,Seattle Sounders,1,2,2021,eV5DNGdmQK,FullTime,27,0.4587,0.8761,A
2021-09-26,Chicago Fire,Nashville SC,0,0,2021,2vQ1lrGLqr,FullTime,27,0.4267,0.4195,D
2021-09-26,Portland Timbers,Real Salt Lake,6,1,2021,315Vo8dGq9,FullTime,27,1.6902,1.6671,H
2021-09-26,Vancouver Whitecaps,FC Dallas,1,0,2021,Pk5LJVPPQO,FullTime,27,1.075,2.0322,H
2021-09-26,New York City FC,New York Red Bulls,0,1,2021,2lqRGD1DQr,FullTime,27,0.8354,1.4716,A
2021-09-26,Colorado Rapids,Toronto FC,0,0,2021,EGMPWy73Qa,FullTime,27,0.5532,0.4663,D
2021-09-26,Minnesota United,Houston Dynamo,2,0,2021,wvq9G0ZlMW,FullTime,27,0.9331,1.3683,H
2021-09-26,San Jose Earthquakes,LAFC,2,0,2021,9z5kKoGY5A,FullTime,27,1.4202,1.3119,H
2021-09-27,Austin FC,LA Galaxy,2,0,2021,7vQ7W2A8QD,FullTime,27,0.9847,0.8501,H
2021-09-29,Toronto FC,FC Cincinnati,3,2,2021,kRQa1JkOQK,FullTime,28,2.7225,0.5057,H
2021-09-29,Atlanta United,Inter Miami CF,1,0,2021,a35rXN0KQL,FullTime,28,2.6454,0.4146,H
2021-09-29,D.C. United,Minnesota United,3,1,2021,Vj58gxkwM8,FullTime,28,3.4546,0.2405,H
2021-09-29,New York Red Bulls,Philadelphia Union,1,1,2021,NPqxXlZYq9,FullTime,28,0.8008,0.5875,D
2021-09-29,CF Montréal,New England Revolution,1,4,2021,4JMAVBrP5K,FullTime,28,1.9509,1.3648,A
2021-09-30,Real Salt Lake,LA Galaxy,2,1,2021,aDQ0r1gE5E,FullTime,28,1.2013,1.9733,H
2021-09-30,LAFC,Portland Timbers,1,2,2021,OlMlaR8A5L,FullTime,28,1.0834,0.9349,A
2021-09-30,Colorado Rapids,Austin FC,3,0,2021,odMX9eYG5Y,FullTime,28,1.1478,0.5251,H
2021-09-30,San Jose Earthquakes,Seattle Sounders,1,3,2021,KPqjAnrN56,FullTime,28,0.6967,2.0694,A
2021-09-30,Nashville SC,Orlando City,2,2,2021,KXMeYWN3M6,FullTime,28,2.1782,1.1287,D
2021-09-30,FC Dallas,Sporting Kansas City,1,3,2021,9Yqd8BLoqv,FullTime,28,0.7581,1.6578,A
2021-09-30,Chicago Fire,New York City FC,2,0,2021,9vQ28l6e5K,FullTime,28,1.1775,0.3396,H
2021-09-30,Houston Dynamo,Vancouver Whitecaps,0,0,2021,xW5pXP205g,FullTime,28,1.6203,0.2016,D
2021-10-02,Austin FC,Real Salt Lake,2,1,2021,e7MzXdKPqr,FullTime,29,2.2644,0.969,H
2021-10-02,CF Montréal,Atlanta United,2,1,2021,ljqEy6eYqx,FullTime,29,2.0486,1.1963,H
2021-10-02,Orlando City,D.C. United,2,1,2021,zeQZV2GNQK,FullTime,29,1.3897,0.6221,H
2021-10-02,FC Cincinnati,New York Red Bulls,0,1,2021,4wM4wdnBQj,FullTime,29,0.4093,0.9397,A
2021-10-03,Portland Timbers,Inter Miami CF,1,0,2021,Xj5YkXgxQb,FullTime,29,1.9845,0.9165,H
2021-10-03,Toronto FC,Chicago Fire,3,1,2021,KAqBPWl7Mb,FullTime,29,2.4564,0.6631,H
2021-10-03,Philadelphia Union,Columbus Crew,3,0,2021,XVqK8kpNQ0,FullTime,29,0.644,1.485,H
2021-10-03,New York City FC,Nashville SC,0,0,2021,jYQJl9jE5G,FullTime,29,1.948,1.0602,D
2021-10-03,Vancouver Whitecaps,San Jose Earthquakes,3,0,2021,p6qbrwVaq0,FullTime,29,1.9506,0.5318,H
2021-10-03,FC Dallas,Minnesota United,0,0,2021,BLMvXYA8qx,FullTime,29,0.7359,1.4943,D
2021-10-03,Sporting Kansas City,Houston Dynamo,4,2,2021,eVq3J8Og5W,FullTime,29,3.4542,1.8108,H
2021-10-04,LA Galaxy,LAFC,1,1,2021,N6MmX9dwQE,FullTime,29,1.2023,0.948,D
2021-10-04,Seattle Sounders,Colorado Rapids,3,0,2021,Oa5wXr4Xq1,FullTime,29,1.3243,0.7968,H
2021-10-09,New York Red Bulls,Inter Miami CF,1,0,2021,Xj5YkX7GQb,FullTime,13,1.7997,0.424,H
2021-10-10,Minnesota United,Colorado Rapids,1,3,2021,KPqjAnmE56,FullTime,17,1.5687,2.1483,A
2021-10-10,FC Cincinnati,Philadelphia Union,1,2,2021,315Vo8GVq9,FullTime,19,1.3672,1.1777,A
2021-10-10,Seattle Sounders,Vancouver Whitecaps,4,1,2021,BLMvXYN8qx,FullTime,25,1.6241,1.5414,H
2021-10-16,CF Montréal,Philadelphia Union,2,2,2021,Oa5wXr4Bq1,FullTime,30,0.7047,0.1961,D
2021-10-16,LAFC,San Jose Earthquakes,3,1,2021,eVq3J8On5W,FullTime,30,2.6148,2.4343,H
2021-10-16,Columbus Crew,Inter Miami CF,4,0,2021,vzqo2VXv5a,FullTime,30,2.7553,0.6309,H
2021-10-16,New England Revolution,Chicago Fire,2,2,2021,NWMWRdBzQl,FullTime,30,1.3418,1.0415,D
2021-10-16,Toronto FC,Atlanta United,0,2,2021,jYQJl9jW5G,FullTime,30,1.0536,1.3183,A
2021-10-16,D.C. United,Nashville SC,0,0,2021,7VqGDn2XQv,FullTime,30,1.0449,0.223,D
2021-10-16,FC Cincinnati,Orlando City,0,1,2021,0x5gXG7jq7,FullTime,30,0.9449,0.9121,A
2021-10-17,Houston Dynamo,Seattle Sounders,2,1,2021,0Oq6BXR7q6,FullTime,30,1.2399,0.7849,H
2021-10-17,Austin FC,Minnesota United,0,1,2021,gpMOBNZRQz,FullTime,30,1.4288,1.347,A
2021-10-17,Real Salt Lake,Colorado Rapids,3,1,2021,2lqRGDbDQr,FullTime,30,1.4606,0.6567,H
2021-10-17,LA Galaxy,Portland Timbers,2,1,2021,gOMnXkexqw,FullTime,30,2.9488,0.3882,H
2021-10-17,New York Red Bulls,New York City FC,1,0,2021,KAqBPWlXMb,FullTime,30,1.576,0.5571,H
2021-10-18,Vancouver Whitecaps,Sporting Kansas City,2,1,2021,NWMWRdBeQl,FullTime,30,0.5055,0.3137,H
2021-10-20,FC Cincinnati,Chicago Fire,3,4,2021,0x5gXG77q7,FullTime,31,2.549,1.9818,A
2021-10-20,D.C. United,New England Revolution,2,3,2021,7VqGDn2AQv,FullTime,31,1.9844,1.8903,A
2021-10-20,Orlando City,CF Montréal,1,1,2021,Pk5LJVbZQO,FullTime,31,1.3939,0.7467,D
2021-10-20,Inter Miami CF,Toronto FC,3,0,2021,EGMPWywrQa,FullTime,31,1.1911,0.57,H
2021-10-20,Atlanta United,New York City FC,1,1,2021,wvq9G0D3MW,FullTime,31,0.6451,0.7863,D
2021-10-21,Minnesota United,Philadelphia Union,3,2,2021,gpMOBNJOQz,FullTime,31,1.5018,2.0419,H
2021-10-21,FC Dallas,LAFC,2,3,2021,0Oq6BXRrq6,FullTime,31,1.0214,1.5273,A
2021-10-21,Nashville SC,Columbus Crew,1,1,2021,vzqo2Vp75a,FullTime,31,1.0952,0.6992,D
2021-10-21,Houston Dynamo,LA Galaxy,0,3,2021,gOMnXkj6qw,FullTime,31,1.3459,1.6978,A
2021-10-21,Colorado Rapids,Seattle Sounders,1,1,2021,2lqRGDB2Qr,FullTime,31,1.2568,1.7065,D
2021-10-21,Portland Timbers,Vancouver Whitecaps,2,3,2021,315Vo867q9,FullTime,31,1.3582,1.5979,A
2021-10-21,San Jose Earthquakes,Austin FC,4,0,2021,9z5kKo2b5A,FullTime,31,2.2745,0.8326,H
2021-10-23,Seattle Sounders,Sporting Kansas City,1,2,2021,Vj58gx78M8,FullTime,32,1.6906,1.0633,A
2021-10-23,Columbus Crew,New York Red Bulls,1,2,2021,2vQ1lrY8qr,FullTime,32,0.5238,3.0406,A
2021-10-23,New York City FC,D.C. United,6,0,2021,gjMN3LzY5K,FullTime,32,3.0773,0.6919,H
2021-10-23,Philadelphia Union,Nashville SC,1,0,2021,OlMlaRxy5L,FullTime,32,1.5345,0.2295,H
2021-10-23,Toronto FC,CF Montréal,1,1,2021,KXMeYWr6M6,FullTime,32,2.0582,1.7834,D
2021-10-24,Orlando City,New England Revolution,2,2,2021,NPqxXlzkq9,FullTime,32,2.052,1.2885,D
2021-10-24,Austin FC,Houston Dynamo,2,1,2021,9vQ28lko5K,FullTime,32,1.8339,0.8029,H
2021-10-24,LA Galaxy,FC Dallas,2,2,2021,odMX9ena5Y,FullTime,32,2.046,1.3586,D
2021-10-24,San Jose Earthquakes,Vancouver Whitecaps,1,1,2021,9Yqd8B1Oqv,FullTime,32,1.3738,0.7255,D
2021-10-24,Inter Miami CF,FC Cincinnati,5,1,2021,a35rXN4bQL,FullTime,32,1.592,1.3367,H
2021-10-24,Chicago Fire,Real Salt Lake,1,0,2021,eV5DNGjZQK,FullTime,32,1.3719,0.903,H
2021-10-24,Minnesota United,LAFC,1,1,2021,raMyY8JRMd,FullTime,32,1.8341,0.5845,D
2021-10-24,Colorado Rapids,Portland Timbers,2,0,2021,7vQ7W2ydQD,FullTime,32,1.3577,0.2997,H
2021-10-27,D.C. United,New York Red Bulls,1,0,2021,4JMAVB275K,FullTime,33,0.3838,1.5151,H
2021-10-27,Atlanta United,Inter Miami CF,2,1,2021,XVqK8kKwQ0,FullTime,33,1.2439,1.9234,H
2021-10-27,Toronto FC,Philadelphia Union,2,2,2021,ljqEy6pwqx,FullTime,33,1.1567,1.3983,D
2021-10-27,New York City FC,Chicago Fire,1,0,2021,kRQa1Jy1QK,FullTime,33,2.0272,0.4508,H
2021-10-27,FC Cincinnati,Nashville SC,3,6,2021,xW5pXPaB5g,FullTime,33,2.3464,1.9091,A
2021-10-27,New England Revolution,Colorado Rapids,1,0,2021,KPqjAnXP56,FullTime,33,1.494,0.3403,H
2021-10-27,LAFC,Seattle Sounders,3,0,2021,aDQ0r1Rv5E,FullTime,33,1.2178,0.9735,H
2021-10-27,Columbus Crew,Orlando City,3,2,2021,p6qbrw74q0,FullTime,33,1.5464,1.6636,H
2021-10-28,FC Dallas,Real Salt Lake,1,2,2021,4wM4wdPgQj,FullTime,33,1.5123,1.176,A
2021-10-28,Sporting Kansas City,LA Galaxy,2,0,2021,zeQZV2RzQK,FullTime,33,0.5918,0.4885,H
2021-10-28,Vancouver Whitecaps,Minnesota United,2,1,2021,e7MzXdwOqr,FullTime,33,0.6763,1.829,H
2021-10-28,Portland Timbers,San Jose Earthquakes,2,0,2021,BLMvXYbjqx,FullTime,33,3.359,0.9783,H
2021-10-30,D.C. United,Columbus Crew,1,3,2021,Xj5YkXoXQb,FullTime,34,0.7246,2.1378,A
2021-10-30,Atlanta United,Toronto FC,1,1,2021,KAqBPWxXMb,FullTime,34,2.0857,0.9756,D
2021-10-30,Real Salt Lake,San Jose Earthquakes,3,4,2021,eVq3J8Vn5W,FullTime,34,1.9157,2.2715,A
2021-10-30,Inter Miami CF,New York City FC,1,3,2021,0x5gXG87q7,FullTime,34,0.8417,1.4751,A
2021-10-30,New York Red Bulls,CF Montréal,1,0,2021,NWMWRdOeQl,FullTime,34,1.6662,0.6292,H
2021-10-31,FC Dallas,Austin FC,2,1,2021,jYQJl9vW5G,FullTime,34,1.6006,0.527,H
2021-10-31,Minnesota United,Sporting Kansas City,2,1,2021,7VqGDnAAQv,FullTime,34,1.6636,0.4344,H
2021-10-31,Houston Dynamo,Colorado Rapids,0,1,2021,0Oq6BXNrq6,FullTime,34,0.5405,0.4318,A
2021-10-31,Orlando City,Nashville SC,1,1,2021,gpMOBNxOQz,FullTime,34,1.0501,1.0942,D
2021-10-31,Philadelphia Union,FC Cincinnati,2,0,2021,Oa5wXrEBq1,FullTime,34,2.2818,0.3251,H
2021-11-02,Seattle Sounders,LA Galaxy,1,1,2021,vzqo2V675a,FullTime,34,1.2627,0.9749,D
2021-11-03,New York Red Bulls,Atlanta United,0,0,2021,9z5kKomb5A,FullTime,35,1.2336,0.0833,D
2021-11-03,LAFC,Vancouver Whitecaps,1,1,2021,2lqRGD42Qr,FullTime,34,2.8182,0.6342,D
2021-11-03,CF Montréal,Houston Dynamo,2,0,2021,N6MmX90vQE,FullTime,35,1.0133,0.6101,H
2021-11-04,Austin FC,Sporting Kansas City,3,1,2021,wvq9G023MW,FullTime,35,1.8052,0.6749,H
2021-11-04,Real Salt Lake,Portland Timbers,1,3,2021,315Vo8J7q9,FullTime,35,2.1987,1.0226,A
2021-11-07,Portland Timbers,Austin FC,3,0,2021,a35rXNkbQL,FullTime,35,3.8392,0.4174,H
2021-11-07,LA Galaxy,Minnesota United,3,3,2021,2vQ1lr98qr,FullTime,35,2.2234,2.6086,D
2021-11-07,Vancouver Whitecaps,Seattle Sounders,1,1,2021,KXMeYW06M6,FullTime,35,0.8889,2.09,D
2021-11-07,San Jose Earthquakes,FC Dallas,1,1,2021,OlMlaRwy5L,FullTime,35,2.1111,1.5073,D
2021-11-07,Sporting Kansas City,Real Salt Lake,0,1,2021,Vj58gxe8M8,FullTime,35,1.0144,1.3731,A
2021-11-07,Colorado Rapids,LAFC,5,2,2021,eV5DNG6ZQK,FullTime,35,2.4912,1.3758,H
2021-11-07,Columbus Crew,Chicago Fire,2,0,2021,Pk5LJVlZQO,FullTime,35,3.7928,0.6397,H
2021-11-07,Toronto FC,D.C. United,1,3,2021,9Yqd8B2Oqv,FullTime,35,0.9264,2.6041,A
2021-11-07,FC Cincinnati,Atlanta United,1,2,2021,EGMPWyjrQa,FullTime,35,0.6008,1.8901,A
2021-11-07,Nashville SC,New York Red Bulls,1,1,2021,gjMN3LXY5K,FullTime,35,0.9147,1.9873,D
2021-11-07,CF Montréal,Orlando City,0,2,2021,odMX9eWa5Y,FullTime,35,1.4027,0.6273,A
2021-11-07,New England Revolution,Inter Miami CF,0,1,2021,raMyY8XRMd,FullTime,35,1.4588,0.4619,A
2021-11-07,New York City FC,Philadelphia Union,1,1,2021,7vQ7W28dQD,FullTime,35,0.7555,1.378,D
2021-11-20,Philadelphia Union,New York Red Bulls,1,0,2021,raMylpLAQd,FullTime,36,1.6221,0.8152,H
2021-11-20,Sporting Kansas City,Vancouver Whitecaps,3,1,2021,7vQ7npaYqD,FullTime,36,1.4937,1.2871,H
2021-11-21,New York City FC,Atlanta United,2,0,2021,eV5DrnmaQK,FullTime,36,1.0419,0.484,H
2021-11-21,Portland Timbers,Minnesota United,3,1,2021,2vQ1B7a4Mr,FullTime,36,1.9287,1.2113,H
2021-11-24,Nashville SC,Orlando City,3,1,2021,OlMlo17gQL,FullTime,36,0.4163,0.7493,H
2021-11-24,Seattle Sounders,Real Salt Lake,0,0,2021,a35rL1dBQL,FullTime,36,1.1956,0.0,D
2021-11-25,Colorado Rapids,Portland Timbers,0,1,2021,Vj58o8E3M8,FullTime,37,0.7322,1.3376,A
2021-11-28,Philadelphia Union,Nashville SC,1,1,2021,KXMeBbex56,FullTime,37,2.5614,1.036,D
2021-11-28,Sporting Kansas City,Real Salt Lake,1,2,2021,9Yqd3lX95v,FullTime,37,1.0182,1.0456,A
2021-12-01,New England Revolution,New York City FC,2,2,2021,odMXLN42MY,FullTime,37,1.2536,1.3306,D
2021-12-04,Portland Timbers,Real Salt Lake,2,0,2021,9vQ2W7a1MK,FullTime,38,1.4754,0.6488,H
2021-12-05,Philadelphia Union,New York City FC,1,2,2021,NPqxr10gM9,FullTime,38,0.5437,1.4296,A
2021-12-11,Portland Timbers,New York City FC,1,1,2021,aDQ037dpqE,FullTime,38,1.4137,0.9313,D
2022-02-26,Philadelphia Union,Minnesota United,1,1,2022,9Yqd3VmE5v,FullTime,1,1.1817,0.9342,D
2022-02-26,Columbus Crew,Vancouver Whitecaps,4,0,2022,odMXL3mxMY,FullTime,1,2.3587,0.3565,H
2022-02-26,LAFC,Colorado Rapids,3,0,2022,9vQ2WvKmMK,FullTime,1,2.2919,0.3257,H
2022-02-26,Austin FC,FC Cincinnati,5,0,2022,aDQ03vK3qE,FullTime,1,1.9203,2.0879,H
2022-02-26,D.C. United,Charlotte FC,3,0,2022,Vj58ovKLM8,FullTime,1,1.6968,0.9568,H
2022-02-26,Inter Miami CF,Chicago Fire,0,0,2022,KPqjODmYQ6,FullTime,1,1.2448,1.1719,D
2022-02-26,San Jose Earthquakes,New York Red Bulls,1,3,2022,4JMA7YK1qK,FullTime,1,1.1738,3.1555,A
2022-02-26,FC Dallas,Toronto FC,1,1,2022,NPqxr9WXM9,FullTime,1,1.7961,1.7798,D
2022-02-27,LA Galaxy,New York City FC,1,0,2022,zeQZyWmrqK,FullTime,1,1.4804,0.6838,H
2022-02-27,Portland Timbers,New England Revolution,2,2,2022,xW5pVWmJQg,FullTime,1,2.4419,0.8386,D
2022-02-27,Orlando City,CF Montréal,2,0,2022,KXMeBPmP56,FullTime,1,1.3667,0.6738,H
2022-02-27,Atlanta United,Sporting Kansas City,3,1,2022,4wM4GvKNQj,FullTime,1,1.444,1.1207,H
2022-02-28,Houston Dynamo,Real Salt Lake,0,0,2022,BLMvDo3Wqx,FullTime,1,0.4424,0.2981,D
2022-02-28,Seattle Sounders,Nashville SC,0,1,2022,kRQadRmjqK,FullTime,1,0.5315,0.7669,A
2022-03-05,New England Revolution,FC Dallas,1,0,2022,ljqElgK45x,FullTime,2,1.4595,1.3054,H
2022-03-05,Vancouver Whitecaps,New York City FC,0,0,2022,NWMWPw6E5l,FullTime,2,0.6807,1.6156,D
2022-03-05,Colorado Rapids,Atlanta United,3,0,2022,Oa5w1RB4Q1,FullTime,2,1.604,0.8781,H
2022-03-05,Minnesota United,Nashville SC,1,1,2022,e7Mz8VGGqr,FullTime,2,1.9701,1.5442,D
2022-03-05,Real Salt Lake,Seattle Sounders,1,0,2022,eVq3gvKVqW,FullTime,2,2.3544,0.6288,H
2022-03-05,Chicago Fire,Orlando City,0,0,2022,XVqKBRm050,FullTime,2,0.4695,0.1088,D
2022-03-05,San Jose Earthquakes,Columbus Crew,3,3,2022,wvq9RAPwQW,FullTime,2,1.2588,1.5015,D
2022-03-05,CF Montréal,Philadelphia Union,1,2,2022,jYQJ3oKkMG,FullTime,2,0.4368,1.2667,A
2022-03-05,Sporting Kansas City,Houston Dynamo,1,0,2022,Xj5YNBmRqb,FullTime,2,1.4079,0.3668,H
2022-03-05,Toronto FC,New York Red Bulls,1,4,2022,N6MmRwmx5E,FullTime,2,0.8227,2.1604,A
2022-03-05,FC Cincinnati,D.C. United,0,1,2022,p6qbJ9mwq0,FullTime,2,2.1052,1.6624,A
2022-03-06,Charlotte FC,LA Galaxy,0,1,2022,KAqBD3KBMb,FullTime,2,0.5459,1.6331,A
2022-03-06,Austin FC,Inter Miami CF,5,1,2022,9z5knLXjMA,FullTime,2,1.2676,0.7668,H
2022-03-07,LAFC,Portland Timbers,1,1,2022,315VVxG959,FullTime,2,1.791,0.7427,D
2022-03-12,Houston Dynamo,Vancouver Whitecaps,2,1,2022,7vQ7nEk2qD,FullTime,3,1.959,1.15,H
2022-03-12,Seattle Sounders,LA Galaxy,3,2,2022,Vj58oAV4M8,FullTime,3,1.9329,1.8245,H
2022-03-12,Inter Miami CF,LAFC,0,2,2022,eV5DrbeAQK,FullTime,3,0.5805,0.5052,A
2022-03-12,New York City FC,CF Montréal,4,1,2022,gpMO6PvrQz,FullTime,3,2.0135,2.1339,H
2022-03-12,Columbus Crew,Toronto FC,2,1,2022,Pk5LWxAOMO,FullTime,3,1.0539,1.0365,H
2022-03-13,D.C. United,Chicago Fire,0,2,2022,raMylaBOQd,FullTime,3,1.6526,1.8258,A
2022-03-13,Orlando City,FC Cincinnati,1,2,2022,a35rLaAAQL,FullTime,3,1.2218,1.0881,A
2022-03-13,Philadelphia Union,San Jose Earthquakes,2,0,2022,OlMloN20QL,FullTime,3,2.8625,0.3286,H
2022-03-13,New England Revolution,Real Salt Lake,2,3,2022,2vQ1BA6KMr,FullTime,3,1.0772,2.3325,A
2022-03-13,FC Dallas,Nashville SC,2,0,2022,gjMNGxZ05K,FullTime,3,1.5323,0.2188,H
2022-03-13,Colorado Rapids,Sporting Kansas City,2,0,2022,EGMPOxJVQa,FullTime,3,1.7947,0.7988,H
2022-03-13,Portland Timbers,Austin FC,1,0,2022,KXMeBo1r56,FullTime,3,1.6167,1.2298,H
2022-03-13,Atlanta United,Charlotte FC,2,1,2022,9Yqd3nDL5v,FullTime,3,1.4882,0.6365,H
2022-03-13,New York Red Bulls,Minnesota United,0,1,2022,2lqRoy3JQr,FullTime,3,3.3411,0.627,A
2022-03-19,Charlotte FC,New England Revolution,3,1,2022,9vQ2WARaMK,FullTime,4,1.3158,1.8229,H
2022-03-19,Atlanta United,CF Montréal,3,3,2022,odMXLxOWMY,FullTime,4,0.4194,2.7155,D
2022-03-19,Chicago Fire,Sporting Kansas City,3,1,2022,NPqxraBmM9,FullTime,4,1.2667,0.6904,H
2022-03-19,Toronto FC,D.C. United,2,1,2022,BLMvDawOqx,FullTime,4,1.4558,0.8646,H
2022-03-19,New York City FC,Philadelphia Union,0,2,2022,4wM4GAkpQj,FullTime,4,1.115,1.981,A
2022-03-19,FC Cincinnati,Inter Miami CF,3,1,2022,aDQ03AnPqE,FullTime,4,2.5793,1.4298,H
2022-03-19,LA Galaxy,Orlando City,0,1,2022,xW5pV1AdQg,FullTime,4,1.741,0.7545,A
2022-03-20,New York Red Bulls,Columbus Crew,1,1,2022,4JMA7AekqK,FullTime,4,1.43,2.2264,D
2022-03-20,Real Salt Lake,Nashville SC,2,1,2022,zeQZyE91qK,FullTime,4,0.5063,2.5721,H
2022-03-20,Austin FC,Seattle Sounders,1,1,2022,XVqKBxZO50,FullTime,4,2.309,1.8157,D
2022-03-20,FC Dallas,Portland Timbers,4,1,2022,p6qbJ6DBq0,FullTime,4,1.3914,1.1698,H
2022-03-20,Minnesota United,San Jose Earthquakes,1,0,2022,kRQadG7oqK,FullTime,4,1.1724,0.2449,H
2022-03-20,Houston Dynamo,Colorado Rapids,1,1,2022,KPqjOP2RQ6,FullTime,4,0.8528,1.1124,D
2022-03-21,LAFC,Vancouver Whitecaps,3,1,2022,ljqElx0z5x,FullTime,4,1.82,1.0958,H
2022-03-26,Charlotte FC,FC Cincinnati,2,0,2022,e7Mz8ag6qr,FullTime,5,0.9879,1.0427,H
2022-03-26,Sporting Kansas City,Real Salt Lake,1,0,2022,N6MmRyjZ5E,FullTime,5,1.0766,0.8038,H
2022-03-27,Portland Timbers,Orlando City,1,1,2022,Xj5YNxRAqb,FullTime,5,1.4845,1.0016,D
2022-04-02,D.C. United,Atlanta United,0,1,2022,0x5gg9dZ57,FullTime,5,0.4131,0.8247,A
2022-04-02,San Jose Earthquakes,Austin FC,2,2,2022,2lqRoxW0Qr,FullTime,5,2.8721,1.7841,D
2022-04-02,Orlando City,LAFC,2,4,2022,gOMn97pXQw,FullTime,5,1.2917,1.974,A
2022-04-02,New England Revolution,New York Red Bulls,0,1,2022,gpMO6YwEQz,FullTime,5,1.3201,0.8887,A
2022-04-02,FC Cincinnati,CF Montréal,3,4,2022,eVq3gA9DqW,FullTime,5,2.3525,0.9857,A
2022-04-02,Columbus Crew,Nashville SC,0,1,2022,NWMWPxnK5l,FullTime,5,1.6938,0.746,A
2022-04-02,Toronto FC,New York City FC,2,1,2022,wvq9RAywQW,FullTime,5,0.7189,1.0767,H
2022-04-02,Chicago Fire,FC Dallas,0,0,2022,Oa5w1a38Q1,FullTime,5,0.6429,0.2267,D
2022-04-02,Philadelphia Union,Charlotte FC,2,0,2022,vzqokDakqa,FullTime,5,1.5418,0.5805,H
2022-04-03,Vancouver Whitecaps,Sporting Kansas City,1,0,2022,9z5knLxjMA,FullTime,5,1.1829,0.5637,H
2022-04-03,Minnesota United,Seattle Sounders,1,2,2022,0Oq6OAPAQ6,FullTime,5,2.3345,1.2467,A
2022-04-03,Colorado Rapids,Real Salt Lake,1,1,2022,KAqBDAX4Mb,FullTime,5,1.6591,1.0625,D
2022-04-03,Inter Miami CF,Houston Dynamo,1,3,2022,7VqGdvp6Qv,FullTime,5,1.7678,2.0607,A
2022-04-03,Portland Timbers,LA Galaxy,1,3,2022,jYQJ3A4PMG,FullTime,5,1.3469,1.3959,A
2022-04-09,LA Galaxy,LAFC,2,1,2022,raMylaWOQd,FullTime,6,1.1017,1.5591,H
2022-04-09,Philadelphia Union,Columbus Crew,1,0,2022,OlMloN00QL,FullTime,6,1.247,1.2677,H
2022-04-09,Orlando City,Chicago Fire,1,0,2022,a35rLaZAQL,FullTime,6,2.6065,0.5109,H
2022-04-09,Inter Miami CF,New England Revolution,3,2,2022,7vQ7nEL2qD,FullTime,6,1.2579,1.1185,H
2022-04-09,New York Red Bulls,CF Montréal,1,2,2022,eV5DrbxAQK,FullTime,6,1.3439,0.8161,A
2022-04-10,Austin FC,Minnesota United,1,0,2022,odMXLxoWMY,FullTime,6,1.2311,0.3736,H
2022-04-10,Charlotte FC,Atlanta United,1,0,2022,315VVxO959,FullTime,6,1.6804,1.4913,H
2022-04-10,Vancouver Whitecaps,Portland Timbers,2,3,2022,KXMeBolr56,FullTime,6,2.8484,1.2968,A
2022-04-10,Houston Dynamo,San Jose Earthquakes,4,3,2022,Pk5LWxvOMO,FullTime,6,1.5553,1.498,H
2022-04-10,Sporting Kansas City,Nashville SC,1,2,2022,gjMNGxJ05K,FullTime,6,1.1614,2.7389,A
2022-04-10,Real Salt Lake,Toronto FC,2,2,2022,Vj58oAN4M8,FullTime,6,1.7296,0.513,D
2022-04-10,FC Dallas,Colorado Rapids,3,1,2022,EGMPOx3VQa,FullTime,6,1.0813,1.6168,H
2022-04-16,CF Montréal,Vancouver Whitecaps,2,1,2022,4JMA7AWkqK,FullTime,7,1.237,0.3452,H
2022-04-16,San Jose Earthquakes,Nashville SC,2,2,2022,BLMvDaNOqx,FullTime,7,1.5397,1.6497,D
2022-04-16,Houston Dynamo,Portland Timbers,0,0,2022,xW5pV1RdQg,FullTime,7,1.339,1.1264,D
2022-04-16,Atlanta United,FC Cincinnati,0,0,2022,9vQ2WAxaMK,FullTime,7,2.3945,1.2408,D
2022-04-16,New York Red Bulls,FC Dallas,0,0,2022,zeQZyEx1qK,FullTime,7,1.8015,0.4808,D
2022-04-16,Toronto FC,Philadelphia Union,2,1,2022,p6qbJ6vBq0,FullTime,7,0.5322,1.7282,H
2022-04-16,Columbus Crew,Orlando City,0,2,2022,aDQ03AXPqE,FullTime,7,1.318,1.2288,A
2022-04-16,New England Revolution,Charlotte FC,2,1,2022,4wM4GAjpQj,FullTime,7,1.4357,0.3589,H
2022-04-17,LAFC,Sporting Kansas City,3,1,2022,ljqElxOz5x,FullTime,7,1.7587,0.8649,H
2022-04-17,Seattle Sounders,Inter Miami CF,0,1,2022,XVqKBxVO50,FullTime,7,0.9575,0.8127,A
2022-04-17,New York City FC,Real Salt Lake,6,0,2022,e7Mz8a16qr,FullTime,7,3.9015,1.2842,H
2022-04-17,Chicago Fire,LA Galaxy,0,0,2022,NPqxra7mM9,FullTime,7,0.3959,0.285,D
2022-04-17,Minnesota United,Colorado Rapids,3,1,2022,kRQadGZoqK,FullTime,7,1.4781,1.5775,H
2022-04-17,D.C. United,Austin FC,2,3,2022,KPqjOPgRQ6,FullTime,7,1.6029,2.9699,A
2022-04-23,FC Dallas,Houston Dynamo,2,1,2022,jYQJ3AkPMG,FullTime,8,2.1412,0.6545,H
2022-04-23,Philadelphia Union,CF Montréal,1,1,2022,0x5gg93Z57,FullTime,8,0.9765,0.7038,D
2022-04-23,Minnesota United,Chicago Fire,3,0,2022,NWMWPxeK5l,FullTime,8,1.0023,0.7442,H
2022-04-23,D.C. United,New England Revolution,3,2,2022,Oa5w1ay8Q1,FullTime,8,1.4082,1.9617,H
2022-04-24,FC Cincinnati,LAFC,1,2,2022,gpMO6YyEQz,FullTime,8,1.7294,2.0527,A
2022-04-24,New York City FC,Toronto FC,5,4,2022,vzqokDokqa,FullTime,8,3.5964,1.4113,H
2022-04-24,Orlando City,New York Red Bulls,0,3,2022,2lqRox10Qr,FullTime,8,0.0805,2.2375,A
2022-04-24,Inter Miami CF,Atlanta United,2,1,2022,gOMn97nXQw,FullTime,8,1.4295,2.4169,H
2022-04-24,Portland Timbers,Real Salt Lake,0,0,2022,7VqGdvo6Qv,FullTime,8,0.6749,1.0758,D
2022-04-24,San Jose Earthquakes,Seattle Sounders,4,3,2022,0Oq6OAaAQ6,FullTime,8,2.8068,2.0613,H
2022-04-24,Colorado Rapids,Charlotte FC,0,0,2022,Xj5YNx2Aqb,FullTime,8,0.8927,1.3217,D
2022-04-24,Austin FC,Vancouver Whitecaps,3,0,2022,N6MmRyOZ5E,FullTime,8,1.1932,0.9415,H
2022-04-24,Sporting Kansas City,Columbus Crew,0,0,2022,eVq3gA0DqW,FullTime,8,0.1004,0.7232,D
2022-04-24,LA Galaxy,Nashville SC,1,0,2022,KAqBDAg4Mb,FullTime,8,0.9315,0.3636,H
2022-04-30,New England Revolution,Inter Miami CF,2,0,2022,7VqGdvoeQv,FullTime,9,1.5409,0.3501,H
2022-04-30,Orlando City,Charlotte FC,2,1,2022,0Oq6OAaXQ6,FullTime,9,0.9118,1.1217,H
2022-04-30,Columbus Crew,D.C. United,3,0,2022,eVq3gA06qW,FullTime,9,0.8085,1.5961,H
2022-04-30,Houston Dynamo,Austin FC,1,2,2022,KAqBDAgJMb,FullTime,9,1.0237,0.6772,A
2022-04-30,Real Salt Lake,LA Galaxy,1,0,2022,gpMO6YynQz,FullTime,9,0.6297,0.8557,H
2022-04-30,Toronto FC,FC Cincinnati,1,2,2022,vzqokDojqa,FullTime,9,1.3408,1.2072,A
2022-04-30,CF Montréal,Atlanta United,2,1,2022,0x5gg93r57,FullTime,9,2.2812,0.6605,H
2022-05-01,Chicago Fire,New York Red Bulls,1,2,2022,jYQJ3AkyMG,FullTime,9,1.6787,1.968,A
2022-05-01,Sporting Kansas City,FC Dallas,2,2,2022,NWMWPxe75l,FullTime,9,2.005,1.2326,D
2022-05-01,Colorado Rapids,Portland Timbers,2,0,2022,Oa5w1ayjQ1,FullTime,9,1.7547,0.8243,H
2022-05-01,New York City FC,San Jose Earthquakes,3,0,2022,wvq9RAZZQW,FullTime,9,2.621,0.42,H
2022-05-01,Nashville SC,Philadelphia Union,1,1,2022,9z5kn1XdMA,FullTime,10,1.5689,1.1427,D
2022-05-02,LAFC,Minnesota United,2,0,2022,2lqRox1WQr,FullTime,9,2.6433,0.7333,H
2022-05-04,FC Cincinnati,Toronto FC,2,0,2022,e7Mz8aKXqr,FullTime,10,4.1231,0.543,H
2022-05-07,D.C. United,Houston Dynamo,2,0,2022,Pk5LWxamMO,FullTime,10,0.8714,0.6476,H
2022-05-07,New York Red Bulls,Portland Timbers,1,1,2022,2vQ1BAG4Mr,FullTime,10,0.8419,0.4798,D
2022-05-07,New England Revolution,Columbus Crew,2,2,2022,eV5DrbdaQK,FullTime,10,1.0172,1.1079,D
2022-05-07,Atlanta United,Chicago Fire,4,1,2022,9z5knLGlMA,FullTime,10,2.4264,1.3951,H
2022-05-07,CF Montréal,Orlando City,4,1,2022,7vQ7nE9YqD,FullTime,10,3.0682,0.2169,H
2022-05-07,Charlotte FC,Inter Miami CF,1,0,2022,315VVxd659,FullTime,10,1.3663,1.106,H
2022-05-07,New York City FC,Sporting Kansas City,0,0,2022,a35rLa0BQL,FullTime,10,0.9293,0.2004,D
2022-05-08,Nashville SC,Real Salt Lake,2,0,2022,9Yqd3nL95v,FullTime,10,2.013,0.2443,H
2022-05-08,Vancouver Whitecaps,Toronto FC,1,0,2022,KXMeBoNx56,FullTime,10,2.038,1.5393,H
2022-05-08,Austin FC,LA Galaxy,0,1,2022,Vj58oAk3M8,FullTime,10,1.0702,0.7241,A
2022-05-08,San Jose Earthquakes,Colorado Rapids,1,0,2022,OlMloN8gQL,FullTime,10,1.1483,0.9463,H
2022-05-08,FC Dallas,Seattle Sounders,2,0,2022,EGMPOx7jQa,FullTime,10,1.8368,0.1787,H
2022-05-08,Minnesota United,FC Cincinnati,0,1,2022,raMylavAQd,FullTime,10,1.0585,1.8565,A
2022-05-08,LAFC,Philadelphia Union,2,2,2022,gjMNGx4v5K,FullTime,10,1.4756,1.0788,D
2022-05-14,Toronto FC,Orlando City,0,1,2022,BLMvDaARqx,FullTime,11,0.6749,1.3678,A
2022-05-14,Colorado Rapids,LAFC,2,0,2022,NPqxraZgM9,FullTime,11,2.9443,0.8467,H
2022-05-14,Charlotte FC,CF Montréal,0,2,2022,odMXLxY2MY,FullTime,11,0.9621,1.3064,A
2022-05-14,New York City FC,Columbus Crew,2,0,2022,kRQadGkgqK,FullTime,11,2.9054,0.6958,H
2022-05-14,Vancouver Whitecaps,San Jose Earthquakes,3,3,2022,XVqKBxpR50,FullTime,11,1.7249,1.9151,D
2022-05-14,Philadelphia Union,New York Red Bulls,1,1,2022,4JMA7Ar6qK,FullTime,11,1.8775,1.3546,D
2022-05-15,Atlanta United,New England Revolution,2,2,2022,p6qbJ6V6q0,FullTime,11,2.0091,1.1164,D
2022-05-15,Seattle Sounders,Minnesota United,3,1,2022,ljqElxeE5x,FullTime,11,2.4558,1.1722,H
2022-05-15,LA Galaxy,FC Dallas,1,3,2022,KPqjOPryQ6,FullTime,11,1.1165,2.5856,A
2022-05-15,Houston Dynamo,Nashville SC,2,0,2022,aDQ03AgpqE,FullTime,11,1.4294,1.5008,H
2022-05-15,Real Salt Lake,Austin FC,2,1,2022,zeQZyEGKqK,FullTime,11,1.2075,0.7913,H
2022-05-15,Inter Miami CF,D.C. United,2,2,2022,xW5pV12lQg,FullTime,11,0.7681,1.032,D
2022-05-15,Chicago Fire,FC Cincinnati,1,2,2022,9vQ2WA61MK,FullTime,11,1.1166,0.9431,A
2022-05-15,Portland Timbers,Sporting Kansas City,7,2,2022,4wM4GAnzQj,FullTime,11,2.8417,1.6032,H
2022-05-18,New York Red Bulls,Chicago Fire,3,3,2022,NWMWPxB75l,FullTime,12,2.3733,1.7713,D
2022-05-18,D.C. United,New York City FC,0,2,2022,N6MmRydR5E,FullTime,12,0.6706,1.3305,A
2022-05-18,Philadelphia Union,Inter Miami CF,0,0,2022,0x5gg97r57,FullTime,12,2.2863,1.0178,D
2022-05-19,Minnesota United,LA Galaxy,1,1,2022,eVq3gAO6qW,FullTime,12,2.5997,1.6576,D
2022-05-19,Sporting Kansas City,Colorado Rapids,2,1,2022,jYQJ3AjyMG,FullTime,12,0.4746,1.1522,H
2022-05-19,Houston Dynamo,Seattle Sounders,0,1,2022,Xj5YNxg0qb,FullTime,12,1.2221,1.0818,A
2022-05-19,Nashville SC,CF Montréal,2,1,2022,KAqBDAlJMb,FullTime,12,1.0449,0.4914,H
2022-05-19,Vancouver Whitecaps,FC Dallas,2,1,2022,0Oq6OARXQ6,FullTime,12,1.2,0.8176,H
2022-05-19,LAFC,Austin FC,1,2,2022,Oa5w1a4jQ1,FullTime,12,2.2785,1.0314,A
2022-05-19,San Jose Earthquakes,Portland Timbers,3,2,2022,7VqGdv2eQv,FullTime,12,1.8203,0.8879,H
2022-05-21,Nashville SC,Atlanta United,2,2,2022,wvq9RAVZQW,FullTime,13,1.6001,1.9234,D
2022-05-21,D.C. United,Toronto FC,2,2,2022,vzqokDXjqa,FullTime,13,2.3644,1.8269,D
2022-05-21,Columbus Crew,LAFC,0,2,2022,gOMn97emQw,FullTime,13,1.2136,2.2245,A
2022-05-21,FC Cincinnati,New England Revolution,2,3,2022,gpMO6YZnQz,FullTime,13,0.9281,1.022,A
2022-05-22,CF Montréal,Real Salt Lake,1,2,2022,2lqRoxbWQr,FullTime,13,0.4231,1.4825,A
2022-05-22,New York City FC,Chicago Fire,1,0,2022,eV5DrbjaQK,FullTime,13,1.8797,1.141,H
2022-05-22,Charlotte FC,Vancouver Whitecaps,2,1,2022,EGMPOxvjQa,FullTime,13,1.848,0.7887,H
2022-05-22,Inter Miami CF,New York Red Bulls,2,0,2022,7vQ7nEyYqD,FullTime,13,1.3767,1.5791,H
2022-05-22,FC Dallas,Minnesota United,1,2,2022,gjMNGxzv5K,FullTime,13,1.6024,0.945,A
2022-05-22,San Jose Earthquakes,Sporting Kansas City,1,1,2022,9z5knLllMA,FullTime,13,1.3298,1.1189,D
2022-05-23,LA Galaxy,Houston Dynamo,0,3,2022,raMylaJAQd,FullTime,13,1.2905,1.5194,A
2022-05-23,Colorado Rapids,Seattle Sounders,1,0,2022,Pk5LWxbmMO,FullTime,13,1.6776,0.8603,H
2022-05-23,Austin FC,Orlando City,2,2,2022,315VVx3659,FullTime,13,2.9333,2.016,D
2022-05-23,Portland Timbers,Philadelphia Union,0,2,2022,2vQ1BAY4Mr,FullTime,13,0.515,1.8783,A
2022-05-28,New England Revolution,Philadelphia Union,1,1,2022,9vQ2WAk1MK,FullTime,14,2.8635,0.6992,D
2022-05-28,Orlando City,FC Dallas,1,3,2022,aDQ03ARpqE,FullTime,14,1.6525,1.1585,A
2022-05-28,CF Montréal,FC Cincinnati,4,3,2022,odMXLxn2MY,FullTime,14,2.7184,0.9232,H
2022-05-28,Atlanta United,Columbus Crew,1,2,2022,a35rLa4BQL,FullTime,14,2.0434,0.8728,A
2022-05-28,Toronto FC,Chicago Fire,3,2,2022,xW5pV1alQg,FullTime,14,1.1457,2.9769,H
2022-05-28,LAFC,San Jose Earthquakes,3,2,2022,Vj58oA73M8,FullTime,14,1.9811,1.6706,H
2022-05-28,New York Red Bulls,D.C. United,4,1,2022,NPqxrazgM9,FullTime,14,0.9116,0.4003,H
2022-05-29,Real Salt Lake,Houston Dynamo,3,0,2022,KPqjOPXyQ6,FullTime,14,2.798,1.2455,H
2022-05-29,Colorado Rapids,Nashville SC,1,3,2022,OlMloNxgQL,FullTime,14,0.7454,1.7972,A
2022-05-29,LA Galaxy,Austin FC,4,1,2022,4JMA7A26qK,FullTime,14,3.2726,0.9125,H
2022-05-29,Inter Miami CF,Portland Timbers,2,1,2022,9Yqd3n195v,FullTime,14,1.4037,1.1049,H
2022-05-29,Minnesota United,New York City FC,0,1,2022,KXMeBorx56,FullTime,14,1.1069,0.792,A
2022-05-29,Sporting Kansas City,Vancouver Whitecaps,0,1,2022,kRQadGygqK,FullTime,14,1.3227,1.3317,A
2022-05-30,Seattle Sounders,Charlotte FC,2,1,2022,4wM4GAPzQj,FullTime,14,1.3221,1.2241,H
2022-06-04,Vancouver Whitecaps,Real Salt Lake,2,1,2022,zeQZyERKqK,FullTime,16,1.5087,0.9503,H
2022-06-11,Charlotte FC,New York Red Bulls,2,0,2022,BLMvDabRqx,FullTime,17,1.9688,0.4453,H
2022-06-12,Nashville SC,San Jose Earthquakes,0,0,2022,XVqKBxKR50,FullTime,17,1.5634,0.5764,D
2022-06-12,Sporting Kansas City,New England Revolution,1,2,2022,p6qbJ676q0,FullTime,17,1.3675,1.3403,A
2022-06-15,Seattle Sounders,Vancouver Whitecaps,4,0,2022,gOMn97nmQw,FullTime,9,2.6437,0.8209,H
2022-06-15,New England Revolution,Orlando City,1,1,2022,Pk5LWxlYMO,FullTime,17,0.9556,0.7291,D
2022-06-18,Seattle Sounders,LAFC,1,1,2022,7VqGdvAeQv,FullTime,15,1.0153,1.3287,D
2022-06-18,New York Red Bulls,Toronto FC,2,0,2022,eVq3gAV6qW,FullTime,15,1.446,1.4509,H
2022-06-18,Orlando City,Houston Dynamo,2,1,2022,KAqBDAxJMb,FullTime,15,2.4477,0.5631,H
2022-06-18,Philadelphia Union,FC Cincinnati,1,1,2022,NWMWPxO75l,FullTime,15,1.4183,1.1348,D
2022-06-18,LA Galaxy,Portland Timbers,1,1,2022,Xj5YNxo0qb,FullTime,15,1.2038,0.8373,D
2022-06-18,CF Montréal,Austin FC,0,1,2022,jYQJ3AvyMG,FullTime,15,1.2131,0.9255,A
2022-06-18,Columbus Crew,Charlotte FC,1,1,2022,e7Mz8awXqr,FullTime,15,1.1519,0.4831,D
2022-06-19,FC Dallas,Vancouver Whitecaps,0,2,2022,N6MmRy0R5E,FullTime,15,1.0925,0.5731,A
2022-06-19,Real Salt Lake,San Jose Earthquakes,2,0,2022,0x5gg98r57,FullTime,15,2.0779,0.2904,H
2022-06-19,Atlanta United,Inter Miami CF,2,0,2022,0Oq6OANXQ6,FullTime,15,1.933,1.0142,H
2022-06-19,New York City FC,Colorado Rapids,1,1,2022,gOMn97jmQw,FullTime,15,1.384,0.5482,D
2022-06-19,New England Revolution,Minnesota United,2,1,2022,Oa5w1aEjQ1,FullTime,15,0.5125,1.306,H
2022-06-19,Nashville SC,Sporting Kansas City,1,2,2022,gpMO6YJnQz,FullTime,15,0.6368,0.3403,A
2022-06-19,Chicago Fire,D.C. United,1,0,2022,ljqElxpE5x,FullTime,15,0.7167,0.772,H
2022-06-24,FC Cincinnati,Orlando City,1,0,2022,2lqRoxBWQr,FullTime,16,1.2572,0.2337,H
2022-06-25,Seattle Sounders,Sporting Kansas City,3,0,2022,0Oq6OArxQ6,FullTime,16,2.7216,0.4765,H
2022-06-25,D.C. United,Nashville SC,1,3,2022,jYQJ3AvkMG,FullTime,16,0.5833,0.9451,A
2022-06-25,Toronto FC,Atlanta United,2,1,2022,gpMO6YxrQz,FullTime,16,1.4734,1.351,H
2022-06-25,CF Montréal,Charlotte FC,2,1,2022,KAqBDAxBMb,FullTime,16,0.5143,1.0886,H
2022-06-26,Portland Timbers,Colorado Rapids,3,0,2022,NWMWPx3E5l,FullTime,16,2.7453,1.6932,H
2022-06-26,Philadelphia Union,New York City FC,2,1,2022,vzqokD6Jqa,FullTime,16,1.4385,1.174,H
2022-06-26,LAFC,New York Red Bulls,2,0,2022,gOMn97glQw,FullTime,16,1.7791,0.5441,H
2022-06-26,Real Salt Lake,Columbus Crew,0,0,2022,0x5gg9AP57,FullTime,16,0.6129,0.3329,D
2022-06-26,Houston Dynamo,Chicago Fire,2,0,2022,Oa5w1aE4Q1,FullTime,16,1.8427,1.3404,H
2022-06-26,Inter Miami CF,Minnesota United,2,1,2022,eVq3gAVVqW,FullTime,16,1.1466,1.0712,H
2022-06-26,Austin FC,FC Dallas,2,2,2022,vzqokDpjqa,FullTime,16,1.5488,1.8962,D
2022-06-27,Vancouver Whitecaps,New England Revolution,0,0,2022,2lqRox4JQr,FullTime,16,1.0626,1.0277,D
2022-06-29,Toronto FC,Columbus Crew,1,2,2022,eV5Drb6nQK,FullTime,17,2.0767,0.7403,A
2022-06-29,FC Cincinnati,New York City FC,4,4,2022,315VVxJn59,FullTime,17,2.9172,2.4973,D
2022-06-30,Chicago Fire,Philadelphia Union,1,0,2022,9z5knLmdMA,FullTime,17,0.8386,0.5876,H
2022-06-30,Seattle Sounders,CF Montréal,1,2,2022,7vQ7nE8GqD,FullTime,17,0.8658,1.5909,A
2022-06-30,Portland Timbers,Houston Dynamo,2,1,2022,raMylaXdQd,FullTime,17,1.5409,2.8217,H
2022-06-30,LA Galaxy,Minnesota United,2,3,2022,gpMO6EzDQz,FullTime,24,2.6797,1.0847,A
2022-06-30,LAFC,FC Dallas,3,1,2022,EGMPOxj6Qa,FullTime,17,1.6056,0.7008,H
2022-06-30,Charlotte FC,Austin FC,0,1,2022,wvq9RA2BQW,FullTime,17,0.5066,0.2272,A
2022-07-01,New York Red Bulls,Atlanta United,2,1,2022,gjMNGxXD5K,FullTime,17,2.0634,1.5894,H
2022-07-02,Toronto FC,Seattle Sounders,0,2,2022,OlMloNwDQL,FullTime,18,1.0159,1.7953,A
2022-07-03,Columbus Crew,Philadelphia Union,0,0,2022,9Yqd3n2E5v,FullTime,18,1.4494,0.1969,D
2022-07-03,Vancouver Whitecaps,LAFC,1,0,2022,Vj58oAeLM8,FullTime,18,0.5464,0.3072,H
2022-07-03,New York City FC,Atlanta United,2,2,2022,aDQ03Ao3qE,FullTime,18,2.0814,1.358,D
2022-07-03,New England Revolution,FC Cincinnati,2,2,2022,NPqxradXM9,FullTime,18,1.4387,1.5528,D
2022-07-04,Sporting Kansas City,New York Red Bulls,0,1,2022,odMXLxWxMY,FullTime,18,0.9042,0.7599,A
2022-07-04,Minnesota United,Real Salt Lake,3,2,2022,2vQ1BA9OMr,FullTime,18,2.532,1.3358,H
2022-07-04,Houston Dynamo,Charlotte FC,1,2,2022,KXMeBo0P56,FullTime,18,0.9347,1.677,A
2022-07-04,Nashville SC,Portland Timbers,2,2,2022,9vQ2WAVmMK,FullTime,18,0.8238,1.5846,D
2022-07-04,San Jose Earthquakes,Chicago Fire,2,1,2022,a35rLak2QL,FullTime,18,2.0973,2.0732,H
2022-07-04,Orlando City,D.C. United,3,5,2022,4JMA7Aw1qK,FullTime,18,2.3608,1.6829,A
2022-07-05,FC Dallas,Inter Miami CF,1,1,2022,xW5pV1nJQg,FullTime,18,0.9879,3.0097,D
2022-07-05,Colorado Rapids,Austin FC,2,3,2022,KPqjOPEYQ6,FullTime,18,1.677,1.0998,A
2022-07-05,LA Galaxy,CF Montréal,4,0,2022,kRQadGrjqK,FullTime,18,2.1802,1.1844,H
2022-07-08,Philadelphia Union,D.C. United,7,0,2022,p6qbJ68wq0,FullTime,19,4.3703,0.8413,H
2022-07-09,Toronto FC,San Jose Earthquakes,2,2,2022,0Oq6Om8xQ6,FullTime,19,2.2623,1.1041,D
2022-07-09,CF Montréal,Sporting Kansas City,1,2,2022,eVq3gALVqW,FullTime,19,1.5161,0.3651,A
2022-07-09,FC Cincinnati,New York Red Bulls,1,1,2022,jYQJ3A7kMG,FullTime,19,1.5192,0.9689,D
2022-07-09,Charlotte FC,Nashville SC,4,1,2022,N6MmRyBx5E,FullTime,19,2.0194,2.3039,H
2022-07-09,Seattle Sounders,Portland Timbers,0,3,2022,7VqGdEVjQv,FullTime,19,1.4901,2.487,A
2022-07-09,New York City FC,New England Revolution,4,2,2022,KAqBDABBMb,FullTime,19,5.4744,0.8354,H
2022-07-09,Vancouver Whitecaps,Minnesota United,1,3,2022,ljqElxn45x,FullTime,19,0.5387,0.8979,A
2022-07-09,LAFC,LA Galaxy,3,2,2022,4wM4GAyNQj,FullTime,19,1.2465,1.4076,H
2022-07-09,Atlanta United,Austin FC,0,3,2022,e7Mz8axGqr,FullTime,19,1.5542,2.2649,A
2022-07-10,Chicago Fire,Columbus Crew,2,3,2022,Xj5YNxGRqb,FullTime,19,1.5453,1.5559,A
2022-07-10,Houston Dynamo,FC Dallas,2,2,2022,Oa5w1al4Q1,FullTime,19,2.6565,1.6233,D
2022-07-10,Real Salt Lake,Colorado Rapids,2,2,2022,0x5ggyeP57,FullTime,19,1.0504,3.2081,D
2022-07-10,Orlando City,Inter Miami CF,1,0,2022,NWMWPYEE5l,FullTime,19,0.7358,0.6468,H
2022-07-13,Austin FC,Houston Dynamo,3,1,2022,gpMO6EOrQz,FullTime,20,1.7633,0.7795,H
2022-07-13,Atlanta United,Real Salt Lake,2,1,2022,vzqok39Jqa,FullTime,20,1.3942,0.8565,H
2022-07-14,Colorado Rapids,Orlando City,1,1,2022,9z5knr9dMA,FullTime,20,2.5487,0.7214,D
2022-07-14,FC Dallas,New York City FC,0,1,2022,315VVwZn59,FullTime,20,1.168,0.7637,A
2022-07-14,Nashville SC,Seattle Sounders,1,0,2022,7vQ7nmaGqD,FullTime,20,1.2672,0.4067,H
2022-07-14,LA Galaxy,San Jose Earthquakes,2,3,2022,Pk5LWEmYMO,FullTime,20,2.3478,1.6092,A
2022-07-14,D.C. United,Columbus Crew,2,2,2022,EGMPOEe6Qa,FullTime,20,2.5619,0.4813,D
2022-07-14,Inter Miami CF,Philadelphia Union,1,2,2022,gjMNGEnD5K,FullTime,20,0.6431,1.9277,A
2022-07-14,Minnesota United,Sporting Kansas City,1,1,2022,raMyl9LdQd,FullTime,20,0.7447,0.9404,D
2022-07-14,FC Cincinnati,Vancouver Whitecaps,2,2,2022,wvq9RmaBQW,FullTime,20,1.7096,1.2224,D
2022-07-14,Chicago Fire,Toronto FC,2,0,2022,2lqRoEZJQr,FullTime,20,0.8888,0.2324,H
2022-07-16,Philadelphia Union,New England Revolution,2,1,2022,KXMeBLeP56,FullTime,21,1.3196,1.3925,H
2022-07-16,CF Montréal,Toronto FC,1,0,2022,9Yqd3PXE5v,FullTime,21,2.3992,0.2286,H
2022-07-17,Chicago Fire,Seattle Sounders,1,0,2022,eV5DrEmnQK,FullTime,21,0.9946,0.7847,H
2022-07-17,Minnesota United,D.C. United,2,0,2022,Vj58omELM8,FullTime,21,1.8109,0.3868,H
2022-07-17,FC Dallas,Austin FC,1,1,2022,a35rLgd2QL,FullTime,21,2.3461,0.9373,D
2022-07-17,Colorado Rapids,LA Galaxy,2,0,2022,2vQ1BmaOMr,FullTime,21,1.176,0.9458,H
2022-07-17,Inter Miami CF,Charlotte FC,3,2,2022,OlMlol7DQL,FullTime,21,1.7897,0.4914,H
2022-07-17,Atlanta United,Orlando City,1,1,2022,aDQ03md3qE,FullTime,21,1.5633,0.1526,D
2022-07-17,New York Red Bulls,New York City FC,0,1,2022,kRQad96jqK,FullTime,21,0.8995,1.8299,A
2022-07-17,Columbus Crew,FC Cincinnati,2,0,2022,KPqjO1LYQ6,FullTime,21,1.8577,0.9536,H
2022-07-18,Portland Timbers,Vancouver Whitecaps,1,1,2022,odMXLB4xMY,FullTime,21,2.5763,1.5765,D
2022-07-18,Real Salt Lake,Sporting Kansas City,3,0,2022,9vQ2WmamMK,FullTime,21,1.8903,0.4048,H
2022-07-18,Nashville SC,LAFC,1,2,2022,xW5pVB6JQg,FullTime,21,2.0252,1.3943,A
2022-07-18,San Jose Earthquakes,Houston Dynamo,1,2,2022,NPqxrR0XM9,FullTime,21,1.5473,1.5258,A
2022-07-23,New York City FC,Inter Miami CF,2,0,2022,XVqKBEj050,FullTime,22,1.7158,0.7684,H
2022-07-23,Orlando City,Philadelphia Union,0,1,2022,p6qbJkLwq0,FullTime,22,0.9241,1.0613,A
2022-07-23,Toronto FC,Charlotte FC,4,0,2022,Xj5YNWZRqb,FullTime,22,1.6261,0.6208,H
2022-07-23,Columbus Crew,New England Revolution,0,0,2022,4wM4GmxNQj,FullTime,22,0.8104,0.1809,D
2022-07-23,FC Cincinnati,Nashville SC,1,1,2022,4JMA7Ev1qK,FullTime,22,1.2046,1.3984,D
2022-07-24,Portland Timbers,San Jose Earthquakes,2,1,2022,ljqElEA45x,FullTime,22,1.3621,1.3598,H
2022-07-24,Seattle Sounders,Colorado Rapids,2,1,2022,N6MmRJrx5E,FullTime,22,2.3436,0.7888,H
2022-07-24,Real Salt Lake,FC Dallas,0,1,2022,e7Mz8kpGqr,FullTime,22,2.1267,0.5905,A
2022-07-24,Sporting Kansas City,LAFC,0,2,2022,BLMvDn0Wqx,FullTime,22,0.4401,1.1379,A
2022-07-24,Houston Dynamo,Minnesota United,1,2,2022,zeQZygYrqK,FullTime,22,0.9922,1.1631,A
2022-07-24,D.C. United,CF Montréal,1,2,2022,eVq3gmkVqW,FullTime,22,1.9897,0.9104,A
2022-07-24,Vancouver Whitecaps,Chicago Fire,1,3,2022,jYQJ3EDkMG,FullTime,22,1.7353,1.2309,A
2022-07-25,Austin FC,New York Red Bulls,3,4,2022,Oa5w1oL4Q1,FullTime,22,1.593,1.1491,A
2022-07-25,LA Galaxy,Atlanta United,2,0,2022,KAqBDELBMb,FullTime,22,1.4322,1.3973,H
2022-07-30,Philadelphia Union,Houston Dynamo,6,0,2022,KAqBDEjmMb,FullTime,23,2.2075,0.5669,H
2022-07-30,CF Montréal,New York City FC,0,0,2022,2lqRoERJQr,FullTime,23,1.24,0.0463,D
2022-07-30,Minnesota United,Portland Timbers,4,4,2022,vzqok3rJqa,FullTime,23,1.8364,1.7508,D
2022-07-30,Chicago Fire,Atlanta United,0,0,2022,7VqGdEmjQv,FullTime,23,1.086,1.0092,D
2022-07-30,LAFC,Seattle Sounders,2,1,2022,NWMWPYXE5l,FullTime,23,2.1791,0.7104,H
2022-07-31,Nashville SC,Vancouver Whitecaps,1,1,2022,jYQJ3E1ZMG,FullTime,23,1.4655,1.3987,D
2022-07-31,Inter Miami CF,FC Cincinnati,4,4,2022,gOMn9w6lQw,FullTime,23,2.7146,2.0462,D
2022-07-31,New England Revolution,Toronto FC,0,0,2022,Oa5w1oYDQ1,FullTime,23,0.6267,1.9357,D
2022-07-31,Sporting Kansas City,Austin FC,0,2,2022,gpMO6EzrQz,FullTime,23,1.6011,0.7003,A
2022-07-31,FC Dallas,LA Galaxy,1,0,2022,0Oq6OmlxQ6,FullTime,23,1.2598,1.4339,H
2022-07-31,San Jose Earthquakes,Real Salt Lake,2,2,2022,NWMWPYXD5l,FullTime,23,1.8411,1.526,D
2022-07-31,D.C. United,Orlando City,2,1,2022,0x5ggyPw57,FullTime,23,0.7653,1.1716,H
2022-08-02,New York Red Bulls,Colorado Rapids,4,5,2022,eVq3gmaXqW,FullTime,23,2.3941,1.3376,A
2022-08-03,Charlotte FC,D.C. United,3,0,2022,7VqGdEmzQv,FullTime,24,1.7954,0.7637,H
2022-08-03,Columbus Crew,CF Montréal,1,2,2022,0Oq6OmlgQ6,FullTime,24,1.0108,1.1136,A
2022-08-03,Seattle Sounders,FC Dallas,1,0,2022,2lqRoERaQr,FullTime,24,1.2792,0.483,H
2022-08-04,San Jose Earthquakes,Inter Miami CF,0,1,2022,vzqok3rNqa,FullTime,24,1.4454,2.0858,A
2022-08-04,Portland Timbers,Nashville SC,1,1,2022,gOMn9w68Qw,FullTime,24,1.3765,1.7408,D
2022-08-06,CF Montréal,Inter Miami CF,2,2,2022,2vQ1BmLbMr,FullTime,24,1.7197,0.9679,D
2022-08-06,D.C. United,New York Red Bulls,0,0,2022,7vQ7nm3OqD,FullTime,24,0.1411,0.9235,D
2022-08-06,Orlando City,New England Revolution,0,3,2022,OlMlolr4QL,FullTime,24,1.1839,0.7467,A
2022-08-06,Columbus Crew,New York City FC,3,2,2022,raMyl9ZlQd,FullTime,24,0.8416,1.2067,H
2022-08-06,Charlotte FC,Chicago Fire,2,3,2022,EGMPOElxQa,FullTime,24,1.7006,2.4258,A
2022-08-06,Atlanta United,Seattle Sounders,2,1,2022,9z5knraJMA,FullTime,24,0.7556,1.2194,H
2022-08-06,Vancouver Whitecaps,Houston Dynamo,2,1,2022,wvq9RmpNQW,FullTime,24,1.0829,0.8619,H
2022-08-06,FC Cincinnati,Philadelphia Union,3,1,2022,Pk5LWE1EMO,FullTime,24,2.1494,1.618,H
2022-08-07,Real Salt Lake,LAFC,1,4,2022,9Yqd3Pk75v,FullTime,24,0.8787,1.503,A
2022-08-07,Austin FC,San Jose Earthquakes,3,3,2022,315VVweY59,FullTime,24,1.9815,0.7901,D
2022-08-07,Portland Timbers,FC Dallas,1,1,2022,Vj58omYDM8,FullTime,24,1.6498,1.2388,D
2022-08-07,Sporting Kansas City,LA Galaxy,4,2,2022,eV5DrE09QK,FullTime,24,3.0543,1.1677,H
2022-08-07,Nashville SC,Toronto FC,3,4,2022,a35rLgloQL,FullTime,24,2.459,1.8512,A
2022-08-07,Colorado Rapids,Minnesota United,4,3,2022,gjMNGEv35K,FullTime,24,3.5245,2.0788,H
2022-08-13,New York Red Bulls,Orlando City,0,1,2022,4wM4Gm2yQj,FullTime,25,0.6056,0.2179,A
2022-08-13,Philadelphia Union,Chicago Fire,4,1,2022,zeQZyg7YqK,FullTime,25,3.352,1.6281,H
2022-08-13,FC Cincinnati,Atlanta United,2,2,2022,odMXLB8eMY,FullTime,25,1.6846,1.5573,D
2022-08-13,Toronto FC,Portland Timbers,3,1,2022,BLMvDnzlqx,FullTime,25,3.0483,0.446,H
2022-08-13,New England Revolution,D.C. United,1,0,2022,4JMA7Ea2qK,FullTime,25,2.3627,0.5623,H
2022-08-14,LAFC,Charlotte FC,5,0,2022,xW5pVBxRQg,FullTime,25,2.7604,0.2742,H
2022-08-14,LA Galaxy,Vancouver Whitecaps,5,2,2022,KPqjO1o2Q6,FullTime,25,1.9784,0.8179,H
2022-08-14,Colorado Rapids,Columbus Crew,1,1,2022,9vQ2WmdLMK,FullTime,25,1.296,1.4244,D
2022-08-14,FC Dallas,San Jose Earthquakes,4,1,2022,NPqxrRmWM9,FullTime,25,1.3485,0.5915,H
2022-08-14,Houston Dynamo,CF Montréal,2,3,2022,aDQ03maGqE,FullTime,25,0.8121,2.2549,A
2022-08-14,Austin FC,Sporting Kansas City,4,3,2022,KXMeBLOv56,FullTime,25,1.1569,2.6427,H
2022-08-14,Inter Miami CF,New York City FC,3,2,2022,kRQad9bkqK,FullTime,25,2.463,2.2099,H
2022-08-15,Seattle Sounders,Real Salt Lake,1,2,2022,p6qbJkOXq0,FullTime,25,1.7967,1.1859,A
2022-08-15,Nashville SC,Minnesota United,1,2,2022,XVqKBEWW50,FullTime,25,1.5707,0.632,A
2022-08-17,Atlanta United,New York Red Bulls,1,2,2022,ljqElE2V5x,FullTime,26,1.0798,0.8681,A
2022-08-17,Toronto FC,New England Revolution,2,2,2022,jYQJ3EzZMG,FullTime,26,1.7367,1.0547,D
2022-08-17,LAFC,D.C. United,1,0,2022,N6MmRJeW5E,FullTime,26,2.0866,0.6217,H
2022-08-18,New York City FC,Charlotte FC,1,3,2022,Xj5YNW6yqb,FullTime,26,1.4728,1.3428,A
2022-08-18,FC Dallas,Philadelphia Union,1,0,2022,e7Mz8klJqr,FullTime,26,0.9864,0.6168,H
2022-08-18,Vancouver Whitecaps,Colorado Rapids,2,1,2022,Oa5w1oVDQ1,FullTime,26,0.8794,2.312,H
2022-08-20,LA Galaxy,Seattle Sounders,3,3,2022,eVq3gmjXqW,FullTime,26,1.3955,2.2786,D
2022-08-20,New York Red Bulls,FC Cincinnati,1,1,2022,7VqGdEjzQv,FullTime,26,1.7521,0.3233,D
2022-08-20,D.C. United,Philadelphia Union,0,6,2022,NWMWPYVD5l,FullTime,26,1.1214,3.1319,A
2022-08-20,CF Montréal,New England Revolution,4,0,2022,315VVwXY59,FullTime,26,3.3765,1.286,H
2022-08-21,Sporting Kansas City,Portland Timbers,4,1,2022,wvq9RmgNQW,FullTime,26,1.7547,1.3096,H
2022-08-21,Charlotte FC,Orlando City,1,2,2022,gOMn9wR8Qw,FullTime,26,1.0929,1.2972,A
2022-08-21,Columbus Crew,Atlanta United,2,2,2022,2lqRoEkaQr,FullTime,26,1.1907,1.906,D
2022-08-21,Chicago Fire,New York City FC,0,2,2022,vzqok37Nqa,FullTime,26,1.2278,0.9544,A
2022-08-21,Real Salt Lake,Vancouver Whitecaps,1,1,2022,0Oq6OmwgQ6,FullTime,26,0.9695,0.9262,D
2022-08-21,Colorado Rapids,Houston Dynamo,1,1,2022,KAqBDE9mMb,FullTime,26,0.7745,0.5405,D
2022-08-21,Minnesota United,Austin FC,2,1,2022,0x5ggy2w57,FullTime,26,2.1388,1.1175,H
2022-08-21,Inter Miami CF,Toronto FC,2,1,2022,9z5knr7JMA,FullTime,26,0.8876,0.9528,H
2022-08-21,San Jose Earthquakes,LAFC,2,1,2022,gpMO6EaDQz,FullTime,26,0.8532,1.3291,H
2022-08-22,Nashville SC,FC Dallas,4,0,2022,EGMPOEnxQa,FullTime,26,2.0825,0.2162,H
2022-08-27,Austin FC,LAFC,4,1,2022,Pk5LWEgEMO,FullTime,27,0.7547,1.9536,H
2022-08-27,Portland Timbers,Seattle Sounders,2,1,2022,gjMNGER35K,FullTime,27,2.5931,0.5685,H
2022-08-27,Minnesota United,Houston Dynamo,2,1,2022,2vQ1BmNbMr,FullTime,27,1.2525,0.5673,H
2022-08-27,New York Red Bulls,Inter Miami CF,3,1,2022,a35rLgKoQL,FullTime,27,1.5564,2.3686,H
2022-08-27,FC Cincinnati,Columbus Crew,2,2,2022,raMyl9AlQd,FullTime,27,1.7655,0.4125,D
2022-08-27,Philadelphia Union,Colorado Rapids,6,0,2022,OlMlol94QL,FullTime,27,5.3184,0.925,H
2022-08-28,Orlando City,New York City FC,2,1,2022,NPqxrReWM9,FullTime,27,1.1779,0.5464,H
2022-08-28,FC Dallas,Real Salt Lake,1,1,2022,7vQ7nmrOqD,FullTime,27,0.8455,0.9026,D
2022-08-28,Atlanta United,D.C. United,3,2,2022,9Yqd3P675v,FullTime,27,2.6016,1.2916,H
2022-08-28,Vancouver Whitecaps,Nashville SC,0,3,2022,Vj58omBDM8,FullTime,27,0.6913,1.9874,A
2022-08-28,Charlotte FC,Toronto FC,0,2,2022,KXMeBLkv56,FullTime,27,1.2218,0.5621,A
2022-08-28,Chicago Fire,CF Montréal,0,2,2022,odMXLBReMY,FullTime,27,0.7762,0.9544,A
2022-08-28,Sporting Kansas City,San Jose Earthquakes,1,0,2022,eV5DrEL9QK,FullTime,27,1.5312,0.6811,H
2022-08-29,New England Revolution,LA Galaxy,1,2,2022,9vQ2Wm2LMK,FullTime,27,1.9042,1.0787,A
2022-08-31,Columbus Crew,Inter Miami CF,1,0,2022,KPqjO172Q6,FullTime,28,0.7301,0.4227,H
2022-08-31,New England Revolution,Chicago Fire,0,0,2022,4wM4GmayQj,FullTime,28,1.0677,1.6251,D
2022-08-31,Toronto FC,LA Galaxy,2,2,2022,p6qbJkXXq0,FullTime,28,1.5836,0.8134,D
2022-08-31,Philadelphia Union,Atlanta United,4,1,2022,BLMvDnPlqx,FullTime,28,2.8296,1.8159,H
2022-08-31,CF Montréal,New York Red Bulls,0,1,2022,kRQad92kqK,FullTime,28,0.8014,0.9019,A
2022-09-01,New York City FC,D.C. United,1,2,2022,2vQ1BAoKMr,FullTime,6,0.3058,1.1232,A
2022-09-01,Houston Dynamo,LAFC,2,1,2022,xW5pVBrRQg,FullTime,28,1.5675,3.0437,H
2022-09-01,Nashville SC,Colorado Rapids,4,1,2022,4JMA7E92qK,FullTime,28,2.8103,1.1481,H
2022-09-01,Orlando City,Seattle Sounders,3,2,2022,zeQZyg3YqK,FullTime,28,3.8163,1.1684,H
2022-09-01,Real Salt Lake,Minnesota United,3,0,2022,XVqKBEdW50,FullTime,28,1.4287,0.2535,H
2022-09-01,Austin FC,Portland Timbers,1,2,2022,aDQ03mPGqE,FullTime,28,2.4972,2.0973,A
2022-09-03,FC Cincinnati,Charlotte FC,2,0,2022,ljqElEDV5x,FullTime,29,1.1902,0.9382,H
2022-09-03,Minnesota United,FC Dallas,0,3,2022,Xj5YNWwyqb,FullTime,29,1.205,0.9403,A
2022-09-03,Columbus Crew,Chicago Fire,0,0,2022,e7Mz8kmJqr,FullTime,29,1.038,0.29,D
2022-09-03,New York Red Bulls,Philadelphia Union,0,2,2022,eVq3gmpXqW,FullTime,29,1.5039,0.7725,A
2022-09-04,Nashville SC,Austin FC,3,0,2022,jYQJ3E8ZMG,FullTime,29,1.5278,0.7065,H
2022-09-04,Portland Timbers,Atlanta United,2,1,2022,gpMO6E9DQz,FullTime,29,2.8439,0.9511,H
2022-09-04,Toronto FC,CF Montréal,3,4,2022,NWMWPY8D5l,FullTime,29,1.7302,1.9208,A
2022-09-04,D.C. United,Colorado Rapids,0,0,2022,N6MmRJlW5E,FullTime,29,2.0799,1.1365,D
2022-09-05,New England Revolution,New York City FC,3,0,2022,Oa5w1oODQ1,FullTime,29,0.7116,2.379,H
2022-09-05,LA Galaxy,Sporting Kansas City,2,2,2022,0x5ggyow57,FullTime,29,2.2603,1.7059,D
2022-09-05,Seattle Sounders,Houston Dynamo,2,1,2022,KAqBDEVmMb,FullTime,29,2.2471,0.2851,H
2022-09-05,San Jose Earthquakes,Vancouver Whitecaps,2,0,2022,gOMn9wP8Qw,FullTime,29,0.7456,1.261,H
2022-09-05,LAFC,Real Salt Lake,2,0,2022,7VqGdENzQv,FullTime,29,2.6569,0.5491,H
2022-09-08,New York City FC,FC Cincinnati,1,1,2022,vzqok3PNqa,FullTime,30,1.5677,0.152,D
2022-09-09,CF Montréal,Columbus Crew,2,2,2022,2lqRoE2aQr,FullTime,30,1.9207,0.7277,D
2022-09-10,FC Cincinnati,San Jose Earthquakes,6,0,2022,KAqBDEVAMb,FullTime,30,4.026,0.9111,H
2022-09-10,Philadelphia Union,Orlando City,5,1,2022,gOMn9wPAQw,FullTime,30,3.0751,0.5498,H
2022-09-10,Atlanta United,Toronto FC,4,2,2022,jYQJ3E8VMG,FullTime,30,3.7603,1.9137,H
2022-09-10,Charlotte FC,New York City FC,1,0,2022,Oa5w1oO9Q1,FullTime,30,0.9529,1.0271,H
2022-09-10,New York Red Bulls,New England Revolution,2,1,2022,gpMO6E9lQz,FullTime,30,1.4783,0.527,H
2022-09-10,Nashville SC,LA Galaxy,1,1,2022,0Oq6Omx6Q6,FullTime,30,1.3578,2.7153,D
2022-09-11,Seattle Sounders,Austin FC,3,0,2022,wvq9RmW1QW,FullTime,30,1.2583,1.2119,H
2022-09-11,Chicago Fire,Inter Miami CF,3,1,2022,eVq3gmpvqW,FullTime,30,1.67,1.0698,H
2022-09-11,Houston Dynamo,Sporting Kansas City,0,0,2022,7VqGdENdQv,FullTime,30,1.0593,1.164,D
2022-09-11,FC Dallas,LAFC,2,1,2022,0x5ggyoX57,FullTime,30,1.1692,1.4765,H
2022-09-11,Colorado Rapids,Vancouver Whitecaps,3,1,2022,NWMWPY8Y5l,FullTime,30,2.1348,1.2142,H
2022-09-11,Real Salt Lake,D.C. United,0,0,2022,2lqRoE2LQr,FullTime,30,1.1103,0.8436,D
2022-09-11,Portland Timbers,Minnesota United,1,0,2022,vzqok3PYqa,FullTime,30,1.1992,2.5277,H
2022-09-13,CF Montréal,Chicago Fire,3,2,2022,7vQ7nmYLqD,FullTime,31,0.7785,1.7999,H
2022-09-14,Minnesota United,LAFC,1,1,2022,raMyl9mBQd,FullTime,31,1.6547,0.6315,D
2022-09-14,Inter Miami CF,Columbus Crew,2,1,2022,gjMNGE1K5K,FullTime,31,1.0332,0.8929,H
2022-09-14,Sporting Kansas City,D.C. United,3,0,2022,Pk5LWEkGMO,FullTime,31,1.5765,0.6476,H
2022-09-14,Houston Dynamo,New England Revolution,3,1,2022,EGMPOEkyQa,FullTime,31,4.1525,1.9291,H
2022-09-14,Orlando City,Atlanta United,0,1,2022,eV5DrEVYQK,FullTime,31,1.2552,1.427,A
2022-09-15,Vancouver Whitecaps,LA Galaxy,3,0,2022,2vQ1BmZGMr,FullTime,31,1.4837,0.6673,H
2022-09-15,Colorado Rapids,San Jose Earthquakes,2,1,2022,315VVw4v59,FullTime,31,0.8333,1.4014,H
2022-09-15,Austin FC,Real Salt Lake,3,0,2022,9z5knrReMA,FullTime,31,1.975,1.1681,H
2022-09-17,New York City FC,New York Red Bulls,2,0,2022,9vQ2Wm99MK,FullTime,32,0.8743,0.7033,H
2022-09-17,Atlanta United,Philadelphia Union,0,0,2022,a35rLgP4QL,FullTime,32,1.3961,0.1557,D
2022-09-17,New England Revolution,CF Montréal,0,1,2022,odMXLBPJMY,FullTime,32,0.8615,1.2365,A
2022-09-17,Orlando City,Toronto FC,4,0,2022,NPqxrRnxM9,FullTime,32,1.0278,0.7786,H
2022-09-18,Chicago Fire,Charlotte FC,2,3,2022,Vj58omwEM8,FullTime,32,1.135,1.9712,A
2022-09-18,Sporting Kansas City,Minnesota United,4,1,2022,9Yqd3PYk5v,FullTime,32,1.8276,0.7158,H
2022-09-18,Austin FC,Nashville SC,1,1,2022,OlMlolAwQL,FullTime,32,0.6744,1.4002,D
2022-09-18,Real Salt Lake,FC Cincinnati,1,2,2022,aDQ03mLlqE,FullTime,32,1.9467,0.6867,A
2022-09-18,Vancouver Whitecaps,Seattle Sounders,2,1,2022,xW5pVBdYQg,FullTime,32,1.0528,0.7454,H
2022-09-18,LA Galaxy,Colorado Rapids,4,1,2022,KXMeBLRk56,FullTime,32,2.1647,1.2442,H
2022-09-18,San Jose Earthquakes,FC Dallas,1,1,2022,KPqjO16BQ6,FullTime,32,1.8341,0.746,D
2022-09-18,Columbus Crew,Portland Timbers,1,1,2022,kRQad9e8qK,FullTime,32,1.1034,0.6536,D
2022-09-18,D.C. United,Inter Miami CF,2,3,2022,4JMA7ELOqK,FullTime,32,1.1529,1.0128,A
2022-09-19,LAFC,Houston Dynamo,3,1,2022,4wM4GmZ4Qj,FullTime,32,2.7078,1.1695,H
2022-09-25,San Jose Earthquakes,LA Galaxy,2,3,2022,7VqGdvkjQv,FullTime,16,1.9242,1.4403,A
2022-09-28,Seattle Sounders,FC Cincinnati,1,1,2022,9Yqd3nrL5v,FullTime,6,0.402,2.0128,D
2022-09-30,Toronto FC,Inter Miami CF,0,1,2022,zeQZygjZqK,FullTime,33,0.8506,1.2612,A
2022-10-01,New England Revolution,Atlanta United,2,1,2022,Xj5YNWLaqb,FullTime,33,2.1009,1.3571,H
2022-10-01,Colorado Rapids,FC Dallas,1,0,2022,p6qbJkRbq0,FullTime,33,0.7785,0.6231,H
2022-10-01,Charlotte FC,Philadelphia Union,4,0,2022,BLMvDnkBqx,FullTime,33,2.6243,0.6248,H
2022-10-01,Columbus Crew,New York Red Bulls,2,1,2022,ljqElEVo5x,FullTime,33,1.1276,0.57,H
2022-10-01,FC Cincinnati,Chicago Fire,2,3,2022,XVqKBEGD50,FullTime,33,2.8796,2.1649,A
2022-10-01,CF Montréal,D.C. United,1,0,2022,N6MmRJKP5E,FullTime,33,2.2473,0.7646,H
2022-10-02,Sporting Kansas City,Seattle Sounders,1,0,2022,KAqBDEeAMb,FullTime,33,1.7204,0.8314,H
2022-10-02,New York City FC,Orlando City,2,1,2022,jYQJ3EBVMG,FullTime,33,2.3437,1.464,H
2022-10-02,Portland Timbers,LAFC,1,2,2022,0x5ggy6X57,FullTime,33,1.2842,1.4447,A
2022-10-02,San Jose Earthquakes,Minnesota United,2,0,2022,Oa5w1on9Q1,FullTime,33,1.5579,0.9793,H
2022-10-02,Vancouver Whitecaps,Austin FC,2,0,2022,eVq3gm2vqW,FullTime,33,1.833,1.1323,H
2022-10-02,LA Galaxy,Real Salt Lake,1,1,2022,e7Mz8kAeqr,FullTime,33,2.4923,1.5391,D
2022-10-03,Nashville SC,Houston Dynamo,1,2,2022,NWMWPYLY5l,FullTime,33,1.2654,1.7998,A
2022-10-05,Charlotte FC,Columbus Crew,2,2,2022,0x5ggyPP57,FullTime,23,2.5527,1.7913,D
2022-10-06,Inter Miami CF,Orlando City,4,1,2022,0Oq6OmxgQ6,FullTime,29,1.8038,0.7453,H
2022-10-09,FC Dallas,Sporting Kansas City,2,1,2022,gOMn9w2AQw,FullTime,34,1.2677,0.9224,H
2022-10-09,Austin FC,Colorado Rapids,1,1,2022,0Oq6OmE6Q6,FullTime,34,1.7497,1.2675,D
2022-10-09,Houston Dynamo,LA Galaxy,1,3,2022,2lqRoEPLQr,FullTime,34,0.6592,2.2488,A
2022-10-09,Minnesota United,Vancouver Whitecaps,2,0,2022,315VVwkv59,FullTime,34,1.0622,0.6212,H
2022-10-09,Seattle Sounders,San Jose Earthquakes,2,2,2022,7vQ7nmJLqD,FullTime,34,0.7949,0.9754,D
2022-10-09,Real Salt Lake,Portland Timbers,3,1,2022,raMyl9yBQd,FullTime,34,1.5711,0.8905,H
2022-10-09,D.C. United,FC Cincinnati,2,5,2022,vzqok3GYqa,FullTime,34,0.3968,2.0484,A
2022-10-09,Atlanta United,New York City FC,1,2,2022,7VqGdEJdQv,FullTime,34,1.8442,1.526,A
2022-10-09,Inter Miami CF,CF Montréal,1,3,2022,9z5knrOeMA,FullTime,34,0.7501,2.1675,A
2022-10-09,New York Red Bulls,Charlotte FC,2,0,2022,EGMPOE1yQa,FullTime,34,0.7859,0.7609,H
2022-10-09,Orlando City,Columbus Crew,2,1,2022,Pk5LWE7GMO,FullTime,34,1.0725,1.0189,H
2022-10-09,Philadelphia Union,Toronto FC,4,0,2022,gjMNGEeK5K,FullTime,34,2.4165,0.3805,H
2022-10-09,Chicago Fire,New England Revolution,1,1,2022,gpMO6ErlQz,FullTime,34,1.7729,1.7729,D
2022-10-09,LAFC,Nashville SC,0,1,2022,wvq9Rm31QW,FullTime,34,4.1604,1.8399,A
2022-10-15,New York Red Bulls,FC Cincinnati,1,2,2022,0Oq66WnPq6,FullTime,35,1.3145,1.9269,A
2022-10-15,LA Galaxy,Nashville SC,1,0,2022,gpMO0bKy5z,FullTime,35,1.1663,0.6666,H
2022-10-16,Austin FC,Real Salt Lake,2,2,2022,gOMnEZveQw,FullTime,35,4.0797,1.5655,D
2022-10-17,New York City FC,Inter Miami CF,3,0,2022,2lqR0zv4Mr,FullTime,35,3.0455,0.6873,H
2022-10-17,CF Montréal,Orlando City,2,0,2022,vzqoEZvpMa,FullTime,35,1.3102,0.4464,H
2022-10-18,FC Dallas,Minnesota United,1,1,2022,wvq9o60aMW,FullTime,35,1.6654,0.2181,D
2022-10-21,Philadelphia Union,FC Cincinnati,1,0,2022,9z5kEZoaQA,FullTime,36,1.6039,1.0371,H
2022-10-21,LAFC,LA Galaxy,3,2,2022,315V0b8XQ9,FullTime,36,2.0904,0.3957,H
2022-10-23,CF Montréal,New York City FC,1,3,2022,EGMP0bykMa,FullTime,36,2.5053,1.8744,A
2022-10-24,Austin FC,FC Dallas,2,1,2022,Pk5L08V75O,FullTime,36,1.3763,0.6391,H
2022-10-30,LAFC,Austin FC,3,0,2022,gjMNAbLjQK,FullTime,37,2.1026,0.2039,H
2022-10-31,Philadelphia Union,New York City FC,3,1,2022,raMyEd8eMd,FullTime,37,1.5703,0.6641,H
2022-11-05,LAFC,Philadelphia Union,3,3,2022,7vQ7Og2eQD,FullTime,38,1.3394,1.7543,D
2023-02-25,Nashville SC,New York City FC,2,0,2023,XVqKAoxWM0,FullTime,1,1.1965,0.4189,H
2023-02-26,Vancouver Whitecaps,Real Salt Lake,1,2,2023,7VqG8GvzQv,FullTime,1,2.1339,1.4437,A
2023-02-26,FC Dallas,Minnesota United,0,1,2023,KAqB7wAmQb,FullTime,1,0.6079,0.7395,A
2023-02-26,Austin FC,St. Louis City SC,2,3,2023,eVq3WEAXqW,FullTime,1,1.3191,1.9281,A
2023-02-26,D.C. United,Toronto FC,3,2,2023,N6MmE3yWME,FullTime,1,1.1793,1.8221,H
2023-02-26,Inter Miami CF,CF Montréal,2,0,2023,Xj5Y0rxyMb,FullTime,1,2.3195,1.7725,H
2023-02-26,FC Cincinnati,Houston Dynamo,2,1,2023,e7MzEPaJQr,FullTime,1,1.8667,1.5983,H
2023-02-26,Orlando City,New York Red Bulls,1,0,2023,jYQJ0nAZ5G,FullTime,1,0.9827,0.9313,H
2023-02-26,Charlotte FC,New England Revolution,0,1,2023,ljqErWxVQx,FullTime,1,1.1554,1.1353,A
2023-02-26,Atlanta United,San Jose Earthquakes,2,1,2023,p6qbpd6XM0,FullTime,1,1.9393,1.3528,H
2023-02-26,Philadelphia Union,Columbus Crew,4,1,2023,Oa5wm9aDQ1,FullTime,1,3.067,0.7429,H
2023-02-27,Seattle Sounders,Colorado Rapids,4,0,2023,0Oq660Agq6,FullTime,1,3.7654,1.24,H
2023-02-28,Portland Timbers,Sporting Kansas City,1,0,2023,0x5gEZ9wQ7,FullTime,1,0.5892,0.9928,H
2023-03-04,LAFC,Portland Timbers,3,2,2023,gpMO0VYD5z,FullTime,2,2.0882,1.1188,H
2023-03-05,Chicago Fire,New York City FC,1,1,2023,Pk5L0RxE5O,FullTime,2,0.9425,1.3736,D
2023-03-05,Seattle Sounders,Real Salt Lake,2,0,2023,2vQ130Ab5r,FullTime,2,2.6146,0.4375,H
2023-03-05,San Jose Earthquakes,Vancouver Whitecaps,2,1,2023,eV5D1Bb9qK,FullTime,2,1.8637,0.8886,H
2023-03-05,Austin FC,CF Montréal,1,0,2023,EGMP0PxxMa,FullTime,2,1.547,0.6962,H
2023-03-05,FC Dallas,LA Galaxy,3,1,2023,gjMNAkx3QK,FullTime,2,1.5812,1.6493,H
2023-03-05,Colorado Rapids,Sporting Kansas City,0,0,2023,7vQ7O0EOQD,FullTime,2,1.635,0.8104,D
2023-03-05,Inter Miami CF,Philadelphia Union,2,0,2023,2lqR0NxaMr,FullTime,2,0.5553,1.0014,H
2023-03-05,Orlando City,FC Cincinnati,0,0,2023,315V0rxYQ9,FullTime,2,0.3496,1.3881,D
2023-03-05,New York Red Bulls,Nashville SC,0,0,2023,9z5kEJLJQA,FullTime,2,0.4732,0.2736,D
2023-03-05,Atlanta United,Toronto FC,1,1,2023,gOMnEB78Qw,FullTime,2,0.7545,0.3085,D
2023-03-05,Columbus Crew,D.C. United,2,0,2023,vzqoEWDNMa,FullTime,2,1.1328,1.3339,H
2023-03-05,New England Revolution,Houston Dynamo,3,0,2023,wvq9o4ANMW,FullTime,2,1.2698,0.6568,H
2023-03-05,St. Louis City SC,Charlotte FC,3,1,2023,raMyEValMd,FullTime,2,1.5157,0.5386,H
2023-03-11,Charlotte FC,Atlanta United,0,3,2023,a35rE6aoML,FullTime,3,1.71,1.2608,A
2023-03-11,Vancouver Whitecaps,FC Dallas,1,1,2023,OlMlEYN45L,FullTime,3,1.0222,1.0971,D
2023-03-12,Portland Timbers,St. Louis City SC,1,2,2023,kRQa0YGkqK,FullTime,3,0.8934,0.9229,A
2023-03-12,Real Salt Lake,Austin FC,1,2,2023,xW5pEg1Rqg,FullTime,3,0.9532,1.1259,A
2023-03-12,Nashville SC,CF Montréal,2,0,2023,KPqjYbP256,FullTime,3,1.4213,0.3661,H
2023-03-12,Sporting Kansas City,LA Galaxy,0,0,2023,NPqxEkaWQ9,FullTime,3,1.3396,0.3592,D
2023-03-12,San Jose Earthquakes,Colorado Rapids,1,0,2023,4JMAyJA2MK,FullTime,3,1.2626,0.2701,H
2023-03-12,D.C. United,Orlando City,1,1,2023,9YqdZEn7Mv,FullTime,3,1.6693,1.0045,D
2023-03-12,Toronto FC,Columbus Crew,1,1,2023,9vQ2B0ALQK,FullTime,3,0.7635,1.8413,D
2023-03-12,New York City FC,Inter Miami CF,1,0,2023,KXMeEAovM6,FullTime,3,1.0114,0.2673,H
2023-03-12,FC Cincinnati,Seattle Sounders,1,0,2023,Vj58n0ADQ8,FullTime,3,0.669,0.6014,H
2023-03-12,Philadelphia Union,Chicago Fire,1,0,2023,odMX0jxeMY,FullTime,3,0.7119,1.0427,H
2023-03-12,Minnesota United,New York Red Bulls,1,1,2023,aDQ0w0AGqE,FullTime,3,1.3426,1.1573,D
2023-03-13,LAFC,New England Revolution,4,0,2023,4wM4g0AyQj,FullTime,3,3.2088,0.2535,H
2023-03-18,Atlanta United,Portland Timbers,5,1,2023,BLMvERnlQx,FullTime,4,3.2795,0.8874,H
2023-03-18,Orlando City,Charlotte FC,1,2,2023,N6MmE3JWME,FullTime,4,1.3968,0.7001,A
2023-03-18,Toronto FC,Inter Miami CF,2,0,2023,Xj5Y0rWyMb,FullTime,4,1.7369,0.5748,H
2023-03-18,CF Montréal,Philadelphia Union,3,2,2023,XVqKAoEWM0,FullTime,4,1.695,0.9565,H
2023-03-18,New York Red Bulls,Columbus Crew,2,1,2023,ljqErWEVQx,FullTime,4,1.3357,0.4556,H
2023-03-18,New England Revolution,Nashville SC,1,0,2023,p6qbpdkXM0,FullTime,4,1.121,1.5414,H
2023-03-18,Seattle Sounders,LAFC,0,0,2023,zeQZ0lgY5K,FullTime,4,1.0716,0.9202,D
2023-03-18,New York City FC,D.C. United,3,2,2023,e7MzEPkJQr,FullTime,4,1.4647,0.8786,H
2023-03-19,Chicago Fire,FC Cincinnati,3,3,2023,jYQJ0nEZ5G,FullTime,4,1.8722,1.2959,D
2023-03-19,Houston Dynamo,Austin FC,2,0,2023,eVq3WEmXqW,FullTime,4,1.7744,1.2008,H
2023-03-19,FC Dallas,Sporting Kansas City,2,1,2023,Oa5wm9oDQ1,FullTime,4,0.8117,1.4212,H
2023-03-19,St. Louis City SC,San Jose Earthquakes,3,0,2023,KAqB7wEmQb,FullTime,4,2.6892,1.1107,H
2023-03-19,Colorado Rapids,Minnesota United,1,2,2023,NWMW0rYD5l,FullTime,4,0.9484,1.104,A
2023-03-19,LA Galaxy,Vancouver Whitecaps,1,1,2023,0x5gEZywQ7,FullTime,4,1.7271,1.1604,D
2023-03-25,Charlotte FC,New York Red Bulls,1,1,2023,0Oq660mgq6,FullTime,5,0.6125,1.0863,D
2023-03-25,D.C. United,New England Revolution,1,2,2023,gOMnEBw8Qw,FullTime,5,1.3913,1.8288,A
2023-03-25,Philadelphia Union,Orlando City,1,2,2023,2lqR0NEaMr,FullTime,5,1.9416,2.0105,A
2023-03-25,Inter Miami CF,Chicago Fire,2,3,2023,vzqoEW3NMa,FullTime,5,0.7857,1.581,A
2023-03-25,Columbus Crew,Atlanta United,6,1,2023,gpMO0VED5z,FullTime,5,1.7887,0.1049,H
2023-03-25,Portland Timbers,LA Galaxy,0,0,2023,7VqG8GEzQv,FullTime,5,0.9739,1.1456,D
2023-03-26,Austin FC,Colorado Rapids,1,1,2023,jYQJ0nEV5G,FullTime,5,1.1252,1.9323,D
2023-03-26,Sporting Kansas City,Seattle Sounders,1,4,2023,eVq3WEmvqW,FullTime,5,0.4173,1.9834,A
2023-03-26,Houston Dynamo,New York City FC,1,0,2023,Oa5wm9o9Q1,FullTime,5,1.6017,0.4079,H
2023-03-26,Nashville SC,FC Cincinnati,0,1,2023,NWMW0rYY5l,FullTime,5,1.3609,1.5334,A
2023-03-26,Minnesota United,Vancouver Whitecaps,1,1,2023,KAqB7wEAQb,FullTime,5,0.8334,2.0023,D
2023-03-26,Real Salt Lake,St. Louis City SC,0,4,2023,0x5gEZyXQ7,FullTime,5,1.4184,1.2689,A
2023-03-26,LAFC,FC Dallas,2,1,2023,7VqG8GEdQv,FullTime,5,1.8024,0.7126,H
2023-03-26,San Jose Earthquakes,Toronto FC,0,0,2023,0Oq660m6q6,FullTime,5,0.8837,0.9403,D
2023-04-01,LA Galaxy,Seattle Sounders,1,2,2023,2lqR0NELMr,FullTime,6,2.9674,1.3535,A
2023-04-01,Orlando City,Nashville SC,0,2,2023,9z5kEJreQA,FullTime,6,1.0971,0.5205,A
2023-04-01,Toronto FC,Charlotte FC,2,2,2023,EGMP0PEyMa,FullTime,6,1.9855,1.56,D
2023-04-01,Columbus Crew,Real Salt Lake,4,0,2023,vzqoEW3YMa,FullTime,6,3.0263,0.5793,H
2023-04-01,Atlanta United,New York Red Bulls,1,0,2023,gpMO0VEl5z,FullTime,6,1.3645,0.9975,H
2023-04-01,New England Revolution,New York City FC,1,1,2023,wvq9o4m1MW,FullTime,6,0.8157,1.1983,D
2023-04-01,FC Cincinnati,Inter Miami CF,1,0,2023,gOMnEBwAQw,FullTime,6,1.6512,0.6653,H
2023-04-02,San Jose Earthquakes,Houston Dynamo,2,1,2023,eV5D1BEYqK,FullTime,6,3.0905,1.1342,H
2023-04-02,Vancouver Whitecaps,CF Montréal,5,0,2023,2vQ130mG5r,FullTime,6,3.5592,0.1713,H
2023-04-02,Colorado Rapids,LAFC,0,0,2023,7vQ7O0mLQD,FullTime,6,0.9078,0.7096,D
2023-04-02,FC Dallas,Portland Timbers,1,1,2023,gjMNAkEKQK,FullTime,6,1.0522,0.718,D
2023-04-02,Chicago Fire,D.C. United,0,0,2023,Pk5L0REG5O,FullTime,6,1.0402,0.7043,D
2023-04-02,Philadelphia Union,Sporting Kansas City,0,0,2023,315V0rwvQ9,FullTime,6,1.3092,0.5872,D
2023-04-02,St. Louis City SC,Minnesota United,0,1,2023,raMyEV9BMd,FullTime,6,1.053,1.7854,A
2023-04-08,New York Red Bulls,San Jose Earthquakes,1,1,2023,odMX0j9JMY,FullTime,7,2.1348,1.3216,D
2023-04-08,FC Cincinnati,Philadelphia Union,1,0,2023,a35rE6g4ML,FullTime,7,1.2709,0.7854,H
2023-04-08,LAFC,Austin FC,3,0,2023,Vj58n0gEQ8,FullTime,7,1.6534,0.3479,H
2023-04-08,D.C. United,Columbus Crew,0,2,2023,OlMlEYlw5L,FullTime,7,0.4896,1.6099,A
2023-04-08,New England Revolution,CF Montréal,4,0,2023,KXMeEAYkM6,FullTime,7,2.5255,0.8488,H
2023-04-08,New York City FC,Atlanta United,1,1,2023,9vQ2B089QK,FullTime,7,1.0838,1.2742,D
2023-04-08,Inter Miami CF,FC Dallas,0,1,2023,9YqdZE8kMv,FullTime,7,0.4916,1.9203,A
2023-04-09,Real Salt Lake,Charlotte FC,3,1,2023,kRQa0Y18qK,FullTime,7,3.2087,1.1115,H
2023-04-09,Seattle Sounders,St. Louis City SC,3,0,2023,4JMAyJVOMK,FullTime,7,1.4247,0.7049,H
2023-04-09,Vancouver Whitecaps,Portland Timbers,1,0,2023,4wM4g0w4Qj,FullTime,7,2.0637,0.502,H
2023-04-09,Sporting Kansas City,Colorado Rapids,0,1,2023,KPqjYbAB56,FullTime,7,0.8442,0.5247,A
2023-04-09,Houston Dynamo,LA Galaxy,3,0,2023,aDQ0w0rlqE,FullTime,7,1.4614,1.1061,H
2023-04-09,Nashville SC,Toronto FC,0,0,2023,xW5pEgXYqg,FullTime,7,0.5554,1.0556,D
2023-04-09,Chicago Fire,Minnesota United,2,1,2023,NPqxEkXxQ9,FullTime,7,0.8129,0.6653,H
2023-04-15,Charlotte FC,Colorado Rapids,2,2,2023,zeQZ0lVZ5K,FullTime,8,0.9223,0.9753,D
2023-04-15,New York City FC,Nashville SC,2,1,2023,ljqErWyoQx,FullTime,8,1.2481,0.7972,H
2023-04-15,Toronto FC,Atlanta United,2,2,2023,e7MzEPXeQr,FullTime,8,0.8622,0.6864,D
2023-04-15,CF Montréal,D.C. United,0,1,2023,XVqKAo8DM0,FullTime,8,0.4079,0.6397,A
2023-04-15,Columbus Crew,New England Revolution,1,1,2023,BLMvERXBQx,FullTime,8,0.8647,1.4211,D
2023-04-16,LA Galaxy,LAFC,2,3,2023,0x5gEZXXQ7,FullTime,8,1.3726,2.2493,A
2023-04-16,St. Louis City SC,FC Cincinnati,5,1,2023,eVq3WEJvqW,FullTime,8,1.4401,1.549,H
2023-04-16,Portland Timbers,Seattle Sounders,4,1,2023,KAqB7wPAQb,FullTime,8,1.8209,1.0605,H
2023-04-16,San Jose Earthquakes,Sporting Kansas City,3,0,2023,NWMW0rRY5l,FullTime,8,2.039,0.5747,H
2023-04-16,Chicago Fire,Philadelphia Union,2,2,2023,Xj5Y0rkaMb,FullTime,8,2.0105,2.5209,D
2023-04-16,Minnesota United,Orlando City,1,2,2023,Oa5wm9X9Q1,FullTime,8,2.1645,1.0202,A
2023-04-16,FC Dallas,Real Salt Lake,2,1,2023,jYQJ0nlV5G,FullTime,8,0.8662,1.0888,H
2023-04-16,New York Red Bulls,Houston Dynamo,1,1,2023,p6qbpdrbM0,FullTime,8,1.7739,0.2032,D
2023-04-16,Austin FC,Vancouver Whitecaps,0,0,2023,N6MmE3XPME,FullTime,8,1.0547,1.0046,D
2023-04-22,Orlando City,D.C. United,1,3,2023,2lqR0NGLMr,FullTime,9,1.2935,1.2009,A
2023-04-22,FC Cincinnati,Portland Timbers,2,1,2023,0Oq660B6q6,FullTime,9,1.7254,1.3332,H
2023-04-22,Charlotte FC,Columbus Crew,1,0,2023,7VqG8GDdQv,FullTime,9,0.8964,0.8896,H
2023-04-22,Philadelphia Union,Toronto FC,4,2,2023,wvq9o4G1MW,FullTime,9,3.0405,0.8382,H
2023-04-22,CF Montréal,New York Red Bulls,2,0,2023,gpMO0VBl5z,FullTime,9,0.9239,1.3701,H
2023-04-22,New York City FC,FC Dallas,3,1,2023,vzqoEW2YMa,FullTime,9,2.1798,1.5149,H
2023-04-22,New England Revolution,Sporting Kansas City,2,1,2023,gOMnEBXAQw,FullTime,9,3.0483,0.8179,H
2023-04-23,Houston Dynamo,Inter Miami CF,1,0,2023,9z5kEJKeQA,FullTime,9,0.8223,1.3662,H
2023-04-23,Nashville SC,LAFC,1,1,2023,315V0rovQ9,FullTime,9,1.1476,1.4454,D
2023-04-23,Real Salt Lake,San Jose Earthquakes,3,1,2023,Pk5L0RJG5O,FullTime,9,1.2672,0.7324,H
2023-04-23,Colorado Rapids,St. Louis City SC,1,1,2023,EGMP0PWyMa,FullTime,9,2.7392,0.8013,D
2023-04-23,Seattle Sounders,Minnesota United,1,0,2023,raMyEVYBMd,FullTime,9,0.8364,0.4699,H
2023-04-23,LA Galaxy,Austin FC,2,0,2023,gjMNAk3KQK,FullTime,9,1.8438,0.9142,H
2023-04-23,Atlanta United,Chicago Fire,2,1,2023,7vQ7O0WLQD,FullTime,9,1.2476,1.6872,H
2023-04-29,Columbus Crew,Inter Miami CF,1,2,2023,2vQ130lG5r,FullTime,10,1.0101,0.8035,A
2023-04-29,New England Revolution,FC Cincinnati,1,1,2023,OlMlEYaw5L,FullTime,10,2.709,1.8174,D
2023-04-29,Toronto FC,New York City FC,1,0,2023,9YqdZE3kMv,FullTime,10,1.4836,0.2311,H
2023-04-29,D.C. United,Charlotte FC,3,0,2023,a35rE6X4ML,FullTime,10,2.1654,0.515,H
2023-04-29,Orlando City,LA Galaxy,2,0,2023,Vj58n0oEQ8,FullTime,10,1.3227,1.5104,H
2023-04-29,Nashville SC,Atlanta United,3,1,2023,eV5D1BNYqK,FullTime,10,2.2607,1.3271,H
2023-04-30,Vancouver Whitecaps,Colorado Rapids,0,0,2023,xW5pEgVYqg,FullTime,10,1.3447,1.3604,D
2023-04-30,Real Salt Lake,Seattle Sounders,0,0,2023,aDQ0w03lqE,FullTime,10,0.6727,1.0102,D
2023-04-30,Chicago Fire,New York Red Bulls,1,1,2023,odMX0jLJMY,FullTime,10,0.5403,1.5344,D
2023-04-30,Austin FC,San Jose Earthquakes,2,2,2023,KXMeEABkM6,FullTime,10,1.7306,0.7818,D
2023-04-30,St. Louis City SC,Portland Timbers,1,2,2023,NPqxEkrxQ9,FullTime,10,0.7081,1.5857,A
2023-04-30,Sporting Kansas City,CF Montréal,0,2,2023,9vQ2B0W9QK,FullTime,10,0.5047,1.0681,A
2023-05-01,Minnesota United,FC Dallas,0,0,2023,kRQa0Yd8qK,FullTime,10,1.4634,0.9802,D
2023-05-06,Inter Miami CF,Atlanta United,2,1,2023,zeQZ0lyZ5K,FullTime,11,1.3181,0.9813,H
2023-05-06,Toronto FC,New England Revolution,0,2,2023,ljqErWloQx,FullTime,11,1.7507,1.5182,A
2023-05-06,New York Red Bulls,Philadelphia Union,0,1,2023,XVqKAoBDM0,FullTime,11,1.7064,0.9789,A
2023-05-06,CF Montréal,Orlando City,2,0,2023,BLMvERDBQx,FullTime,11,0.6996,0.8179,H
2023-05-06,FC Cincinnati,D.C. United,2,1,2023,4wM4g0G4Qj,FullTime,11,1.8314,0.7415,H
2023-05-06,Charlotte FC,New York City FC,3,2,2023,4JMAyJ7OMK,FullTime,11,0.9445,1.4463,H
2023-05-06,San Jose Earthquakes,LAFC,2,1,2023,p6qbpdJbM0,FullTime,11,1.8006,0.973,H
2023-05-07,Portland Timbers,Austin FC,2,2,2023,Oa5wm919Q1,FullTime,11,1.3236,0.9988,D
2023-05-07,Seattle Sounders,Sporting Kansas City,1,2,2023,KAqB7wDAQb,FullTime,11,1.2785,0.9075,A
2023-05-07,LA Galaxy,Colorado Rapids,1,3,2023,jYQJ0n3V5G,FullTime,11,2.628,0.9353,A
2023-05-07,Nashville SC,Chicago Fire,3,0,2023,Xj5Y0rNaMb,FullTime,11,4.501,0.3163,H
2023-05-07,Vancouver Whitecaps,Minnesota United,3,2,2023,eVq3WEgvqW,FullTime,11,2.2661,2.1894,H
2023-05-07,Houston Dynamo,Real Salt Lake,0,0,2023,N6MmE3RPME,FullTime,11,0.902,1.1528,D
2023-05-13,Chicago Fire,St. Louis City SC,1,0,2023,2lqR0NoLMr,FullTime,12,0.7657,0.499,H
2023-05-13,CF Montréal,Toronto FC,2,0,2023,gpMO0V6l5z,FullTime,12,1.5914,0.2016,H
2023-05-13,New York Red Bulls,New York City FC,1,0,2023,gOMnEB9AQw,FullTime,12,0.3594,0.322,H
2023-05-13,Atlanta United,Charlotte FC,1,3,2023,NWMW0rPY5l,FullTime,12,1.0627,1.7568,A
2023-05-13,D.C. United,Nashville SC,1,1,2023,7VqG8GddQv,FullTime,12,0.5337,0.5792,D
2023-05-13,Columbus Crew,Orlando City,2,2,2023,0x5gEZgXQ7,FullTime,12,3.6344,1.1293,D
2023-05-13,Inter Miami CF,New England Revolution,2,1,2023,0Oq660O6q6,FullTime,12,0.8912,1.3757,H
2023-05-14,Portland Timbers,Vancouver Whitecaps,3,1,2023,NWMW0rPN5l,FullTime,12,1.455,0.6468,H
2023-05-14,Austin FC,FC Dallas,0,1,2023,vzqoEWkYMa,FullTime,12,0.5589,1.3159,A
2023-05-14,Houston Dynamo,Seattle Sounders,0,1,2023,jYQJ0n3G5G,FullTime,12,0.4998,1.9986,A
2023-05-14,Sporting Kansas City,Minnesota United,3,0,2023,Oa5wm91gQ1,FullTime,12,1.0533,1.5585,H
2023-05-14,Colorado Rapids,Philadelphia Union,1,2,2023,eVq3WEgGqW,FullTime,12,1.6499,0.5018,A
2023-05-14,Real Salt Lake,LAFC,0,3,2023,KAqB7wDWQb,FullTime,12,1.7045,2.5426,A
2023-05-15,LA Galaxy,San Jose Earthquakes,2,1,2023,0x5gEZgmQ7,FullTime,12,1.4284,0.8838,H
2023-05-17,Orlando City,New York City FC,1,1,2023,vzqoEWkpMa,FullTime,13,0.7233,1.2711,D
2023-05-17,FC Cincinnati,CF Montréal,3,0,2023,gpMO0V6y5z,FullTime,13,1.2732,0.8858,H
2023-05-17,Columbus Crew,LA Galaxy,2,0,2023,gOMnEB9eQw,FullTime,13,2.3057,0.6875,H
2023-05-17,Atlanta United,Colorado Rapids,4,0,2023,7VqG8GdxQv,FullTime,13,4.0311,0.3079,H
2023-05-17,Charlotte FC,Chicago Fire,2,1,2023,0Oq660OPq6,FullTime,13,0.491,1.2414,H
2023-05-17,Philadelphia Union,D.C. United,0,0,2023,2lqR0No4Mr,FullTime,13,0.5563,1.7587,D
2023-05-17,Toronto FC,New York Red Bulls,0,0,2023,wvq9o4oaMW,FullTime,13,1.0514,0.9268,D
2023-05-18,Nashville SC,Inter Miami CF,2,1,2023,EGMP0P0kMa,FullTime,13,2.6538,0.8253,H
2023-05-18,FC Dallas,Vancouver Whitecaps,2,1,2023,9z5kEJEaQA,FullTime,13,1.524,0.6922,H
2023-05-18,Minnesota United,Houston Dynamo,1,0,2023,315V0r0XQ9,FullTime,13,1.8851,0.8775,H
2023-05-18,Seattle Sounders,Austin FC,1,2,2023,raMyEVEeMd,FullTime,13,1.4283,0.6638,A
2023-05-18,LAFC,Sporting Kansas City,1,1,2023,gjMNAkAjQK,FullTime,13,1.305,0.4332,D
2023-05-18,Real Salt Lake,Portland Timbers,0,0,2023,Pk5L0R075O,FullTime,13,0.7774,0.3557,D
2023-05-20,Charlotte FC,Nashville SC,1,2,2023,7vQ7O0OeQD,FullTime,14,0.9803,1.0951,A
2023-05-20,New York Red Bulls,CF Montréal,2,1,2023,OlMlEYEP5L,FullTime,14,2.027,0.9906,H
2023-05-20,D.C. United,LA Galaxy,3,0,2023,2vQ1303x5r,FullTime,14,1.9534,1.0747,H
2023-05-20,Inter Miami CF,Orlando City,1,3,2023,a35rE6EeML,FullTime,14,0.4122,0.9845,A
2023-05-20,FC Cincinnati,Columbus Crew,3,2,2023,eV5D1B1RqK,FullTime,14,2.1819,1.7696,H
2023-05-20,Philadelphia Union,New England Revolution,3,0,2023,Vj58n0n2Q8,FullTime,14,2.5538,0.7545,H
2023-05-21,LAFC,San Jose Earthquakes,2,1,2023,aDQ0w0w2qE,FullTime,14,1.757,0.8367,H
2023-05-21,Vancouver Whitecaps,Seattle Sounders,2,0,2023,xW5pEgEKqg,FullTime,14,2.7321,0.3752,H
2023-05-21,Colorado Rapids,Real Salt Lake,2,3,2023,9vQ2B0B7QK,FullTime,14,1.2112,0.8111,A
2023-05-21,Portland Timbers,Minnesota United,0,1,2023,KPqjYbY856,FullTime,14,0.9167,0.6785,A
2023-05-21,Austin FC,Toronto FC,1,0,2023,9YqdZEZRMv,FullTime,14,1.5629,0.2706,H
2023-05-21,Chicago Fire,Atlanta United,3,3,2023,KXMeEAE2M6,FullTime,14,1.1122,2.2636,D
2023-05-21,FC Dallas,Houston Dynamo,1,1,2023,odMX0j0AMY,FullTime,14,1.8701,0.4916,D
2023-05-21,St. Louis City SC,Sporting Kansas City,4,0,2023,NPqxEkE8Q9,FullTime,14,1.885,2.0033,H
2023-05-27,Orlando City,Atlanta United,1,1,2023,zeQZ0l0g5K,FullTime,15,1.0068,0.4859,D
2023-05-27,CF Montréal,Inter Miami CF,1,0,2023,kRQa0Y0YqK,FullTime,15,1.2783,0.8186,H
2023-05-27,Toronto FC,D.C. United,2,1,2023,BLMvEREXQx,FullTime,15,0.7592,1.8311,H
2023-05-27,New York City FC,Philadelphia Union,1,3,2023,4wM4g0gAQj,FullTime,15,1.3833,2.1535,A
2023-05-27,New England Revolution,Chicago Fire,3,3,2023,4JMAyJyYMK,FullTime,15,1.9733,0.956,D
2023-05-28,Sporting Kansas City,Portland Timbers,4,1,2023,Oa5wm9mgQ1,FullTime,15,1.6989,0.741,H
2023-05-28,LA Galaxy,Charlotte FC,0,1,2023,N6MmE3EgME,FullTime,15,1.6057,1.6314,A
2023-05-28,San Jose Earthquakes,FC Dallas,1,1,2023,Xj5Y0r0lMb,FullTime,15,0.5176,0.8448,D
2023-05-28,St. Louis City SC,Vancouver Whitecaps,3,1,2023,ljqErWrkQx,FullTime,15,0.8734,1.2692,H
2023-05-28,Colorado Rapids,FC Cincinnati,0,1,2023,e7MzEPEjQr,FullTime,15,0.8804,0.8439,A
2023-05-28,Houston Dynamo,Austin FC,2,1,2023,XVqKAoABM0,FullTime,15,1.6755,0.9121,H
2023-05-28,Minnesota United,Real Salt Lake,1,1,2023,p6qbpdppM0,FullTime,15,1.6574,0.4577,D
2023-05-28,Seattle Sounders,New York Red Bulls,1,0,2023,jYQJ0n0G5G,FullTime,15,1.7364,1.0722,H
2023-05-29,Nashville SC,Columbus Crew,3,1,2023,eVq3WEWGqW,FullTime,15,1.7713,0.7092,H
2023-05-31,D.C. United,CF Montréal,2,2,2023,0x5gEZEmQ7,FullTime,16,0.872,1.1463,D
2023-05-31,Columbus Crew,Colorado Rapids,3,2,2023,NWMW0r0N5l,FullTime,16,1.081,1.3856,H
2023-05-31,New York City FC,FC Cincinnati,1,3,2023,0Oq6606Pq6,FullTime,16,0.7464,1.3163,A
2023-05-31,Philadelphia Union,Charlotte FC,1,0,2023,gpMO0V0y5z,FullTime,16,0.8134,0.2384,H
2023-05-31,Atlanta United,New England Revolution,3,3,2023,KAqB7w7WQb,FullTime,16,1.5071,1.2088,D
2023-05-31,Toronto FC,Chicago Fire,0,0,2023,gOMnEBEeQw,FullTime,16,1.7128,0.4154,D
2023-06-01,Inter Miami CF,New York Red Bulls,0,1,2023,7VqG8G8xQv,FullTime,16,0.9605,2.1645,A
2023-06-01,Austin FC,Minnesota United,2,1,2023,vzqoEWEpMa,FullTime,16,1.1295,2.2,H
2023-06-01,Real Salt Lake,LA Galaxy,2,3,2023,wvq9o4waMW,FullTime,16,1.5005,1.8841,A
2023-06-01,Sporting Kansas City,FC Dallas,2,1,2023,2lqR0N04Mr,FullTime,16,0.7857,1.2673,H
2023-06-01,Vancouver Whitecaps,Houston Dynamo,6,2,2023,EGMP0P8kMa,FullTime,16,1.9522,2.4641,H
2023-06-01,Seattle Sounders,San Jose Earthquakes,0,1,2023,315V0rzXQ9,FullTime,16,2.0895,0.64,A
2023-06-03,Philadelphia Union,CF Montréal,3,0,2023,2vQ1301x5r,FullTime,17,1.7395,1.3983,H
2023-06-03,Inter Miami CF,D.C. United,1,2,2023,7vQ7O0XeQD,FullTime,17,0.0884,2.7328,A
2023-06-03,New York City FC,New England Revolution,0,0,2023,NPqxEkO8Q9,FullTime,17,1.3675,0.6002,D
2023-06-03,FC Cincinnati,Chicago Fire,1,0,2023,gjMNAkrjQK,FullTime,17,1.4218,0.2915,H
2023-06-03,Seattle Sounders,Portland Timbers,0,0,2023,Pk5L0RD75O,FullTime,17,0.2776,0.2656,D
2023-06-03,New York Red Bulls,Orlando City,0,3,2023,eV5D1B9RqK,FullTime,17,1.4136,2.3568,A
2023-06-04,Columbus Crew,Charlotte FC,4,2,2023,raMyEVneMd,FullTime,17,1.867,1.0806,H
2023-06-04,Austin FC,Real Salt Lake,1,2,2023,a35rE63eML,FullTime,17,2.1472,0.8716,A
2023-06-04,Minnesota United,Toronto FC,1,1,2023,Vj58n0J2Q8,FullTime,17,2.2179,0.5178,D
2023-06-04,FC Dallas,Nashville SC,1,2,2023,OlMlEYzP5L,FullTime,17,1.352,0.8785,A
2023-06-04,St. Louis City SC,Houston Dynamo,3,0,2023,9YqdZEzRMv,FullTime,17,2.3976,1.6142,H
2023-06-04,Colorado Rapids,San Jose Earthquakes,0,0,2023,KXMeEAz2M6,FullTime,17,1.6534,0.5712,D
2023-06-04,Vancouver Whitecaps,Sporting Kansas City,1,1,2023,9vQ2B0r7QK,FullTime,17,1.1544,0.9133,D
2023-06-08,FC Dallas,St. Louis City SC,2,0,2023,e7MzEP8eQr,FullTime,11,0.7924,1.0803,H
2023-06-08,LAFC,Atlanta United,0,0,2023,odMX0jzAMY,FullTime,17,2.2099,0.2467,D
2023-06-10,Toronto FC,Nashville SC,1,1,2023,4wM4g08AQj,FullTime,18,1.05,0.5912,D
2023-06-10,Charlotte FC,Seattle Sounders,3,3,2023,KPqjYbz856,FullTime,18,0.8329,1.2214,D
2023-06-10,New England Revolution,Inter Miami CF,3,1,2023,kRQa0YzYqK,FullTime,18,2.0235,1.3107,H
2023-06-10,CF Montréal,Minnesota United,4,0,2023,xW5pEgJKqg,FullTime,18,1.4792,1.3714,H
2023-06-10,Atlanta United,D.C. United,3,1,2023,aDQ0w0D2qE,FullTime,18,1.5247,0.7537,H
2023-06-11,Orlando City,Colorado Rapids,2,0,2023,4JMAyJnYMK,FullTime,18,0.9019,0.3238,H
2023-06-11,Chicago Fire,Columbus Crew,1,2,2023,zeQZ0lzg5K,FullTime,18,0.6075,0.6844,A
2023-06-11,Sporting Kansas City,Austin FC,4,1,2023,XVqKAo7BM0,FullTime,18,1.615,1.3066,H
2023-06-11,Houston Dynamo,LAFC,4,0,2023,BLMvERGXQx,FullTime,18,1.6335,0.7598,H
2023-06-11,Real Salt Lake,New York City FC,0,0,2023,p6qbpdzpM0,FullTime,18,1.9334,0.2843,D
2023-06-11,San Jose Earthquakes,Philadelphia Union,2,1,2023,ljqErWkkQx,FullTime,18,0.5646,1.449,H
2023-06-11,Vancouver Whitecaps,FC Cincinnati,1,1,2023,e7MzEPojQr,FullTime,18,1.3651,1.673,D
2023-06-11,St. Louis City SC,LA Galaxy,1,1,2023,N6MmE3zgME,FullTime,18,1.9561,1.1951,D
2023-06-12,Portland Timbers,FC Dallas,1,0,2023,Xj5Y0rzlMb,FullTime,18,1.5561,0.402,H
2023-06-15,LAFC,Houston Dynamo,0,1,2023,KPqjYbOB56,FullTime,10,0.7257,0.5112,A
2023-06-17,New York City FC,Columbus Crew,1,1,2023,0x5gEZzmQ7,FullTime,19,1.2669,0.9689,D
2023-06-17,D.C. United,Real Salt Lake,1,2,2023,jYQJ0nyG5G,FullTime,19,1.5302,1.2559,A
2023-06-17,New England Revolution,Orlando City,3,1,2023,Oa5wm96gQ1,FullTime,19,1.0294,0.8807,H
2023-06-18,San Jose Earthquakes,Portland Timbers,0,0,2023,NWMW0rzN5l,FullTime,19,0.8617,1.5835,D
2023-06-18,Nashville SC,St. Louis City SC,3,1,2023,KAqB7woWQb,FullTime,19,1.6957,1.5136,H
2023-06-18,Sporting Kansas City,LAFC,1,2,2023,eVq3WElGqW,FullTime,19,1.9442,1.4317,A
2023-06-21,Orlando City,Philadelphia Union,2,2,2023,vzqoEWzpMa,FullTime,20,0.9959,0.5982,D
2023-06-21,CF Montréal,Nashville SC,1,0,2023,gpMO0Vly5z,FullTime,20,1.0775,1.0143,H
2023-06-21,New York Red Bulls,Charlotte FC,2,2,2023,gOMnEBzeQw,FullTime,20,1.8496,0.5543,D
2023-06-21,Atlanta United,New York City FC,2,2,2023,7VqG8GPxQv,FullTime,20,0.9033,0.4836,D
2023-06-21,FC Cincinnati,Toronto FC,3,0,2023,0Oq660ePq6,FullTime,20,2.2209,0.6654,H
2023-06-22,Houston Dynamo,San Jose Earthquakes,4,1,2023,jYQJ0nmD5G,FullTime,20,2.6114,0.7031,H
2023-06-22,St. Louis City SC,Real Salt Lake,1,3,2023,eVq3WEbjqW,FullTime,20,0.8094,1.0568,A
2023-06-22,LA Galaxy,Sporting Kansas City,2,2,2023,NWMW0rpL5l,FullTime,20,1.5384,1.915,D
2023-06-22,Portland Timbers,Chicago Fire,1,2,2023,7VqG8Gb3Qv,FullTime,20,1.5775,1.5516,A
2023-06-22,LAFC,Seattle Sounders,1,0,2023,0x5gEZjLQ7,FullTime,20,1.2266,0.485,H
2023-06-22,Austin FC,FC Dallas,3,0,2023,2lqR0Ne4Mr,FullTime,20,1.4406,1.251,H
2023-06-24,Charlotte FC,CF Montréal,0,0,2023,0Oq660b2q6,FullTime,21,1.0675,0.6407,D
2023-06-24,New York Red Bulls,Atlanta United,4,0,2023,2lqR0NpnMr,FullTime,21,1.1132,0.3768,H
2023-06-24,New England Revolution,Toronto FC,2,1,2023,vzqoEWKLMa,FullTime,21,0.669,1.2958,H
2023-06-24,Columbus Crew,Nashville SC,2,0,2023,gpMO0Vp15z,FullTime,21,2.037,0.4732,H
2023-06-24,D.C. United,FC Cincinnati,3,0,2023,gOMnEBAJQw,FullTime,21,1.6808,0.8938,H
2023-06-24,Philadelphia Union,Inter Miami CF,4,1,2023,wvq9o4bYMW,FullTime,21,0.8395,1.4085,H
2023-06-25,Sporting Kansas City,Chicago Fire,0,1,2023,315V0rpbQ9,FullTime,21,1.0208,0.811,A
2023-06-25,Real Salt Lake,Minnesota United,2,2,2023,Pk5L0RpN5O,FullTime,21,2.4094,1.8986,D
2023-06-25,Colorado Rapids,LA Galaxy,0,0,2023,EGMP0PaAMa,FullTime,21,0.3381,0.9979,D
2023-06-25,Austin FC,Houston Dynamo,3,0,2023,9z5kEJjgQA,FullTime,21,1.4258,0.8433,H
2023-06-25,Portland Timbers,New York City FC,1,1,2023,raMyEVj2Md,FullTime,21,1.246,0.5553,D
2023-06-25,LAFC,Vancouver Whitecaps,2,3,2023,gjMNAkpBQK,FullTime,21,2.1166,1.9828,A
2023-06-25,Seattle Sounders,Orlando City,0,0,2023,eV5D1BpOqK,FullTime,21,1.4314,1.2398,D
2023-06-25,San Jose Earthquakes,St. Louis City SC,1,2,2023,7vQ7O0bzQD,FullTime,21,0.9001,1.4756,A
2023-07-01,FC Cincinnati,New England Revolution,2,2,2023,2vQ130b05r,FullTime,22,1.861,0.4536,D
2023-07-01,Orlando City,Chicago Fire,3,1,2023,9YqdZEj8Mv,FullTime,22,2.3881,1.7736,H
2023-07-01,Columbus Crew,New York Red Bulls,2,1,2023,a35rE6jGML,FullTime,22,0.9688,2.0123,H
2023-07-01,Inter Miami CF,Austin FC,1,1,2023,OlMlEYjN5L,FullTime,22,2.455,0.9994,D
2023-07-01,Toronto FC,Real Salt Lake,0,1,2023,KXMeEAZBM6,FullTime,22,1.1656,1.6702,A
2023-07-02,Seattle Sounders,Houston Dynamo,1,0,2023,kRQa0YjLqK,FullTime,22,1.6144,0.4508,H
2023-07-02,Atlanta United,Philadelphia Union,2,0,2023,4JMAyJbDMK,FullTime,22,0.8054,0.7824,H
2023-07-02,San Jose Earthquakes,LA Galaxy,2,2,2023,xW5pEgb9qg,FullTime,22,1.756,0.7682,D
2023-07-02,CF Montréal,New York City FC,0,1,2023,Vj58n0bmQ8,FullTime,22,0.8355,0.8107,A
2023-07-02,St. Louis City SC,Colorado Rapids,2,0,2023,KPqjYbj456,FullTime,22,2.1697,0.6975,H
2023-07-02,Minnesota United,Portland Timbers,4,1,2023,NPqxEkjjQ9,FullTime,22,3.1126,1.0822,H
2023-07-02,Nashville SC,D.C. United,2,0,2023,aDQ0w0bWqE,FullTime,22,0.8813,1.1097,H
2023-07-02,Sporting Kansas City,Vancouver Whitecaps,3,0,2023,9vQ2B0brQK,FullTime,22,1.9003,0.9784,H
2023-07-02,FC Dallas,LAFC,2,0,2023,odMX0jp0MY,FullTime,22,1.0837,0.9398,H
2023-07-04,Orlando City,Toronto FC,4,0,2023,zeQZ0lpD5K,FullTime,23,2.0533,0.203,H
2023-07-04,Inter Miami CF,Columbus Crew,2,2,2023,4wM4g0bdQj,FullTime,23,0.8348,2.1139,D
2023-07-05,FC Dallas,D.C. United,0,1,2023,BLMvERj3Qx,FullTime,23,1.3122,0.6422,A
2023-07-05,LA Galaxy,LAFC,2,1,2023,NWMW0rxD5l,FullTime,1,1.5903,1.4648,H
2023-07-05,New York City FC,Charlotte FC,1,1,2023,ljqErWmOQx,FullTime,23,1.9381,0.1955,D
2023-07-08,CF Montréal,Atlanta United,0,1,2023,jYQJ0nJD5G,FullTime,24,0.4847,1.2424,A
2023-07-08,Toronto FC,St. Louis City SC,0,1,2023,eVq3WE6jqW,FullTime,24,0.4041,1.3627,A
2023-07-08,Charlotte FC,FC Cincinnati,2,2,2023,e7MzEPjKQr,FullTime,24,0.9966,1.6743,D
2023-07-08,D.C. United,Inter Miami CF,2,2,2023,Xj5Y0rpGMb,FullTime,24,2.9379,0.6092,D
2023-07-08,New York Red Bulls,New England Revolution,2,1,2023,Oa5wm9PYQ1,FullTime,24,2.092,0.7014,H
2023-07-08,Columbus Crew,New York City FC,1,1,2023,N6MmE3b0ME,FullTime,24,0.6439,1.3925,D
2023-07-09,LA Galaxy,Philadelphia Union,3,1,2023,gpMO0Vg15z,FullTime,24,1.427,0.5973,H
2023-07-09,LAFC,San Jose Earthquakes,1,1,2023,gOMnEBGJQw,FullTime,24,1.8857,0.6758,D
2023-07-09,Vancouver Whitecaps,Seattle Sounders,2,3,2023,vzqoEWYLMa,FullTime,24,1.1089,1.9071,A
2023-07-09,Minnesota United,Austin FC,1,4,2023,0x5gEZxLQ7,FullTime,24,1.9363,3.3597,A
2023-07-09,Colorado Rapids,FC Dallas,2,1,2023,7VqG8GX3Qv,FullTime,24,2.0207,0.495,H
2023-07-09,Houston Dynamo,Sporting Kansas City,2,2,2023,NWMW0rkL5l,FullTime,24,1.8146,1.1901,D
2023-07-09,Chicago Fire,Nashville SC,1,0,2023,KAqB7wrVQb,FullTime,24,0.5874,1.5217,H
2023-07-09,Real Salt Lake,Orlando City,4,0,2023,0Oq660o2q6,FullTime,24,1.6471,0.8378,H
2023-07-12,New York Red Bulls,FC Cincinnati,1,2,2023,wvq9o4kYMW,FullTime,25,1.0139,1.1134,A
2023-07-12,New England Revolution,Atlanta United,2,1,2023,2lqR0NOnMr,FullTime,25,1.7417,1.4652,H
2023-07-13,Nashville SC,Philadelphia Union,0,2,2023,Pk5L0R3N5O,FullTime,25,1.6822,1.7635,A
2023-07-13,Sporting Kansas City,Real Salt Lake,2,2,2023,EGMP0PGAMa,FullTime,25,2.0309,1.4453,D
2023-07-13,Houston Dynamo,Minnesota United,0,3,2023,315V0r9bQ9,FullTime,25,1.6369,1.6161,A
2023-07-13,Colorado Rapids,Portland Timbers,0,0,2023,XVqKAozaM0,FullTime,23,1.2165,0.6571,D
2023-07-13,Chicago Fire,CF Montréal,3,0,2023,9z5kEJBgQA,FullTime,25,1.3484,1.784,H
2023-07-13,Vancouver Whitecaps,Austin FC,2,1,2023,raMyEVN2Md,FullTime,25,1.7395,0.5652,H
2023-07-13,San Jose Earthquakes,Seattle Sounders,2,0,2023,gjMNAkWBQK,FullTime,25,1.4449,0.5226,H
2023-07-13,LAFC,St. Louis City SC,3,0,2023,9z5kEJzaQA,FullTime,16,1.3786,0.362,H
2023-07-15,Atlanta United,Orlando City,1,2,2023,7vQ7O0RzQD,FullTime,26,1.0024,1.1154,A
2023-07-15,CF Montréal,Charlotte FC,2,0,2023,2vQ130g05r,FullTime,26,2.2093,0.3756,H
2023-07-15,New England Revolution,D.C. United,4,0,2023,a35rE6oGML,FullTime,26,1.895,1.2879,H
2023-07-15,Philadelphia Union,New York City FC,2,1,2023,OlMlEYWN5L,FullTime,26,1.1215,1.094,H
2023-07-16,Seattle Sounders,FC Dallas,1,1,2023,KPqjYb3456,FullTime,26,1.3106,0.3135,D
2023-07-16,Portland Timbers,Columbus Crew,3,2,2023,aDQ0w0WWqE,FullTime,26,1.61,2.2699,H
2023-07-16,Colorado Rapids,Houston Dynamo,0,0,2023,9vQ2B0GrQK,FullTime,26,0.3615,0.3408,D
2023-07-16,Real Salt Lake,New York Red Bulls,3,1,2023,NPqxEkLjQ9,FullTime,26,1.0331,1.3049,H
2023-07-16,Vancouver Whitecaps,LA Galaxy,4,2,2023,xW5pEgO9qg,FullTime,26,3.5097,0.5628,H
2023-07-16,St. Louis City SC,Inter Miami CF,3,0,2023,odMX0jV0MY,FullTime,26,1.9611,0.5007,H
2023-07-16,FC Cincinnati,Nashville SC,3,1,2023,eV5D1B8OqK,FullTime,26,1.7075,0.4737,H
2023-07-16,Chicago Fire,Toronto FC,1,0,2023,9YqdZEe8Mv,FullTime,26,1.0363,0.7112,H
2023-07-16,Minnesota United,LAFC,1,1,2023,KXMeEAXBM6,FullTime,26,2.2614,1.1712,D
2023-07-16,Austin FC,Sporting Kansas City,2,1,2023,Vj58n09mQ8,FullTime,26,1.5548,0.4146,H
2023-08-20,New York City FC,Minnesota United,0,2,2023,zeQZ0lLD5K,FullTime,27,2.2701,0.9932,A
2023-08-20,Columbus Crew,FC Cincinnati,3,0,2023,kRQa0YlLqK,FullTime,27,2.071,0.4069,H
2023-08-20,Toronto FC,CF Montréal,2,3,2023,XVqKAowaM0,FullTime,27,0.9382,2.0529,A
2023-08-20,New York Red Bulls,D.C. United,1,0,2023,4wM4g0OdQj,FullTime,27,0.5669,0.2998,H
2023-08-21,Seattle Sounders,Atlanta United,0,2,2023,Oa5wm9zYQ1,FullTime,27,1.4417,1.4486,A
2023-08-21,Vancouver Whitecaps,San Jose Earthquakes,0,1,2023,eVq3WEYjqW,FullTime,27,1.814,0.5655,A
2023-08-21,Chicago Fire,Orlando City,1,3,2023,p6qbpdYDM0,FullTime,27,0.7371,1.7734,A
2023-08-21,Houston Dynamo,Portland Timbers,5,0,2023,ljqErWdOQx,FullTime,27,2.3624,0.3155,H
2023-08-21,St. Louis City SC,Austin FC,6,3,2023,N6MmE3g0ME,FullTime,27,2.0756,2.6026,H
2023-08-24,LAFC,Colorado Rapids,4,0,2023,jYQJ0nOD5G,FullTime,27,2.5053,0.6764,H
2023-08-26,Orlando City,St. Louis City SC,2,1,2023,vzqoEW4LMa,FullTime,28,1.5622,1.0911,H
2023-08-26,CF Montréal,New England Revolution,1,0,2023,gpMO0Vk15z,FullTime,28,0.9594,0.1506,H
2023-08-26,New York Red Bulls,Inter Miami CF,0,2,2023,gOMnEB4JQw,FullTime,28,1.0374,1.519,A
2023-08-26,Charlotte FC,LAFC,2,1,2023,NWMW0r1L5l,FullTime,28,1.9837,1.7295,H
2023-08-26,Atlanta United,Nashville SC,4,0,2023,KAqB7wJVQb,FullTime,28,3.196,1.111,H
2023-08-26,Columbus Crew,Toronto FC,2,0,2023,7VqG8Gg3Qv,FullTime,28,2.8439,1.1055,H
2023-08-26,FC Cincinnati,New York City FC,3,0,2023,0x5gEZ4LQ7,FullTime,28,1.137,1.2444,H
2023-08-26,D.C. United,Philadelphia Union,1,3,2023,0Oq66072q6,FullTime,28,1.5399,2.5916,A
2023-08-27,Portland Timbers,Vancouver Whitecaps,2,3,2023,KAqB7wJZQb,FullTime,28,2.1024,2.572,A
2023-08-27,LA Galaxy,Chicago Fire,3,0,2023,eVq3WEYwqW,FullTime,28,1.9087,0.9158,H
2023-08-27,Minnesota United,Seattle Sounders,1,1,2023,NWMW0r1Z5l,FullTime,28,1.024,0.6258,D
2023-08-27,FC Dallas,Austin FC,1,0,2023,2lqR0NLnMr,FullTime,28,0.7971,0.5819,H
2023-08-27,Real Salt Lake,Houston Dynamo,0,3,2023,Oa5wm9zWQ1,FullTime,28,0.5301,0.8372,A
2023-08-27,Sporting Kansas City,San Jose Earthquakes,3,0,2023,jYQJ0nOd5G,FullTime,28,0.953,1.6287,H
2023-08-30,Inter Miami CF,Nashville SC,0,0,2023,0Oq6607zq6,FullTime,29,1.0484,0.5308,D
2023-08-30,Atlanta United,FC Cincinnati,1,2,2023,0x5gEZ4RQ7,FullTime,29,0.8164,2.2212,A
2023-08-30,Toronto FC,Philadelphia Union,3,1,2023,vzqoEW4BMa,FullTime,29,1.3708,2.1773,H
2023-08-30,New York City FC,CF Montréal,2,0,2023,gOMnEB4BQw,FullTime,29,1.5677,0.8817,H
2023-08-30,New England Revolution,New York Red Bulls,1,0,2023,gpMO0Vk75z,FullTime,29,1.1306,0.5011,H
2023-08-30,Charlotte FC,Orlando City,1,1,2023,7VqG8GgYQv,FullTime,29,1.3222,0.6138,D
2023-08-31,St. Louis City SC,FC Dallas,2,1,2023,EGMP0PV0Ma,FullTime,29,1.1805,0.8513,H
2023-08-31,Houston Dynamo,Columbus Crew,2,0,2023,9z5kEJ4KQA,FullTime,29,2.0558,0.5708,H
2023-08-31,Minnesota United,Colorado Rapids,3,0,2023,315V0rDVQ9,FullTime,29,2.6044,0.6335,H
2023-08-31,Austin FC,Seattle Sounders,1,2,2023,2lqR0NLxMr,FullTime,29,1.5977,1.6314,A
2023-08-31,San Jose Earthquakes,LA Galaxy,2,3,2023,gjMNAk9pQK,FullTime,29,1.6671,1.5245,A
2023-08-31,Portland Timbers,Real Salt Lake,2,1,2023,Pk5L0RoD5O,FullTime,29,0.6556,0.9562,H
2023-08-31,Chicago Fire,Vancouver Whitecaps,0,1,2023,wvq9o4rmMW,FullTime,29,1.2312,2.2712,A
2023-09-02,New England Revolution,Austin FC,2,2,2023,2vQ130Vw5r,FullTime,30,1.2302,0.9863,D
2023-09-02,D.C. United,Chicago Fire,4,0,2023,7vQ7O0DDQD,FullTime,30,1.4087,1.2569,H
2023-09-02,FC Cincinnati,Orlando City,0,1,2023,raMyEV4NMd,FullTime,30,0.8813,1.3213,A
2023-09-02,New York City FC,Vancouver Whitecaps,1,1,2023,aDQ0w0kRqE,FullTime,30,1.1483,1.1624,D
2023-09-02,CF Montréal,Columbus Crew,2,4,2023,eV5D1B3JqK,FullTime,30,2.1731,2.1897,A
2023-09-03,San Jose Earthquakes,Minnesota United,1,1,2023,9vQ2B0PxQK,FullTime,30,1.5372,1.3671,D
2023-09-03,LA Galaxy,Houston Dynamo,0,0,2023,KXMeEA41M6,FullTime,30,0.5919,0.9773,D
2023-09-03,Seattle Sounders,Portland Timbers,2,2,2023,NPqxEk4ZQ9,FullTime,30,1.7018,1.513,D
2023-09-03,Philadelphia Union,New York Red Bulls,4,1,2023,KPqjYb4E56,FullTime,30,1.755,1.3369,H
2023-09-03,Sporting Kansas City,St. Louis City SC,2,1,2023,OlMlEY4R5L,FullTime,30,1.4924,0.3761,H
2023-09-03,Nashville SC,Charlotte FC,1,1,2023,Vj58n01rQ8,FullTime,30,1.5151,0.5756,D
2023-09-03,FC Dallas,Atlanta United,2,2,2023,a35rE6vwML,FullTime,30,2.5973,0.8076,D
2023-09-03,Real Salt Lake,Colorado Rapids,2,0,2023,9YqdZE4mMv,FullTime,30,1.3151,0.2382,H
2023-09-04,LAFC,Inter Miami CF,1,3,2023,odMX0jroMY,FullTime,30,2.3669,1.6813,A
2023-09-09,D.C. United,San Jose Earthquakes,0,0,2023,xW5pEg96qg,FullTime,31,1.7199,0.8885,D
2023-09-09,Inter Miami CF,Sporting Kansas City,3,2,2023,kRQa0YxbqK,FullTime,31,2.2268,1.2689,H
2023-09-10,Minnesota United,New England Revolution,1,1,2023,Oa5wm9jYQ1,FullTime,20,1.7805,0.5078,D
2023-09-10,Portland Timbers,LAFC,2,0,2023,4JMAyJx9MK,FullTime,31,1.9069,0.758,H
2023-09-11,LA Galaxy,St. Louis City SC,2,2,2023,p6qbpdjDM0,FullTime,23,2.3148,0.6937,D
2023-09-16,Orlando City,Columbus Crew,4,3,2023,XVqKAo62M0,FullTime,32,1.6977,2.8836,H
2023-09-16,CF Montréal,Chicago Fire,0,0,2023,BLMvERy7Qx,FullTime,32,1.825,0.5558,D
2023-09-16,Toronto FC,Vancouver Whitecaps,1,2,2023,ljqErWwNQx,FullTime,32,0.7972,2.2802,A
2023-09-16,New York City FC,New York Red Bulls,0,0,2023,KAqB7w0ZQb,FullTime,32,0.6141,1.1929,D
2023-09-16,Charlotte FC,D.C. United,0,0,2023,zeQZ0lrj5K,FullTime,32,1.4562,1.28,D
2023-09-16,Atlanta United,Inter Miami CF,5,2,2023,4wM4g0LlQj,FullTime,32,1.8618,1.6992,H
2023-09-16,Philadelphia Union,FC Cincinnati,2,2,2023,p6qbpd03M0,FullTime,32,1.9767,2.7304,D
2023-09-17,FC Dallas,Seattle Sounders,1,1,2023,e7MzEPr7Qr,FullTime,32,0.78,1.0899,D
2023-09-17,Minnesota United,Sporting Kansas City,0,1,2023,Xj5Y0r1EMb,FullTime,32,1.2354,0.935,A
2023-09-17,Houston Dynamo,St. Louis City SC,1,1,2023,N6MmE3nLME,FullTime,32,1.5324,1.0422,D
2023-09-17,Colorado Rapids,New England Revolution,2,1,2023,jYQJ0nGd5G,FullTime,32,1.1899,1.0569,H
2023-09-17,San Jose Earthquakes,Real Salt Lake,2,1,2023,eVq3WEPwqW,FullTime,32,1.3616,2.2995,H
2023-09-17,LAFC,LA Galaxy,4,2,2023,Oa5wm97WQ1,FullTime,32,1.0612,0.879,H
2023-09-18,Austin FC,Portland Timbers,1,2,2023,NWMW0r7Z5l,FullTime,32,1.2114,2.2654,A
2023-09-20,D.C. United,Atlanta United,1,1,2023,0Oq660yzq6,FullTime,33,2.1799,0.6938,D
2023-09-20,Charlotte FC,Philadelphia Union,2,2,2023,0x5gEZBRQ7,FullTime,33,1.7654,1.6004,D
2023-09-20,New York City FC,Orlando City,2,0,2023,2lqR0NVxMr,FullTime,33,2.4806,1.0868,H
2023-09-20,Inter Miami CF,Toronto FC,4,0,2023,gpMO0VR75z,FullTime,33,1.7921,0.7964,H
2023-09-20,CF Montréal,FC Cincinnati,1,1,2023,gOMnEBoBQw,FullTime,33,0.3481,2.0094,D
2023-09-20,Columbus Crew,Chicago Fire,3,0,2023,7VqG8GBYQv,FullTime,33,2.3031,0.4721,H
2023-09-20,New York Red Bulls,Austin FC,1,1,2023,vzqoEWRBMa,FullTime,33,1.4134,0.1964,D
2023-09-21,Sporting Kansas City,Nashville SC,0,3,2023,9z5kEJ6KQA,FullTime,33,0.4669,0.6957,A
2023-09-21,LA Galaxy,Minnesota United,4,3,2023,gjMNAkopQK,FullTime,33,3.4047,0.9466,H
2023-09-21,Portland Timbers,San Jose Earthquakes,2,1,2023,raMyEV1NMd,FullTime,33,1.9107,0.8502,H
2023-09-21,Houston Dynamo,Vancouver Whitecaps,4,1,2023,wvq9o41mMW,FullTime,33,1.2223,1.1188,H
2023-09-21,Real Salt Lake,FC Dallas,1,3,2023,Pk5L0ROD5O,FullTime,33,1.3341,1.6826,A
2023-09-21,St. Louis City SC,LAFC,0,0,2023,315V0ryVQ9,FullTime,33,0.8303,1.0146,D
2023-09-21,Colorado Rapids,Seattle Sounders,1,2,2023,EGMP0P90Ma,FullTime,33,0.6975,1.3921,A
2023-09-23,FC Cincinnati,Charlotte FC,3,0,2023,eV5D1BJJqK,FullTime,34,3.0086,0.4932,H
2023-09-23,Philadelphia Union,LAFC,0,0,2023,OlMlEYOR5L,FullTime,34,0.267,0.0403,D
2023-09-23,Atlanta United,CF Montréal,4,1,2023,7vQ7O07DQD,FullTime,34,2.5282,0.9761,H
2023-09-23,D.C. United,New York Red Bulls,3,5,2023,2vQ130kw5r,FullTime,34,3.0271,3.5431,A
2023-09-24,Orlando City,Inter Miami CF,1,1,2023,KPqjYbGE56,FullTime,34,1.7827,1.0429,D
2023-09-24,Portland Timbers,Colorado Rapids,3,2,2023,NPqxEkDZQ9,FullTime,34,1.6782,0.3913,H
2023-09-24,San Jose Earthquakes,Nashville SC,1,1,2023,aDQ0w09RqE,FullTime,34,1.4965,1.0906,D
2023-09-24,New York City FC,Toronto FC,3,0,2023,a35rE6VwML,FullTime,34,2.4709,0.4879,H
2023-09-24,FC Dallas,Columbus Crew,1,1,2023,9YqdZEJmMv,FullTime,34,1.3492,1.1044,D
2023-09-24,Sporting Kansas City,Houston Dynamo,2,1,2023,KXMeEAw1M6,FullTime,34,1.9702,1.2486,H
2023-09-24,Chicago Fire,New England Revolution,2,2,2023,Vj58n0DrQ8,FullTime,34,1.606,0.9325,D
2023-09-24,Minnesota United,St. Louis City SC,1,2,2023,odMX0jDoMY,FullTime,34,2.1422,1.1547,A
2023-09-24,Real Salt Lake,Vancouver Whitecaps,2,1,2023,9vQ2B0YxQK,FullTime,34,1.048,0.8194,H
2023-09-25,Austin FC,LA Galaxy,3,3,2023,xW5pEgj6qg,FullTime,34,1.7615,2.6605,D
2023-09-27,Philadelphia Union,FC Dallas,1,1,2023,BLMvERV3Qx,FullTime,27,2.0644,1.6473,D
2023-09-28,Colorado Rapids,Vancouver Whitecaps,2,2,2023,KAqB7wbVQb,FullTime,20,1.5055,1.2705,D
2023-09-30,New York Red Bulls,Chicago Fire,0,1,2023,zeQZ0lnj5K,FullTime,35,1.6077,1.2812,A
2023-09-30,Columbus Crew,Philadelphia Union,1,1,2023,kRQa0YLbqK,FullTime,35,2.4707,1.1537,D
2023-09-30,Toronto FC,FC Cincinnati,2,3,2023,XVqKAoX2M0,FullTime,35,1.9523,3.2384,A
2023-09-30,Orlando City,CF Montréal,3,0,2023,BLMvERW7Qx,FullTime,35,1.8504,0.3902,H
2023-09-30,New England Revolution,Charlotte FC,2,1,2023,4wM4g0WlQj,FullTime,35,1.2347,1.4577,H
2023-10-01,Vancouver Whitecaps,D.C. United,2,2,2023,Oa5wm9gWQ1,FullTime,35,1.8747,1.4138,D
2023-10-01,LA Galaxy,Portland Timbers,3,3,2023,jYQJ0ned5G,FullTime,35,0.7174,1.5497,D
2023-10-01,Inter Miami CF,New York City FC,1,1,2023,4JMAyJN9MK,FullTime,35,1.0954,1.1697,D
2023-10-01,Colorado Rapids,Austin FC,1,0,2023,Xj5Y0rOEMb,FullTime,35,0.5123,0.9496,H
2023-10-01,Nashville SC,Seattle Sounders,0,0,2023,e7MzEPO7Qr,FullTime,35,0.4032,0.6208,D
2023-10-01,Houston Dynamo,FC Dallas,0,0,2023,p6qbpdN3M0,FullTime,35,1.2812,0.3317,D
2023-10-01,St. Louis City SC,Sporting Kansas City,4,1,2023,N6MmE32LME,FullTime,35,2.8411,1.5031,H
2023-10-01,Minnesota United,San Jose Earthquakes,1,1,2023,ljqErW1NQx,FullTime,35,1.5276,1.2446,D
2023-10-02,LAFC,Real Salt Lake,0,1,2023,eVq3WEBwqW,FullTime,35,1.388,0.5067,A
2023-10-04,FC Cincinnati,New York Red Bulls,1,2,2023,NWMW0rGZ5l,FullTime,36,1.5717,0.997,A
2023-10-04,Charlotte FC,Toronto FC,3,0,2023,KAqB7wyZQb,FullTime,36,3.4154,0.2023,H
2023-10-04,New England Revolution,Columbus Crew,1,2,2023,7VqG8GlYQv,FullTime,36,1.1558,1.3256,A
2023-10-04,CF Montréal,Houston Dynamo,1,1,2023,0x5gEZrRQ7,FullTime,36,1.6018,1.0399,D
2023-10-04,Philadelphia Union,Atlanta United,3,2,2023,0Oq660Gzq6,FullTime,36,2.5216,2.2905,H
2023-10-05,Vancouver Whitecaps,St. Louis City SC,3,0,2023,eVq3WEBgqW,FullTime,36,1.7104,0.3767,H
2023-10-05,LAFC,Minnesota United,5,1,2023,jYQJ0neE5G,FullTime,36,3.1427,1.7144,H
2023-10-05,Seattle Sounders,LA Galaxy,2,1,2023,Oa5wm9gXQ1,FullTime,36,1.5998,0.6878,H
2023-10-05,Chicago Fire,Inter Miami CF,4,1,2023,gOMnEBxBQw,FullTime,36,2.7712,1.6557,H
2023-10-05,Nashville SC,Orlando City,0,1,2023,2lqR0NwxMr,FullTime,36,0.5465,0.2906,A
2023-10-05,Austin FC,D.C. United,3,0,2023,gpMO0Vj75z,FullTime,36,1.3759,1.3895,H
2023-10-07,Inter Miami CF,FC Cincinnati,0,1,2023,0x5gEZrjQ7,FullTime,37,0.9614,1.8878,A
2023-10-07,CF Montréal,Portland Timbers,4,1,2023,7VqG8GlXQv,FullTime,37,2.0864,1.7909,H
2023-10-07,New York Red Bulls,Toronto FC,3,0,2023,0Oq660G7q6,FullTime,37,2.2359,0.1736,H
2023-10-07,D.C. United,New York City FC,2,0,2023,NWMW0rGz5l,FullTime,37,1.5781,1.0863,H
2023-10-07,Orlando City,New England Revolution,3,2,2023,gpMO0VjR5z,FullTime,37,1.2859,0.859,H
2023-10-07,Atlanta United,Columbus Crew,1,1,2023,KAqB7wy7Qb,FullTime,37,0.9441,1.6882,D
2023-10-07,Philadelphia Union,Nashville SC,0,0,2023,gOMnEBxxQw,FullTime,37,0.4551,0.6573,D
2023-10-08,Seattle Sounders,Vancouver Whitecaps,0,0,2023,Pk5L0R2P5O,FullTime,37,1.0342,0.2328,D
2023-10-08,FC Dallas,San Jose Earthquakes,1,1,2023,wvq9o4nlMW,FullTime,37,1.4064,0.7031,D
2023-10-08,Austin FC,LAFC,2,4,2023,vzqoEW0vMa,FullTime,37,0.6096,2.6478,A
2023-10-08,Houston Dynamo,Colorado Rapids,5,1,2023,9z5kEJeYQA,FullTime,37,2.4127,0.8007,H
2023-10-08,Minnesota United,LA Galaxy,5,2,2023,315V0rgGQ9,FullTime,37,3.191,2.6659,H
2023-10-08,Chicago Fire,Charlotte FC,0,2,2023,2lqR0NwDMr,FullTime,37,1.0685,1.1391,A
2023-10-08,Real Salt Lake,Sporting Kansas City,2,3,2023,EGMP0Pp3Ma,FullTime,37,0.5381,2.4013,A
2023-10-15,LA Galaxy,Real Salt Lake,2,2,2023,Xj5Y0rPGMb,FullTime,27,1.9807,2.1036,D
2023-10-15,Nashville SC,New England Revolution,3,2,2023,e7MzEPyKQr,FullTime,27,2.8934,1.2904,H
2023-10-15,FC Dallas,Colorado Rapids,1,1,2023,vzqoEW0BMa,FullTime,36,0.7218,2.1688,D
2023-10-19,Inter Miami CF,Charlotte FC,2,2,2023,4JMAyJ1DMK,FullTime,27,1.9738,0.9542,D
2023-10-21,Charlotte FC,Inter Miami CF,1,0,2023,gjMNAk04QK,FullTime,38,0.7186,0.9068,H
2023-10-21,Columbus Crew,CF Montréal,2,1,2023,eV5D1BlmqK,FullTime,38,2.1257,0.5337,H
2023-10-21,New England Revolution,Philadelphia Union,2,1,2023,Vj58n0RwQ8,FullTime,38,1.859,0.905,H
2023-10-21,Nashville SC,New York Red Bulls,0,1,2023,OlMlEYvA5L,FullTime,38,0.9122,1.3562,A
2023-10-21,New York City FC,Chicago Fire,1,0,2023,9YqdZEvoMv,FullTime,38,0.8685,1.0872,H
2023-10-21,Toronto FC,Orlando City,0,2,2023,NPqxEk6YQ9,FullTime,38,1.3178,0.825,A
2023-10-21,FC Cincinnati,Atlanta United,2,2,2023,raMyEV6JMd,FullTime,38,2.3877,1.3145,D
2023-10-22,San Jose Earthquakes,Austin FC,1,1,2023,odMX0jvGMY,FullTime,38,1.3599,0.2368,D
2023-10-22,Vancouver Whitecaps,LAFC,1,1,2023,aDQ0w0BEqE,FullTime,38,2.0371,1.1657,D
2023-10-22,LA Galaxy,FC Dallas,1,4,2023,a35rE6wKML,FullTime,38,1.0,2.2587,A
2023-10-22,Portland Timbers,Houston Dynamo,1,3,2023,KXMeEAv3M6,FullTime,38,1.6897,0.6927,A
2023-10-22,St. Louis City SC,Seattle Sounders,0,2,2023,9vQ2B0geQK,FullTime,38,0.7751,1.0299,A
2023-10-22,Colorado Rapids,Real Salt Lake,0,1,2023,7vQ7O068QD,FullTime,38,1.7585,0.5355,A
2023-10-22,Sporting Kansas City,Minnesota United,3,1,2023,2vQ130WL5r,FullTime,38,1.4342,0.4554,H
2023-10-25,New York Red Bulls,Charlotte FC,5,2,2023,Oa5w6ZOWM1,FullTime,39,1.0543,1.6407,H
2023-10-26,Sporting Kansas City,San Jose Earthquakes,0,0,2023,NWMWzb8ZQl,FullTime,39,0.9251,0.4046,D
2023-10-28,Philadelphia Union,New England Revolution,3,1,2023,vzqozZGB5a,FullTime,40,2.9214,1.2895,H
2023-10-29,LAFC,Vancouver Whitecaps,5,2,2023,2lqRezPx5r,FullTime,40,1.5186,0.8228,H
2023-10-29,Houston Dynamo,Real Salt Lake,2,1,2023,wvq9w63mMW,FullTime,40,1.9735,0.5227,H
2023-10-30,FC Cincinnati,New York Red Bulls,3,0,2023,9z5kzZOKMA,FullTime,40,1.022,0.7364,H
2023-10-30,St. Louis City SC,Sporting Kansas City,1,4,2023,315VzbkV59,FullTime,40,0.5113,1.7961,A
2023-10-30,Orlando City,Nashville SC,1,0,2023,EGMP8b10Ma,FullTime,40,1.6876,0.4893,H
2023-10-31,Seattle Sounders,FC Dallas,2,0,2023,Pk5LD87D5O,FullTime,40,2.2337,1.4218,H
2023-11-01,Columbus Crew,Atlanta United,2,0,2023,gjMNrbepMK,FullTime,40,2.1387,0.021,H
2023-11-04,New York Red Bulls,FC Cincinnati,1,1,2023,raMyndyN5d,FullTime,41,1.197,1.6227,D
2023-11-05,FC Dallas,Seattle Sounders,3,1,2023,7vQ7XgJDMD,FullTime,41,1.4367,1.1258,H
2023-11-05,Sporting Kansas City,St. Louis City SC,2,1,2023,eV5D9PaJqK,FullTime,41,0.9312,0.9933,H
2023-11-06,Vancouver Whitecaps,LAFC,0,1,2023,2vQ11pjwQr,FullTime,41,1.0181,1.173,A
2023-11-07,Real Salt Lake,Houston Dynamo,1,1,2023,a35r3brwqL,FullTime,41,0.9265,1.4937,D
2023-11-08,Nashville SC,Orlando City,0,1,2023,Vj58JGwrQ8,FullTime,41,0.3327,1.9929,A
2023-11-08,Atlanta United,Columbus Crew,4,2,2023,OlMlzZnRqL,FullTime,41,1.9595,1.4919,H
2023-11-09,New England Revolution,Philadelphia Union,0,1,2023,9YqdzNYmMv,FullTime,41,0.5895,1.6504,A
2023-11-11,Houston Dynamo,Real Salt Lake,1,1,2023,NPqxOpnZ59,FullTime,42,1.7564,0.4371,D
2023-11-11,Seattle Sounders,FC Dallas,1,0,2023,odMXzbPoqY,FullTime,42,1.7192,0.0501,H
2023-11-13,Columbus Crew,Atlanta United,4,2,2023,kRQazDobMK,FullTime,42,2.0118,1.6538,H
2023-11-25,Orlando City,Columbus Crew,0,2,2023,e7MzoD8K5r,FullTime,43,1.3003,2.4739,A
2023-11-26,FC Cincinnati,Philadelphia Union,1,0,2023,N6MmzZR05E,FullTime,43,1.0289,0.9053,H
2023-11-27,Houston Dynamo,Sporting Kansas City,1,0,2023,Xj5YzbNGqb,FullTime,43,1.269,1.3234,H
2023-11-27,Seattle Sounders,LAFC,0,1,2023,jYQJyN0DqG,FullTime,43,1.1436,0.4304,A
2023-12-02,FC Cincinnati,Columbus Crew,2,3,2023,Oa5w6ZmYM1,FullTime,44,1.3853,2.6825,A
2023-12-03,LAFC,Houston Dynamo,2,0,2023,eVq3lwWjQW,FullTime,44,1.8182,0.4216,H
2023-12-09,Columbus Crew,LAFC,2,1,2023,KAqBod7VQb,FullTime,45,1.9923,0.9752,H
2024-02-22,Inter Miami CF,Real Salt Lake,2,0,2024,7VqGPrzAQv,FullTime,1,1.8393,0.8818,H
2024-02-24,Columbus Crew,Atlanta United,1,0,2024,gpMOlAAO5z,FullTime,1,1.5328,0.7888,H
2024-02-24,LAFC,Seattle Sounders,2,1,2024,gjMNr22YMK,FullTime,1,1.3614,1.6704,H
2024-02-25,Nashville SC,New York Red Bulls,0,0,2024,Pk5LDrrZ5O,FullTime,1,0.1408,1.5696,D
2024-02-25,FC Cincinnati,Toronto FC,0,0,2024,vzqozyy75a,FullTime,1,0.9652,0.6501,D
2024-02-25,Portland Timbers,Colorado Rapids,4,1,2024,raMyn00R5d,FullTime,1,0.6416,1.374,H
2024-02-25,FC Dallas,San Jose Earthquakes,2,1,2024,315VzAA759,FullTime,1,1.3104,1.2222,H
2024-02-25,St. Louis City SC,Real Salt Lake,1,1,2024,9z5kzyybMA,FullTime,1,0.9451,1.9322,D
2024-02-25,Orlando City,CF Montréal,0,0,2024,0Oq6egWr56,FullTime,1,0.7385,0.8589,D
2024-02-25,Houston Dynamo,Sporting Kansas City,1,1,2024,wvq9wOO3MW,FullTime,1,1.3819,0.1997,D
2024-02-25,D.C. United,New England Revolution,3,1,2024,2lqReAA25r,FullTime,1,4.6579,0.8854,H
2024-02-25,Charlotte FC,New York City FC,1,0,2024,7vQ7XGGdMD,FullTime,1,1.61,0.6384,H
2024-02-25,Philadelphia Union,Chicago Fire,2,2,2024,gOMnzNN6Mw,FullTime,1,1.7626,1.6615,D
2024-02-25,Austin FC,Minnesota United,1,2,2024,EGMP8AArMa,FullTime,1,0.964,2.8118,A
2024-02-26,LA Galaxy,Inter Miami CF,1,1,2024,eV5D9vvZqK,FullTime,1,3.6516,1.0266,D
2024-03-02,Minnesota United,Columbus Crew,1,1,2024,odMXzAAaqY,FullTime,2,0.8946,1.2263,D
2024-03-02,Real Salt Lake,LAFC,3,0,2024,NPqxONNk59,FullTime,2,2.2862,0.8807,H
2024-03-02,Inter Miami CF,Orlando City,5,0,2024,2vQ11JJ8Qr,FullTime,2,2.2132,0.5944,H
2024-03-03,New England Revolution,Toronto FC,0,1,2024,a35r3xxbqL,FullTime,2,1.6879,0.4821,A
2024-03-03,Seattle Sounders,Austin FC,0,0,2024,4JMAnzz75K,FullTime,2,1.4142,0.0479,D
2024-03-03,San Jose Earthquakes,LA Galaxy,1,3,2024,KPqjzyyPq6,FullTime,2,1.0927,1.2705,A
2024-03-03,Portland Timbers,D.C. United,2,2,2024,xW5pJNNBQg,FullTime,2,0.9238,2.7219,D
2024-03-03,Colorado Rapids,Nashville SC,1,1,2024,aDQ0DZZvQE,FullTime,2,0.3896,1.5899,D
2024-03-03,Houston Dynamo,New York Red Bulls,1,2,2024,9vQ2rwwoQK,FullTime,2,1.482,0.8478,A
2024-03-03,St. Louis City SC,New York City FC,2,0,2024,KXMezyy656,FullTime,2,0.9738,0.8603,H
2024-03-03,FC Dallas,CF Montréal,1,2,2024,OlMlzyyyqL,FullTime,2,0.9711,1.5285,A
2024-03-03,Sporting Kansas City,Philadelphia Union,1,1,2024,Vj58J668Q8,FullTime,2,0.8962,0.5578,D
2024-03-03,Vancouver Whitecaps,Charlotte FC,1,1,2024,kRQazAA1MK,FullTime,2,0.7936,1.1545,D
2024-03-03,Chicago Fire,FC Cincinnati,1,2,2024,9YqdzyyOMv,FullTime,2,0.9235,0.7811,A
2024-03-09,New York City FC,Portland Timbers,1,2,2024,p6qbzbb4q0,FullTime,3,1.5102,0.7152,A
2024-03-09,Toronto FC,Charlotte FC,1,0,2024,Xj5YzAAXqb,FullTime,3,0.7275,0.6586,H
2024-03-10,Nashville SC,LA Galaxy,2,2,2024,Oa5w6NNBM1,FullTime,3,1.6116,2.0993,D
2024-03-10,FC Cincinnati,D.C. United,0,0,2024,zeQZzAAzQK,FullTime,3,1.8853,0.4841,D
2024-03-10,LAFC,Sporting Kansas City,0,0,2024,KAqBoZZXQb,FullTime,3,2.1255,0.8713,D
2024-03-10,San Jose Earthquakes,Vancouver Whitecaps,0,2,2024,NWMWzAAeQl,FullTime,3,0.6049,0.9866,A
2024-03-10,Inter Miami CF,CF Montréal,2,3,2024,XVqK7rrwq0,FullTime,3,1.9297,2.9795,A
2024-03-10,Austin FC,St. Louis City SC,2,2,2024,jYQJyrrWqG,FullTime,3,0.8719,1.899,D
2024-03-10,Atlanta United,New England Revolution,4,1,2024,4wM48BBgMj,FullTime,3,3.7126,0.8938,H
2024-03-10,Columbus Crew,Chicago Fire,2,1,2024,BLMvGddj5x,FullTime,3,1.0234,1.6522,H
2024-03-10,Orlando City,Minnesota United,2,3,2024,e7MzoNNO5r,FullTime,3,2.9664,1.2336,A
2024-03-10,New York Red Bulls,FC Dallas,2,1,2024,ljqEkvvwMx,FullTime,3,2.2344,0.6309,H
2024-03-10,Real Salt Lake,Colorado Rapids,1,2,2024,eVq3l33nQW,FullTime,3,1.094,1.6157,A
2024-03-16,Chicago Fire,CF Montréal,4,3,2024,jYQJyrPBqG,FullTime,4,2.6948,3.0195,H
2024-03-16,D.C. United,Inter Miami CF,1,3,2024,0Oq6eggr56,FullTime,4,1.5332,1.9694,A
2024-03-16,Seattle Sounders,Colorado Rapids,1,1,2024,0x5gzYKbM7,FullTime,4,1.2037,2.3957,D
2024-03-16,New York City FC,Toronto FC,2,1,2024,gOMnzN16Mw,FullTime,4,1.6373,1.3824,H
2024-03-16,Columbus Crew,New York Red Bulls,3,0,2024,7VqGPrrAQv,FullTime,4,1.6546,0.369,H
2024-03-17,Atlanta United,Orlando City,2,0,2024,7VqGPr9WQv,FullTime,4,0.9431,0.5662,H
2024-03-17,New England Revolution,FC Cincinnati,1,2,2024,gpMOlADO5z,FullTime,4,1.1958,1.3611,A
2024-03-17,LA Galaxy,St. Louis City SC,3,3,2024,NWMWzAZjQl,FullTime,4,2.4558,2.211,D
2024-03-17,Austin FC,Philadelphia Union,2,2,2024,2lqReA825r,FullTime,4,1.2927,1.9805,D
2024-03-17,Sporting Kansas City,San Jose Earthquakes,2,1,2024,eVq3l37yQW,FullTime,4,0.5852,1.3191,H
2024-03-17,Nashville SC,Charlotte FC,2,1,2024,KAqBoZ6vQb,FullTime,4,0.9397,1.2032,H
2024-03-17,FC Dallas,Vancouver Whitecaps,1,3,2024,Oa5w6NeAM1,FullTime,4,0.7595,0.8213,A
2024-03-17,Houston Dynamo,Portland Timbers,1,0,2024,p6qbzbd6q0,FullTime,4,1.0407,1.3083,H
2024-03-17,Minnesota United,LAFC,2,0,2024,9z5kzyplMA,FullTime,4,1.0219,0.8275,H
2024-03-23,Orlando City,Austin FC,2,0,2024,2lqReA8A5r,FullTime,5,2.1892,0.1602,H
2024-03-23,Charlotte FC,Columbus Crew,2,0,2024,0Oq6egjd56,FullTime,5,1.7727,0.5494,H
2024-03-23,Vancouver Whitecaps,Real Salt Lake,1,2,2024,eV5D9vnEqK,FullTime,5,0.9662,1.4601,A
2024-03-23,Toronto FC,Atlanta United,2,0,2024,wvq9wO77MW,FullTime,5,2.1249,0.5139,H
2024-03-23,New York Red Bulls,Inter Miami CF,4,0,2024,vzqozy1Z5a,FullTime,5,1.3863,0.2697,H
2024-03-23,New England Revolution,Chicago Fire,1,1,2024,gOMnzN1OMw,FullTime,5,1.8648,0.808,D
2024-03-23,FC Cincinnati,New York City FC,1,0,2024,gpMOlAD25z,FullTime,5,1.5627,0.5153,H
2024-03-24,St. Louis City SC,D.C. United,2,2,2024,315VzANE59,FullTime,5,2.1788,2.1191,D
2024-03-24,Sporting Kansas City,LA Galaxy,2,3,2024,2vQ11JAOQr,FullTime,5,2.7495,2.3273,A
2024-03-24,Colorado Rapids,Houston Dynamo,0,1,2024,EGMP8AN4Ma,FullTime,5,0.8583,0.4799,A
2024-03-24,Portland Timbers,Philadelphia Union,1,3,2024,raMyn0pk5d,FullTime,5,1.9626,1.9612,A
2024-03-24,LAFC,Nashville SC,5,0,2024,gjMNr28kMK,FullTime,5,3.9593,0.4688,H
2024-03-24,San Jose Earthquakes,Seattle Sounders,3,2,2024,7vQ7XGpEMD,FullTime,5,2.3382,1.8194,H
2024-03-30,Toronto FC,Sporting Kansas City,1,3,2024,9YqdzyljMv,FullTime,6,1.6753,1.3486,A
2024-03-30,D.C. United,CF Montréal,1,0,2024,KAqBoZABQb,FullTime,6,2.3966,0.6714,H
2024-03-30,Charlotte FC,FC Cincinnati,1,1,2024,0x5gzYY7M7,FullTime,6,2.062,1.5582,D
2024-03-30,Inter Miami CF,New York City FC,1,1,2024,a35r3x1LqL,FullTime,6,1.856,0.659,D
2024-03-30,Colorado Rapids,LAFC,3,2,2024,KPqjzylnq6,FullTime,6,1.3747,1.3394,H
2024-03-30,Philadelphia Union,Minnesota United,2,0,2024,vzqozyNk5a,FullTime,6,1.8938,0.4115,H
2024-03-30,Orlando City,New York Red Bulls,1,1,2024,Vj58J68JQ8,FullTime,6,0.9391,1.403,D
2024-03-31,Atlanta United,Chicago Fire,3,0,2024,4JMAnzGl5K,FullTime,6,3.1112,0.6357,H
2024-03-31,LA Galaxy,Seattle Sounders,1,0,2024,xW5pJNlGQg,FullTime,6,0.8606,1.2509,H
2024-03-31,Vancouver Whitecaps,Portland Timbers,3,2,2024,kRQazAEmMK,FullTime,6,1.8487,0.8051,H
2024-03-31,Austin FC,FC Dallas,2,1,2024,KXMezybX56,FullTime,6,1.9484,0.7756,H
2024-03-31,Nashville SC,Columbus Crew,2,2,2024,NPqxON1G59,FullTime,6,0.9748,1.6221,D
2024-03-31,Real Salt Lake,St. Louis City SC,3,1,2024,2lqReAdA5r,FullTime,6,1.8915,0.6043,H
2024-03-31,Houston Dynamo,San Jose Earthquakes,2,1,2024,odMXzANrqY,FullTime,6,0.8979,0.1799,H
2024-04-06,LAFC,LA Galaxy,2,1,2024,jYQJyr2BqG,FullTime,7,3.2555,1.2785,H
2024-04-06,Inter Miami CF,Colorado Rapids,2,2,2024,zeQZzANxQK,FullTime,7,1.0277,1.3869,D
2024-04-06,FC Cincinnati,New York Red Bulls,1,2,2024,gjMNr233MK,FullTime,7,0.5472,1.4057,A
2024-04-06,New York City FC,Atlanta United,1,1,2024,XVqK7ryKq0,FullTime,7,2.721,1.6754,D
2024-04-06,Vancouver Whitecaps,Toronto FC,4,0,2024,KAqBoZavQb,FullTime,7,1.8688,1.1243,H
2024-04-06,New England Revolution,Charlotte FC,1,0,2024,BLMvGdxA5x,FullTime,7,1.3294,0.755,H
2024-04-06,Columbus Crew,D.C. United,1,1,2024,4wM48B7kMj,FullTime,7,0.5835,1.7101,D
2024-04-07,Sporting Kansas City,Portland Timbers,3,3,2024,NWMWzA9jQl,FullTime,7,2.7153,1.8961,D
2024-04-07,Seattle Sounders,CF Montréal,5,0,2024,eVq3l3oyQW,FullTime,7,3.4102,0.5367,H
2024-04-07,St. Louis City SC,FC Dallas,0,0,2024,9YqdzyKLMv,FullTime,7,2.1423,1.4099,D
2024-04-07,Austin FC,San Jose Earthquakes,4,3,2024,ljqEkvbAMx,FullTime,7,1.9574,2.5172,H
2024-04-07,Chicago Fire,Houston Dynamo,2,1,2024,e7MzoNe95r,FullTime,7,1.6145,0.9255,H
2024-04-07,Minnesota United,Real Salt Lake,1,1,2024,9vQ2rwnYQK,FullTime,7,2.2935,1.0844,D
2024-04-07,Nashville SC,Philadelphia Union,1,2,2024,Xj5YzAVwqb,FullTime,7,1.6474,1.456,A
2024-04-13,D.C. United,Orlando City,2,3,2024,0Oq6egkd56,FullTime,8,2.066,1.6154,A
2024-04-13,Charlotte FC,Toronto FC,3,2,2024,0x5gzYRbM7,FullTime,8,1.3034,1.6282,H
2024-04-13,Portland Timbers,LAFC,2,2,2024,315VzARE59,FullTime,8,1.2851,2.2411,D
2024-04-13,CF Montréal,FC Cincinnati,2,1,2024,gpMOlAW25z,FullTime,8,1.3628,0.9071,H
2024-04-13,New York Red Bulls,Chicago Fire,0,0,2024,vzqozy8Z5a,FullTime,8,1.6631,0.5902,D
2024-04-13,New York City FC,New England Revolution,2,0,2024,gOMnzN8OMw,FullTime,8,1.9973,0.5323,H
2024-04-14,Minnesota United,Houston Dynamo,1,2,2024,BLMvGdnW5x,FullTime,8,2.4656,0.3501,A
2024-04-14,Sporting Kansas City,Inter Miami CF,2,3,2024,2lqReA6A5r,FullTime,8,0.7975,1.3443,A
2024-04-14,Real Salt Lake,Columbus Crew,0,0,2024,wvq9wOL7MW,FullTime,8,1.5891,0.7383,D
2024-04-14,Vancouver Whitecaps,LA Galaxy,1,3,2024,Pk5LDrwL5O,FullTime,8,1.9679,2.0654,A
2024-04-14,San Jose Earthquakes,Colorado Rapids,0,3,2024,EGMP8Ag4Ma,FullTime,8,2.4011,2.1382,A
2024-04-14,Atlanta United,Philadelphia Union,2,2,2024,gjMNr2BkMK,FullTime,8,1.5489,0.9971,D
2024-04-14,St. Louis City SC,Austin FC,1,0,2024,raMyn0xk5d,FullTime,8,1.2163,0.2653,H
2024-04-14,FC Dallas,Seattle Sounders,0,0,2024,0Oq6egBg56,FullTime,8,0.5278,0.6889,D
2024-04-20,Atlanta United,FC Cincinnati,1,2,2024,KAqBoZOvQb,FullTime,9,1.6498,2.2162,A
2024-04-20,Inter Miami CF,Nashville SC,3,1,2024,2vQ11JOlQr,FullTime,9,1.9778,2.0527,H
2024-04-20,Toronto FC,New England Revolution,1,0,2024,Vj58J6PJQ8,FullTime,9,1.9633,1.356,H
2024-04-20,CF Montréal,Orlando City,2,2,2024,a35r3x8LqL,FullTime,9,0.9257,1.6899,D
2024-04-20,New York City FC,D.C. United,2,0,2024,OlMlzyLEqL,FullTime,9,2.6774,0.8975,H
2024-04-20,Columbus Crew,Portland Timbers,2,2,2024,eV5D9vyEqK,FullTime,9,1.5361,1.1639,D
2024-04-21,Sporting Kansas City,St. Louis City SC,3,3,2024,odMXzAkrqY,FullTime,9,1.2634,1.8406,D
2024-04-21,Houston Dynamo,Austin FC,0,1,2024,KXMezynX56,FullTime,9,1.4839,0.6943,A
2024-04-21,Chicago Fire,Real Salt Lake,0,4,2024,9YqdzyOjMv,FullTime,9,1.3268,2.1341,A
2024-04-21,Colorado Rapids,FC Dallas,2,1,2024,NPqxON8G59,FullTime,9,1.7593,0.8386,H
2024-04-21,LAFC,New York Red Bulls,2,2,2024,aDQ0DZ6BQE,FullTime,9,1.6784,1.5742,D
2024-04-21,Seattle Sounders,Vancouver Whitecaps,0,2,2024,KPqjzyVnq6,FullTime,9,0.6817,1.6238,A
2024-04-21,Charlotte FC,Minnesota United,0,3,2024,7vQ7XGVEMD,FullTime,9,0.7054,1.2579,A
2024-04-22,LA Galaxy,San Jose Earthquakes,4,3,2024,xW5pJN8GQg,FullTime,9,2.4469,1.8772,H
2024-04-27,New York City FC,Charlotte FC,2,1,2024,XVqK7rJKq0,FullTime,10,1.3767,1.4943,H
2024-04-27,Columbus Crew,CF Montréal,0,0,2024,4JMAnzXl5K,FullTime,10,1.546,0.6395,D
2024-04-27,D.C. United,Seattle Sounders,2,1,2024,4wM48BRkMj,FullTime,10,1.911,0.9851,H
2024-04-27,New England Revolution,Inter Miami CF,1,4,2024,BLMvGd8A5x,FullTime,10,0.3237,2.2841,A
2024-04-27,Philadelphia Union,Real Salt Lake,1,2,2024,jYQJyrLPqG,FullTime,10,2.1002,0.5094,A
2024-04-27,Orlando City,Toronto FC,1,2,2024,ljqEkvRAMx,FullTime,10,0.6908,1.9433,A
2024-04-27,New York Red Bulls,Vancouver Whitecaps,1,1,2024,p6qbzbG8q0,FullTime,10,1.5202,1.3945,D
2024-04-27,Austin FC,LA Galaxy,2,0,2024,e7MzoN295r,FullTime,10,0.7325,0.6877,H
2024-04-27,FC Cincinnati,Colorado Rapids,2,1,2024,kRQazAgmMK,FullTime,10,2.0646,0.8061,H
2024-04-28,Minnesota United,Sporting Kansas City,2,1,2024,jYQJyrLBqG,FullTime,10,1.7784,1.1842,H
2024-04-28,FC Dallas,Houston Dynamo,2,0,2024,Xj5YzAdwqb,FullTime,10,2.2283,0.123,H
2024-04-28,Nashville SC,San Jose Earthquakes,1,1,2024,Oa5w6N2AM1,FullTime,10,1.1654,1.1193,D
2024-04-28,Chicago Fire,Atlanta United,0,0,2024,N6MmzNPe5E,FullTime,10,0.7251,1.2437,D
2024-04-28,LAFC,Portland Timbers,3,2,2024,eVq3l3DyQW,FullTime,10,1.5585,1.0484,H
2024-04-30,Philadelphia Union,Seattle Sounders,2,3,2024,N6MmzNNv5E,FullTime,3,1.0914,2.6435,A
2024-05-04,D.C. United,Philadelphia Union,2,2,2024,2vQ11J7lQr,FullTime,11,0.7777,0.7111,D
2024-05-04,Inter Miami CF,New York Red Bulls,6,2,2024,7VqGPrYWQv,FullTime,11,2.884,1.6001,H
2024-05-04,Orlando City,FC Cincinnati,0,1,2024,0Oq6egZd56,FullTime,11,0.784,1.0145,A
2024-05-04,Charlotte FC,Portland Timbers,2,0,2024,NWMWzA4jQl,FullTime,11,1.3415,0.6554,H
2024-05-04,San Jose Earthquakes,LAFC,3,1,2024,Oa5w6N28M1,FullTime,11,1.1561,1.0504,H
2024-05-04,Toronto FC,FC Dallas,3,1,2024,gpMOlAd25z,FullTime,11,2.4086,0.4978,H
2024-05-04,Atlanta United,Minnesota United,1,2,2024,KAqBoZG4Qb,FullTime,11,2.093,0.5099,A
2024-05-05,Seattle Sounders,LA Galaxy,0,0,2024,NWMWzA4KQl,FullTime,11,1.7239,0.6793,D
2024-05-05,Vancouver Whitecaps,Austin FC,0,0,2024,eVq3l3DDQW,FullTime,11,1.3476,0.2206,D
2024-05-05,New York City FC,Colorado Rapids,0,2,2024,KAqBoZO4Qb,FullTime,11,1.2693,0.7625,A
2024-05-05,Chicago Fire,New England Revolution,0,1,2024,gOMnzNLOMw,FullTime,11,1.5129,0.7603,A
2024-05-05,Houston Dynamo,St. Louis City SC,0,0,2024,vzqozyNZ5a,FullTime,11,1.3302,1.2723,D
2024-05-05,Nashville SC,CF Montréal,4,1,2024,zeQZzAK1QK,FullTime,11,2.7339,1.0984,H
2024-05-05,Real Salt Lake,Sporting Kansas City,1,0,2024,Pk5LDrNL5O,FullTime,11,0.7658,0.4098,H
2024-05-11,Philadelphia Union,Orlando City,2,3,2024,kRQazAKoMK,FullTime,12,4.269,1.5094,A
2024-05-11,CF Montréal,Inter Miami CF,2,3,2024,gpMOlAdE5z,FullTime,12,1.1919,1.2531,A
2024-05-11,New York Red Bulls,New England Revolution,4,2,2024,OlMlzy1EqL,FullTime,12,2.6586,0.9983,H
2024-05-11,Charlotte FC,Nashville SC,1,0,2024,7VqGPrY6Qv,FullTime,12,0.5836,0.1703,H
2024-05-11,Toronto FC,New York City FC,2,3,2024,2lqReAd05r,FullTime,12,1.6357,1.9642,A
2024-05-11,Atlanta United,D.C. United,2,3,2024,0x5gzYnZM7,FullTime,12,1.3647,2.068,A
2024-05-11,Columbus Crew,FC Cincinnati,1,2,2024,0Oq6egZA56,FullTime,12,0.9184,1.816,A
2024-05-12,LA Galaxy,Real Salt Lake,2,2,2024,Pk5LDrdO5O,FullTime,12,2.4227,1.0478,D
2024-05-12,Portland Timbers,Seattle Sounders,1,2,2024,raMyn02O5d,FullTime,12,0.6393,0.4214,A
2024-05-12,LAFC,Vancouver Whitecaps,3,0,2024,gjMNr2d0MK,FullTime,12,3.1983,0.6635,H
2024-05-12,Sporting Kansas City,Houston Dynamo,1,2,2024,9z5kzykjMA,FullTime,12,1.0026,1.1881,A
2024-05-12,St. Louis City SC,Chicago Fire,3,1,2024,315VzAE959,FullTime,12,2.2138,1.5529,H
2024-05-12,FC Dallas,Austin FC,2,1,2024,wvq9wO8wMW,FullTime,12,1.7707,2.1579,H
2024-05-12,Colorado Rapids,San Jose Earthquakes,2,3,2024,EGMP8AdVMa,FullTime,12,2.5722,0.9592,A
2024-05-15,CF Montréal,Columbus Crew,1,3,2024,a35r3x2AqL,FullTime,13,1.4483,1.8088,A
2024-05-15,Philadelphia Union,New York City FC,1,2,2024,Vj58J6p4Q8,FullTime,13,1.8614,1.6081,A
2024-05-15,Orlando City,Inter Miami CF,0,0,2024,OlMlzyV0qL,FullTime,13,0.7113,0.8732,D
2024-05-15,FC Cincinnati,Atlanta United,1,0,2024,7vQ7XGj2MD,FullTime,13,1.1991,0.4808,H
2024-05-15,D.C. United,New York Red Bulls,1,4,2024,2vQ11JDKQr,FullTime,13,3.0259,1.9908,A
2024-05-16,Portland Timbers,San Jose Earthquakes,4,2,2024,2vQ11Jv4Qr,FullTime,13,3.1895,1.7699,H
2024-05-16,Real Salt Lake,Seattle Sounders,2,0,2024,KPqjzy8Rq6,FullTime,13,2.2049,0.7766,H
2024-05-16,Colorado Rapids,Vancouver Whitecaps,1,0,2024,aDQ0DZzPQE,FullTime,13,2.3329,0.9144,H
2024-05-16,St. Louis City SC,LAFC,0,2,2024,NPqxONwm59,FullTime,13,1.3073,1.3792,A
2024-05-16,Nashville SC,Toronto FC,2,0,2024,9vQ2rwzaQK,FullTime,13,1.3172,0.615,H
2024-05-16,Chicago Fire,Charlotte FC,0,1,2024,KXMezy6r56,FullTime,13,1.2561,0.486,A
2024-05-16,Minnesota United,LA Galaxy,2,2,2024,odMXzAdWqY,FullTime,13,1.9463,1.0779,D
2024-05-16,Austin FC,Houston Dynamo,1,0,2024,9YqdzyGLMv,FullTime,13,1.9159,1.5045,H
2024-05-18,New England Revolution,Philadelphia Union,0,3,2024,4wM48BzpMj,FullTime,14,1.4323,2.0555,A
2024-05-18,Toronto FC,CF Montréal,5,1,2024,BLMvGdeO5x,FullTime,14,3.1323,2.2215,H
2024-05-18,New York City FC,New York Red Bulls,2,1,2024,zeQZzAa1QK,FullTime,14,1.8016,1.0743,H
2024-05-18,Charlotte FC,LA Galaxy,0,0,2024,xW5pJNDdQg,FullTime,14,1.0048,1.3293,D
2024-05-18,Nashville SC,Atlanta United,1,1,2024,e7MzoNB65r,FullTime,14,1.5114,0.4314,D
2024-05-18,FC Cincinnati,St. Louis City SC,3,1,2024,NWMWzAaKQl,FullTime,14,2.9069,0.6463,H
2024-05-19,Inter Miami CF,D.C. United,1,0,2024,4JMAnz4k5K,FullTime,14,0.7246,1.2238,H
2024-05-19,Austin FC,Sporting Kansas City,3,2,2024,vzqozylk5a,FullTime,14,2.4002,1.1962,H
2024-05-19,Houston Dynamo,FC Dallas,1,1,2024,p6qbzbaBq0,FullTime,14,0.8484,0.9321,D
2024-05-19,Chicago Fire,Columbus Crew,1,3,2024,XVqK7r4Oq0,FullTime,14,1.5511,1.4399,A
2024-05-19,Minnesota United,Portland Timbers,2,1,2024,9vQ2rw7YQK,FullTime,14,2.56,1.5007,H
2024-05-19,Real Salt Lake,Colorado Rapids,5,3,2024,N6MmzNDZ5E,FullTime,14,2.5834,2.5566,H
2024-05-19,San Jose Earthquakes,Orlando City,0,1,2024,jYQJyrbPqG,FullTime,14,0.5581,1.5639,A
2024-05-19,Seattle Sounders,Vancouver Whitecaps,1,1,2024,Oa5w6NJ8M1,FullTime,14,0.9254,1.009,D
2024-05-25,New England Revolution,New York City FC,0,1,2024,7VqGPr46Qv,FullTime,15,0.9011,1.9118,A
2024-05-25,CF Montréal,Nashville SC,0,0,2024,0x5gzYDZM7,FullTime,15,1.2227,0.6718,D
2024-05-25,D.C. United,Chicago Fire,1,1,2024,EGMP8Ax6Ma,FullTime,15,1.4377,1.3474,D
2024-05-25,Atlanta United,LAFC,0,1,2024,eVq3l3zDQW,FullTime,15,1.3644,1.0039,A
2024-05-25,Orlando City,Columbus Crew,0,2,2024,gpMOlA4E5z,FullTime,15,1.0831,1.7755,A
2024-05-25,Toronto FC,FC Cincinnati,3,4,2024,gOMnzNDXMw,FullTime,15,1.3766,1.3606,A
2024-05-25,Charlotte FC,Philadelphia Union,0,0,2024,KAqBoZ44Qb,FullTime,15,1.2663,0.9385,D
2024-05-26,St. Louis City SC,Seattle Sounders,1,2,2024,7vQ7XGvYMD,FullTime,15,1.4785,1.0496,A
2024-05-26,FC Dallas,Real Salt Lake,3,3,2024,2lqReAa05r,FullTime,15,1.268,3.2299,D
2024-05-26,Colorado Rapids,Minnesota United,3,3,2024,wvq9wOzwMW,FullTime,15,3.0279,1.8713,D
2024-05-26,Portland Timbers,Sporting Kansas City,2,1,2024,Xj5YzAaAqb,FullTime,15,1.8262,0.3442,H
2024-05-26,Vancouver Whitecaps,Inter Miami CF,1,2,2024,EGMP8A4VMa,FullTime,15,2.0343,1.465,A
2024-05-26,LA Galaxy,Houston Dynamo,2,1,2024,9z5kzyDjMA,FullTime,15,0.9965,1.5721,H
2024-05-26,San Jose Earthquakes,Austin FC,1,1,2024,315VzAa959,FullTime,15,2.9693,0.7232,D
2024-05-29,Philadelphia Union,Toronto FC,0,0,2024,OlMlzyYgqL,FullTime,16,0.5621,1.1062,D
2024-05-29,CF Montréal,D.C. United,4,2,2024,7vQ7XGz2MD,FullTime,16,2.3129,1.3857,H
2024-05-29,Inter Miami CF,Atlanta United,1,3,2024,raMyn03O5d,FullTime,16,0.9257,3.5387,A
2024-05-29,New York Red Bulls,Charlotte FC,3,1,2024,raMyn09d5d,FullTime,16,1.2056,1.1231,H
2024-05-29,FC Cincinnati,Nashville SC,0,2,2024,Pk5LDr4O5O,FullTime,16,1.9587,1.084,A
2024-05-30,Sporting Kansas City,Vancouver Whitecaps,1,2,2024,Vj58J6z4Q8,FullTime,16,1.2285,1.544,A
2024-05-30,Houston Dynamo,Colorado Rapids,3,1,2024,OlMlzyD0qL,FullTime,16,1.7713,2.0254,H
2024-05-30,Austin FC,Portland Timbers,0,2,2024,2vQ11JzKQr,FullTime,16,2.3851,1.5113,A
2024-05-30,LA Galaxy,FC Dallas,3,1,2024,9z5kzyPPMA,FullTime,16,3.5316,0.7415,H
2024-05-30,Seattle Sounders,Real Salt Lake,1,1,2024,9vQ2rwoaQK,FullTime,16,0.8716,1.6299,D
2024-05-30,LAFC,Minnesota United,2,0,2024,odMXzAaWqY,FullTime,16,2.4031,0.2113,H
2024-05-30,Chicago Fire,Orlando City,1,1,2024,a35r3xDAqL,FullTime,16,1.5379,1.1755,D
2024-05-31,New York City FC,San Jose Earthquakes,5,1,2024,NPqxONJm59,FullTime,17,2.4633,1.4087,H
2024-06-01,Inter Miami CF,St. Louis City SC,3,3,2024,KPqjzypRq6,FullTime,17,2.3652,2.1363,D
2024-06-01,Philadelphia Union,CF Montréal,2,2,2024,vzqozy175a,FullTime,17,2.2393,1.0288,D
2024-06-01,New York Red Bulls,Orlando City,1,0,2024,gOMnzNLXMw,FullTime,17,0.7036,0.4129,H
2024-06-01,D.C. United,Toronto FC,2,2,2024,aDQ0DZOPQE,FullTime,17,2.523,0.6833,D
2024-06-02,Portland Timbers,Houston Dynamo,2,2,2024,ljqEkvYzMx,FullTime,17,1.3873,0.66,D
2024-06-02,Vancouver Whitecaps,Colorado Rapids,2,1,2024,e7MzoN365r,FullTime,17,1.5356,1.5436,H
2024-06-02,LAFC,FC Dallas,1,0,2024,p6qbzbKBq0,FullTime,17,1.3132,0.4412,H
2024-06-02,Atlanta United,Charlotte FC,2,3,2024,N6MmzNpZ5E,FullTime,17,2.0674,0.9016,A
2024-06-02,Chicago Fire,LA Galaxy,2,1,2024,4JMAnzgk5K,FullTime,17,1.0116,1.6958,H
2024-06-02,Minnesota United,Sporting Kansas City,3,1,2024,4wM48B9pMj,FullTime,17,1.4203,0.5609,H
2024-06-02,Nashville SC,New England Revolution,1,2,2024,9YqdzyE9Mv,FullTime,17,3.4722,0.5961,A
2024-06-02,Real Salt Lake,Austin FC,5,1,2024,XVqK7rPOq0,FullTime,17,3.1929,1.2434,H
2024-06-08,New England Revolution,New York Red Bulls,1,0,2024,Xj5YzAKAqb,FullTime,18,0.7779,1.0105,H
2024-06-09,Sporting Kansas City,Seattle Sounders,2,1,2024,jYQJyrVPqG,FullTime,18,0.8337,1.2082,H
2024-06-09,St. Louis City SC,Portland Timbers,0,0,2024,Oa5w6Np8M1,FullTime,18,1.2277,0.4334,D
2024-06-09,Minnesota United,FC Dallas,1,1,2024,9z5kzy8PMA,FullTime,18,0.6165,0.4236,D
2024-06-15,New York Red Bulls,Nashville SC,0,0,2024,0Oq6egVA56,FullTime,19,1.737,0.3302,D
2024-06-15,Atlanta United,Houston Dynamo,2,2,2024,2lqReAyW5r,FullTime,19,2.0392,1.2,D
2024-06-15,New England Revolution,Vancouver Whitecaps,3,2,2024,7VqGPrR6Qv,FullTime,19,1.2838,0.7978,H
2024-06-15,Charlotte FC,D.C. United,1,0,2024,NWMWzAKKQl,FullTime,19,1.6768,0.3011,H
2024-06-15,Toronto FC,Chicago Fire,1,4,2024,vzqozyAk5a,FullTime,19,0.8534,1.6389,A
2024-06-15,Orlando City,LAFC,1,3,2024,gpMOlA7E5z,FullTime,19,2.0503,1.9081,A
2024-06-15,CF Montréal,Real Salt Lake,0,0,2024,zeQZzAPxQK,FullTime,19,1.0704,1.3647,D
2024-06-15,New York City FC,Columbus Crew,2,3,2024,eVq3l3RDQW,FullTime,19,1.8811,4.1218,A
2024-06-15,Philadelphia Union,Inter Miami CF,1,2,2024,gOMnzNbXMw,FullTime,19,1.6875,1.546,A
2024-06-16,Seattle Sounders,Minnesota United,2,0,2024,KAqBoZGJQb,FullTime,19,1.4861,0.2715,H
2024-06-16,LA Galaxy,Sporting Kansas City,4,2,2024,NPqxONaX59,FullTime,19,2.1611,2.5513,H
2024-06-16,San Jose Earthquakes,FC Cincinnati,2,4,2024,eVq3l3R6QW,FullTime,19,1.9842,2.3619,A
2024-06-16,Colorado Rapids,Austin FC,2,0,2024,Oa5w6NpjM1,FullTime,19,1.3001,0.6102,H
2024-06-16,FC Dallas,St. Louis City SC,2,0,2024,N6MmzN8e5E,FullTime,19,1.3689,1.2927,H
2024-06-19,CF Montréal,New York Red Bulls,2,2,2024,gpMOlA7n5z,FullTime,20,1.8618,2.4335,D
2024-06-19,Toronto FC,Nashville SC,1,2,2024,gOMnzNbmMw,FullTime,20,2.0638,0.854,A
2024-06-19,Charlotte FC,Orlando City,2,2,2024,NWMWzAK7Ql,FullTime,20,1.2081,2.0326,D
2024-06-19,D.C. United,Atlanta United,0,1,2024,7VqGPrReQv,FullTime,20,1.3678,1.0354,A
2024-06-19,Inter Miami CF,Columbus Crew,2,1,2024,0Oq6egVX56,FullTime,20,1.3093,2.0764,H
2024-06-19,FC Cincinnati,Philadelphia Union,4,3,2024,0x5gzYprM7,FullTime,20,2.9817,1.3004,H
2024-06-20,LA Galaxy,New York City FC,2,0,2024,7VqGPr6eQv,FullTime,20,1.6499,0.975,H
2024-06-20,San Jose Earthquakes,Portland Timbers,1,2,2024,gjMNr2kvMK,FullTime,20,1.1378,2.0875,A
2024-06-20,FC Dallas,Minnesota United,5,3,2024,2lqReAK05r,FullTime,20,1.7571,2.1572,H
2024-06-20,Austin FC,LAFC,1,1,2024,vzqozyAj5a,FullTime,20,0.2535,1.5533,D
2024-06-20,St. Louis City SC,Colorado Rapids,0,3,2024,315VzAK659,FullTime,20,1.8117,3.0878,A
2024-06-20,Sporting Kansas City,Real Salt Lake,3,4,2024,wvq9wONZMW,FullTime,20,2.9202,2.6371,A
2024-06-20,Houston Dynamo,Seattle Sounders,2,2,2024,2lqReAKW5r,FullTime,20,2.0331,1.1547,D
2024-06-22,New York Red Bulls,Toronto FC,3,0,2024,2vQ11J04Qr,FullTime,21,1.4444,0.262,H
2024-06-22,FC Cincinnati,New England Revolution,1,2,2024,7VqGPryWQv,FullTime,21,1.5504,0.6847,A
2024-06-22,D.C. United,Houston Dynamo,1,4,2024,eV5D9vBaqK,FullTime,21,1.7601,2.0446,A
2024-06-22,Orlando City,Chicago Fire,4,2,2024,a35r3x6BqL,FullTime,21,1.8374,3.2327,H
2024-06-22,Philadelphia Union,Charlotte FC,0,2,2024,eV5D9v4AqK,FullTime,21,0.9009,3.0253,A
2024-06-22,Columbus Crew,Sporting Kansas City,4,0,2024,7vQ7XG0YMD,FullTime,21,2.2106,0.4474,H
2024-06-23,LAFC,San Jose Earthquakes,6,2,2024,NPqxONkg59,FullTime,21,2.8537,0.7599,H
2024-06-23,Portland Timbers,Vancouver Whitecaps,2,0,2024,aDQ0DZ0pQE,FullTime,21,1.3085,0.7074,H
2024-06-23,Real Salt Lake,LA Galaxy,0,1,2024,9vQ2rw01QK,FullTime,21,1.0483,0.5986,A
2024-06-23,Seattle Sounders,FC Dallas,3,2,2024,KPqjzybyq6,FullTime,21,2.4034,0.775,H
2024-06-23,St. Louis City SC,Atlanta United,1,1,2024,KXMezyAx56,FullTime,21,1.4466,2.0092,D
2024-06-23,Nashville SC,New York City FC,1,0,2024,gpMOlAYr5z,FullTime,21,0.9021,1.246,H
2024-06-23,Minnesota United,Austin FC,0,1,2024,ljqEkvZzMx,FullTime,21,0.7738,0.5366,A
2024-06-23,Colorado Rapids,CF Montréal,4,1,2024,odMXzAj2qY,FullTime,21,3.0395,0.2841,H
2024-06-28,New York City FC,Orlando City,4,2,2024,xW5pJNglQg,FullTime,22,1.7082,1.6663,H
2024-06-29,New England Revolution,Columbus Crew,1,5,2024,zeQZzAlKQK,FullTime,22,1.1731,2.5759,A
2024-06-29,Atlanta United,Toronto FC,2,1,2024,kRQazAYgMK,FullTime,22,1.573,1.3121,H
2024-06-29,New York Red Bulls,D.C. United,2,2,2024,BLMvGdRR5x,FullTime,22,1.7925,0.4839,D
2024-06-29,CF Montréal,Philadelphia Union,4,2,2024,4wM48B0zMj,FullTime,22,1.9177,1.0222,H
2024-06-30,San Jose Earthquakes,LA Galaxy,0,3,2024,Xj5YzAr0qb,FullTime,22,1.8998,1.7181,A
2024-06-30,LAFC,Colorado Rapids,3,0,2024,N6MmzN3R5E,FullTime,22,2.664,0.6545,H
2024-06-30,Vancouver Whitecaps,St. Louis City SC,4,3,2024,Oa5w6N9jM1,FullTime,22,1.5783,2.0676,H
2024-06-30,Seattle Sounders,Chicago Fire,2,1,2024,jYQJyrnyqG,FullTime,22,2.3402,1.3307,H
2024-06-30,Sporting Kansas City,Austin FC,2,0,2024,ljqEkvWEMx,FullTime,22,1.3162,0.4564,H
2024-06-30,FC Dallas,FC Cincinnati,0,1,2024,XVqK7roRq0,FullTime,22,0.9875,0.9866,A
2024-06-30,Nashville SC,Inter Miami CF,1,2,2024,e7MzoNPX5r,FullTime,22,1.3384,0.8474,A
2024-06-30,Houston Dynamo,Charlotte FC,1,0,2024,gOMnzNwlMw,FullTime,22,1.2086,0.816,H
2024-06-30,Portland Timbers,Minnesota United,3,2,2024,odMXzABxqY,FullTime,22,4.2762,1.3568,H
2024-07-03,Charlotte FC,Inter Miami CF,1,2,2024,eVq3l3E6QW,FullTime,23,1.7411,1.3574,A
2024-07-03,D.C. United,FC Cincinnati,2,3,2024,KAqBoZwJQb,FullTime,23,1.2874,1.8925,A
2024-07-03,Toronto FC,Orlando City,1,2,2024,7VqGPrGeQv,FullTime,23,1.2739,1.2929,A
2024-07-03,New York City FC,CF Montréal,2,0,2024,0x5gzYZrM7,FullTime,23,3.1294,1.0989,H
2024-07-03,New England Revolution,Atlanta United,2,1,2024,NWMWzAr7Ql,FullTime,23,1.1574,1.5872,H
2024-07-04,Real Salt Lake,Houston Dynamo,3,2,2024,gOMnzNBmMw,FullTime,23,2.9985,1.0866,H
2024-07-04,Columbus Crew,Nashville SC,2,0,2024,eV5D9voAqK,FullTime,23,1.9113,0.3598,H
2024-07-04,St. Louis City SC,San Jose Earthquakes,2,0,2024,aDQ0DZ7BQE,FullTime,23,3.5528,0.448,H
2024-07-04,Minnesota United,Vancouver Whitecaps,1,3,2024,Vj58J603Q8,FullTime,23,3.447,0.9116,A
2024-07-04,Chicago Fire,Philadelphia Union,4,3,2024,0Oq6eg0X56,FullTime,23,3.4604,1.3131,H
2024-07-05,Colorado Rapids,Sporting Kansas City,2,1,2024,2lqReANW5r,FullTime,23,2.6355,1.2185,H
2024-07-05,FC Dallas,Portland Timbers,3,2,2024,vzqozyWj5a,FullTime,23,1.6092,1.5289,H
2024-07-05,LA Galaxy,LAFC,1,2,2024,wvq9wO4ZMW,FullTime,23,1.1101,2.6244,A
2024-07-06,Philadelphia Union,New York Red Bulls,0,0,2024,p6qbzbl8q0,FullTime,24,3.0224,2.2406,D
2024-07-06,FC Cincinnati,Inter Miami CF,6,1,2024,a35r3xGBqL,FullTime,24,2.4883,1.3168,H
2024-07-06,Orlando City,D.C. United,5,0,2024,EGMP8APjMa,FullTime,24,1.7713,0.4906,H
2024-07-06,Columbus Crew,Toronto FC,4,0,2024,4JMAnzJ65K,FullTime,24,1.9731,0.3898,H
2024-07-06,CF Montréal,Vancouver Whitecaps,1,1,2024,315VzAr659,FullTime,24,0.8519,1.3411,D
2024-07-07,Real Salt Lake,Atlanta United,5,2,2024,eV5D9vWaqK,FullTime,24,1.5837,0.9425,H
2024-07-07,Austin FC,New York City FC,2,1,2024,gjMNr2VvMK,FullTime,24,0.9429,1.442,H
2024-07-07,Seattle Sounders,New England Revolution,2,0,2024,KXMezyPx56,FullTime,24,1.0664,0.7001,H
2024-07-08,Sporting Kansas City,FC Dallas,3,2,2024,OlMlzyJgqL,FullTime,24,2.6683,1.9491,H
2024-07-08,San Jose Earthquakes,Chicago Fire,1,0,2024,9z5kzyKJMA,FullTime,24,0.7985,1.3839,H
2024-07-08,Colorado Rapids,St. Louis City SC,4,1,2024,Vj58J6v3Q8,FullTime,24,2.1742,1.2777,H
2024-07-08,Portland Timbers,Nashville SC,4,1,2024,p6qbzb96q0,FullTime,24,2.4856,1.598,H
2024-07-08,LA Galaxy,Minnesota United,2,1,2024,9YqdzyV9Mv,FullTime,24,2.3304,1.1847,H
2024-07-13,D.C. United,Nashville SC,2,1,2024,9vQ2rwv1QK,FullTime,25,1.743,0.9098,H
2024-07-13,Toronto FC,Philadelphia Union,2,1,2024,KPqjzyDyq6,FullTime,25,1.3278,1.3112,H
2024-07-13,New England Revolution,Orlando City,1,3,2024,aDQ0DZvpQE,FullTime,25,0.7582,1.5042,A
2024-07-13,FC Cincinnati,Charlotte FC,1,3,2024,raMyn0VA5d,FullTime,25,2.1474,1.6505,A
2024-07-13,CF Montréal,Atlanta United,1,0,2024,NPqxON9g59,FullTime,25,1.8629,0.6295,H
2024-07-14,St. Louis City SC,Vancouver Whitecaps,1,4,2024,zeQZzAWKQK,FullTime,25,1.3894,2.5365,A
2024-07-14,Austin FC,Seattle Sounders,0,1,2024,xW5pJNWlQg,FullTime,25,0.7785,0.5041,A
2024-07-14,Chicago Fire,New York City FC,0,0,2024,kRQazARgMK,FullTime,25,0.8198,0.4475,D
2024-07-14,FC Dallas,LA Galaxy,2,0,2024,4JMAnzY65K,FullTime,25,1.2114,0.3694,H
2024-07-14,Houston Dynamo,Minnesota United,1,1,2024,4wM48BvzMj,FullTime,25,0.9937,0.5769,D
2024-07-14,Colorado Rapids,New York Red Bulls,1,1,2024,BLMvGdoR5x,FullTime,25,1.8517,1.3856,D
2024-07-14,Portland Timbers,Real Salt Lake,3,0,2024,Pk5LDrRm5O,FullTime,25,2.17,0.901,H
2024-07-14,San Jose Earthquakes,Sporting Kansas City,1,2,2024,ljqEkvgEMx,FullTime,25,0.6685,1.0705,A
2024-07-14,LAFC,Columbus Crew,1,5,2024,XVqK7rRRq0,FullTime,25,1.4854,2.0432,A
2024-07-17,FC Cincinnati,Chicago Fire,0,1,2024,N6MmzNwR5E,FullTime,26,1.8719,1.4674,A
2024-07-17,Columbus Crew,Charlotte FC,1,1,2024,Xj5YzAB0qb,FullTime,26,1.7657,1.639,D
2024-07-17,New York Red Bulls,CF Montréal,2,2,2024,Oa5w6NRjM1,FullTime,26,1.6961,1.2833,D
2024-07-17,Inter Miami CF,Toronto FC,3,1,2024,jYQJyroyqG,FullTime,26,0.8792,0.7278,H
2024-07-17,Philadelphia Union,New England Revolution,5,1,2024,eVq3l3v6QW,FullTime,26,1.6931,0.2279,H
2024-07-17,Atlanta United,New York City FC,2,2,2024,e7MzoNVX5r,FullTime,26,2.1478,1.7722,D
2024-07-18,Minnesota United,D.C. United,2,3,2024,NWMWzAw7Ql,FullTime,26,0.7001,1.7036,A
2024-07-18,FC Dallas,Austin FC,3,1,2024,KAqBoZ3JQb,FullTime,26,1.8293,0.7579,H
2024-07-18,Nashville SC,Orlando City,0,3,2024,0x5gzYNrM7,FullTime,26,0.4743,1.3002,A
2024-07-18,Vancouver Whitecaps,Sporting Kansas City,2,1,2024,vzqozyBj5a,FullTime,26,1.3508,1.3109,H
2024-07-18,San Jose Earthquakes,Houston Dynamo,0,1,2024,gpMOlAPn5z,FullTime,26,0.6872,1.5715,A
2024-07-18,Seattle Sounders,St. Louis City SC,2,0,2024,gOMnzN3mMw,FullTime,26,1.552,0.7165,H
2024-07-18,LA Galaxy,Colorado Rapids,3,2,2024,KXMezyar56,FullTime,26,2.0834,2.4035,H
2024-07-18,LAFC,Real Salt Lake,1,1,2024,0Oq6egvX56,FullTime,26,0.7572,1.4018,D
2024-07-20,Atlanta United,Columbus Crew,2,1,2024,Oa5w6Na4M1,FullTime,27,2.1098,1.4261,H
2024-07-20,Philadelphia Union,Nashville SC,3,0,2024,Pk5LDr9m5O,FullTime,27,3.885,1.2895,H
2024-07-20,Orlando City,New York City FC,1,1,2024,KAqBoZ3BQb,FullTime,27,0.7611,0.7727,D
2024-07-20,New York Red Bulls,FC Cincinnati,3,1,2024,eVq3l3vVQW,FullTime,27,2.5181,0.5929,H
2024-07-20,New England Revolution,FC Dallas,1,1,2024,e7MzoNaG5r,FullTime,27,1.535,1.2502,D
2024-07-20,CF Montréal,Toronto FC,0,1,2024,Oa5w6NR4M1,FullTime,27,1.7468,1.0239,A
2024-07-20,Inter Miami CF,Chicago Fire,2,1,2024,jYQJyrokqG,FullTime,27,2.0821,0.8516,H
2024-07-21,Sporting Kansas City,St. Louis City SC,1,1,2024,7VqGPrvjQv,FullTime,27,2.255,1.4028,D
2024-07-21,Austin FC,Charlotte FC,2,2,2024,0x5gzY9PM7,FullTime,27,2.4055,2.4263,D
2024-07-21,Minnesota United,San Jose Earthquakes,2,0,2024,0Oq6egAx56,FullTime,27,1.153,1.4894,H
2024-07-21,Colorado Rapids,Real Salt Lake,3,2,2024,gOMnzN7lMw,FullTime,27,1.9278,0.7806,H
2024-07-21,Vancouver Whitecaps,Houston Dynamo,3,4,2024,wvq9wOABMW,FullTime,27,3.2314,1.7603,A
2024-07-21,LA Galaxy,Portland Timbers,3,2,2024,vzqozyDJ5a,FullTime,27,1.3207,1.5152,H
2024-07-21,Seattle Sounders,LAFC,0,3,2024,2lqReAxJ5r,FullTime,27,1.6006,1.8609,A
2024-08-24,D.C. United,FC Dallas,3,4,2024,0x5gzYnbM7,FullTime,28,1.7447,2.6726,A
2024-08-24,Minnesota United,Seattle Sounders,2,3,2024,a35r3xa2qL,FullTime,28,2.1294,1.2615,A
2024-08-24,New York City FC,Chicago Fire,2,2,2024,raMyn0ad5d,FullTime,28,1.0431,1.5922,D
2024-08-24,CF Montréal,New England Revolution,0,5,2024,gjMNr2xDMK,FullTime,28,0.8641,2.5312,A
2024-08-24,Inter Miami CF,FC Cincinnati,2,0,2024,Pk5LDrxY5O,FullTime,28,0.5526,1.7226,H
2024-08-24,Charlotte FC,New York Red Bulls,1,1,2024,315VzAxn59,FullTime,28,1.2052,2.4627,D
2024-08-25,Portland Timbers,St. Louis City SC,4,4,2024,9YqdzynEMv,FullTime,28,4.3011,1.6589,D
2024-08-25,Real Salt Lake,San Jose Earthquakes,0,2,2024,Vj58J6ALQ8,FullTime,28,0.7089,1.9515,A
2024-08-25,LA Galaxy,Atlanta United,2,0,2024,vzqozy2J5a,FullTime,28,3.5478,1.4249,H
2024-08-25,Sporting Kansas City,Orlando City,3,0,2024,zeQZzAErQK,FullTime,28,1.069,1.1916,H
2024-08-25,Nashville SC,Austin FC,0,2,2024,OlMlzyNDqL,FullTime,28,2.1837,1.8833,A
2024-08-25,Houston Dynamo,Toronto FC,0,1,2024,eV5D9vbnqK,FullTime,28,1.7895,0.7634,A
2024-08-28,Philadelphia Union,Columbus Crew,0,1,2024,NWMWzAxEQl,FullTime,28,1.1138,1.2252,A
2024-08-31,Toronto FC,D.C. United,1,3,2024,xW5pJN1JQg,FullTime,29,0.4837,1.6196,A
2024-08-31,Charlotte FC,Atlanta United,0,1,2024,odMXzAxxqY,FullTime,29,1.002,2.0159,A
2024-08-31,Orlando City,Nashville SC,3,0,2024,KPqjzyPYq6,FullTime,29,1.7873,1.9625,H
2024-08-31,Columbus Crew,New York City FC,4,2,2024,9z5kzyJlMA,FullTime,29,2.7593,1.4806,H
2024-08-31,FC Cincinnati,CF Montréal,4,1,2024,9vQ2rwAmQK,FullTime,29,1.7148,1.0601,H
2024-08-31,New York Red Bulls,Philadelphia Union,0,2,2024,0Oq6egzA56,FullTime,29,1.788,0.9701,A
2024-09-01,San Jose Earthquakes,Minnesota United,1,2,2024,Oa5w6N8AM1,FullTime,29,0.6516,1.9843,A
2024-09-01,LAFC,Houston Dynamo,0,2,2024,XVqK7rx0q0,FullTime,29,1.0174,1.8761,A
2024-09-01,Portland Timbers,Seattle Sounders,1,0,2024,p6qbzb6wq0,FullTime,29,1.3511,0.7413,H
2024-09-01,St. Louis City SC,LA Galaxy,2,1,2024,ljqEkvx4Mx,FullTime,29,0.7099,0.9725,H
2024-09-01,Chicago Fire,Inter Miami CF,1,4,2024,4JMAnzA15K,FullTime,29,1.5999,1.8595,A
2024-09-01,FC Dallas,Colorado Rapids,2,3,2024,4wM48BANMj,FullTime,29,2.3193,2.8596,A
2024-09-01,Real Salt Lake,New England Revolution,2,0,2024,BLMvGdaW5x,FullTime,29,1.8812,0.6215,H
2024-09-01,Austin FC,Vancouver Whitecaps,0,1,2024,kRQazAGjMK,FullTime,29,0.4869,1.0347,A
2024-09-07,New York Red Bulls,Sporting Kansas City,1,1,2024,N6MmzNyx5E,FullTime,30,1.2229,0.8572,D
2024-09-07,Columbus Crew,Seattle Sounders,0,4,2024,xW5pJNKdQg,FullTime,17,0.378,2.1288,A
2024-09-07,New England Revolution,St. Louis City SC,2,2,2024,aDQ0DZA3QE,FullTime,30,1.0611,1.4912,D
2024-09-08,Houston Dynamo,LAFC,0,0,2024,raMyn0kA5d,FullTime,24,1.0476,0.3407,D
2024-09-08,Chicago Fire,D.C. United,1,2,2024,Xj5YzAxRqb,FullTime,30,0.778,0.5373,A
2024-09-08,Vancouver Whitecaps,FC Dallas,0,0,2024,jYQJyrAkqG,FullTime,30,2.259,0.8948,D
2024-09-14,FC Cincinnati,Columbus Crew,0,0,2024,eVq3l3AVQW,FullTime,31,0.4333,1.4197,D
2024-09-14,Inter Miami CF,Philadelphia Union,3,1,2024,NWMWzAYEQl,FullTime,31,0.9383,2.5951,H
2024-09-14,Atlanta United,Nashville SC,0,2,2024,EGMP8AWxMa,FullTime,31,0.499,1.3009,A
2024-09-14,Toronto FC,Austin FC,2,1,2024,7VqGPrEjQv,FullTime,31,1.056,3.2406,H
2024-09-14,Orlando City,New England Revolution,3,0,2024,0x5gzYyPM7,FullTime,31,2.0902,1.0697,H
2024-09-14,CF Montréal,Charlotte FC,2,1,2024,0x5gzYpZM7,FullTime,31,1.5121,1.438,H
2024-09-14,D.C. United,New York City FC,1,1,2024,jYQJyrEkqG,FullTime,31,1.3556,1.3796,D
2024-09-15,Vancouver Whitecaps,San Jose Earthquakes,2,0,2024,9z5kzyrdMA,FullTime,31,2.7644,0.8891,H
2024-09-15,Seattle Sounders,Sporting Kansas City,2,0,2024,315VzAwn59,FullTime,31,2.4703,0.8239,H
2024-09-15,LA Galaxy,LAFC,4,2,2024,2lqReAEJ5r,FullTime,31,2.3062,1.6489,H
2024-09-15,Colorado Rapids,Portland Timbers,2,1,2024,Vj58J6mLQ8,FullTime,31,1.5466,1.6054,H
2024-09-15,Houston Dynamo,Real Salt Lake,4,1,2024,jYQJyrVyqG,FullTime,31,1.6112,1.0074,H
2024-09-15,Chicago Fire,New York Red Bulls,2,1,2024,0Oq6egmx56,FullTime,31,1.775,1.2945,H
2024-09-15,St. Louis City SC,Minnesota United,1,3,2024,vzqozy3J5a,FullTime,31,1.5079,1.8602,A
2024-09-18,New York City FC,Philadelphia Union,1,5,2024,gjMNr2EDMK,FullTime,32,2.4501,1.9508,A
2024-09-18,Toronto FC,Columbus Crew,0,2,2024,eV5D9vEnqK,FullTime,32,0.8491,1.0007,A
2024-09-18,New England Revolution,CF Montréal,2,2,2024,Pk5LDrEY5O,FullTime,32,1.435,0.6025,D
2024-09-18,Atlanta United,Inter Miami CF,2,2,2024,EGMP8AE6Ma,FullTime,32,1.9011,1.2245,D
2024-09-19,Seattle Sounders,San Jose Earthquakes,2,2,2024,9vQ2rwmmQK,FullTime,32,1.1257,1.3774,D
2024-09-19,LAFC,Austin FC,1,1,2024,KXMezyLP56,FullTime,32,0.8726,0.9216,D
2024-09-19,Real Salt Lake,FC Dallas,3,2,2024,9YqdzyPEMv,FullTime,32,1.5997,2.0559,H
2024-09-19,Portland Timbers,LA Galaxy,4,2,2024,7vQ7XGEGMD,FullTime,32,3.0042,2.1786,H
2024-09-19,Nashville SC,Chicago Fire,1,0,2024,OlMlzylDqL,FullTime,32,0.3936,0.5907,H
2024-09-19,Sporting Kansas City,Colorado Rapids,4,1,2024,a35r3xg2qL,FullTime,32,3.2557,0.8078,H
2024-09-19,Minnesota United,FC Cincinnati,1,2,2024,gpMOlAVn5z,FullTime,32,1.9309,0.9961,A
2024-09-19,Houston Dynamo,Vancouver Whitecaps,1,1,2024,2vQ11JmOQr,FullTime,32,1.4014,1.2857,D
2024-09-19,Orlando City,Charlotte FC,2,0,2024,7vQ7XGmGMD,FullTime,32,1.3144,0.3525,H
2024-09-21,CF Montréal,Chicago Fire,2,0,2024,KPqjzy1Yq6,FullTime,33,1.3678,1.3494,H
2024-09-21,Columbus Crew,Orlando City,4,3,2024,aDQ0DZm3QE,FullTime,33,1.5588,2.6029,H
2024-09-21,New York City FC,Inter Miami CF,1,1,2024,kRQazA9jMK,FullTime,33,1.1225,0.6324,D
2024-09-21,Charlotte FC,New England Revolution,4,0,2024,NPqxONRX59,FullTime,33,2.5761,1.6056,H
2024-09-21,New York Red Bulls,Atlanta United,2,2,2024,odMXzA32qY,FullTime,33,2.7837,1.5244,D
2024-09-22,Philadelphia Union,D.C. United,4,0,2024,N6MmzNJx5E,FullTime,33,2.4659,0.8375,H
2024-09-22,Nashville SC,FC Cincinnati,2,2,2024,XVqK7rE0q0,FullTime,33,0.8362,0.8083,D
2024-09-22,FC Dallas,LAFC,3,1,2024,4wM48BmNMj,FullTime,33,1.3463,0.9188,H
2024-09-22,Austin FC,Houston Dynamo,0,1,2024,4JMAnzE15K,FullTime,33,1.358,1.2282,A
2024-09-22,Real Salt Lake,Portland Timbers,3,3,2024,p6qbzbkwq0,FullTime,33,2.0993,0.7147,D
2024-09-22,Colorado Rapids,Toronto FC,2,0,2024,BLMvGdpO5x,FullTime,33,2.6471,1.1377,H
2024-09-22,San Jose Earthquakes,St. Louis City SC,1,2,2024,e7MzoNkG5r,FullTime,33,1.1403,1.1589,A
2024-09-22,LA Galaxy,Vancouver Whitecaps,4,2,2024,EGMP8AKjMa,FullTime,33,1.2684,1.3576,H
2024-09-22,Sporting Kansas City,Minnesota United,0,2,2024,zeQZzAgrQK,FullTime,33,2.0308,0.9813,A
2024-09-28,Inter Miami CF,Charlotte FC,1,1,2024,Oa5w6No4M1,FullTime,34,2.9951,1.3101,D
2024-09-28,FC Cincinnati,LAFC,1,2,2024,Xj5YzAWRqb,FullTime,34,1.6844,1.8669,A
2024-09-28,New York Red Bulls,New York City FC,1,5,2024,KAqBoZEBQb,FullTime,34,1.5005,2.3713,A
2024-09-28,D.C. United,Columbus Crew,2,2,2024,kRQazAaoMK,FullTime,34,2.5803,1.6908,D
2024-09-28,CF Montréal,San Jose Earthquakes,3,0,2024,eVq3l3mVQW,FullTime,34,2.3983,0.7236,H
2024-09-28,Philadelphia Union,Atlanta United,1,1,2024,NWMWzAREQl,FullTime,34,1.1557,1.9478,D
2024-09-28,New England Revolution,Nashville SC,1,0,2024,xW5pJNBJQg,FullTime,34,0.7755,0.9413,H
2024-09-29,Seattle Sounders,Houston Dynamo,1,0,2024,2lqReAGJ5r,FullTime,34,0.9238,0.442,H
2024-09-29,Vancouver Whitecaps,Portland Timbers,1,1,2024,jYQJyrlZqG,FullTime,34,0.9771,0.6434,D
2024-09-29,Minnesota United,Colorado Rapids,3,0,2024,0Oq6egBx56,FullTime,34,1.613,0.4376,H
2024-09-29,FC Dallas,Orlando City,1,3,2024,gpMOlAEr5z,FullTime,34,1.5528,1.9635,A
2024-09-29,Chicago Fire,Toronto FC,1,1,2024,7VqGPrDjQv,FullTime,34,1.0196,1.2421,D
2024-09-29,St. Louis City SC,Sporting Kansas City,3,1,2024,gpMOlABr5z,FullTime,34,1.399,1.4183,H
2024-09-29,Austin FC,Real Salt Lake,2,2,2024,0x5gzYXPM7,FullTime,34,1.3517,2.5733,D
2024-10-02,Charlotte FC,Chicago Fire,4,3,2024,eVq3l3JXQW,FullTime,35,3.1087,1.7519,H
2024-10-02,Atlanta United,CF Montréal,1,2,2024,Oa5w6NXDM1,FullTime,35,1.8505,0.9522,A
2024-10-02,New York City FC,FC Cincinnati,3,2,2024,NWMWzARDQl,FullTime,35,1.5693,1.8122,H
2024-10-02,Toronto FC,New York Red Bulls,1,4,2024,7VqGPrDzQv,FullTime,35,1.9419,2.4149,A
2024-10-02,Orlando City,Philadelphia Union,2,1,2024,0x5gzYXwM7,FullTime,35,2.302,1.7863,H
2024-10-02,Columbus Crew,Inter Miami CF,2,3,2024,KAqBoZPmQb,FullTime,35,1.896,1.0635,A
2024-10-03,LAFC,St. Louis City SC,1,0,2024,2lqReAGa5r,FullTime,35,2.5515,0.7608,H
2024-10-03,Vancouver Whitecaps,Seattle Sounders,0,3,2024,315VzAoY59,FullTime,35,1.068,2.0111,A
2024-10-03,Portland Timbers,Austin FC,0,1,2024,wvq9wOGNMW,FullTime,35,2.6803,0.3007,A
2024-10-03,San Jose Earthquakes,FC Dallas,3,2,2024,wvq9wOmBMW,FullTime,35,1.5595,1.6946,H
2024-10-03,Colorado Rapids,LA Galaxy,1,3,2024,gOMnzNXlMw,FullTime,35,0.9587,2.1234,A
2024-10-03,Real Salt Lake,Minnesota United,0,0,2024,vzqozy2N5a,FullTime,35,0.5445,0.8642,D
2024-10-03,Nashville SC,D.C. United,3,4,2024,gOMnzNX8Mw,FullTime,35,2.598,3.6209,A
2024-10-03,Houston Dynamo,New England Revolution,2,1,2024,gpMOlABD5z,FullTime,35,2.9062,2.7061,H
2024-10-05,Toronto FC,Inter Miami CF,0,1,2024,2vQ11JlbQr,FullTime,36,1.123,0.3617,A
2024-10-05,Columbus Crew,Philadelphia Union,3,2,2024,raMyn0Yl5d,FullTime,36,1.6184,0.9092,H
2024-10-05,Vancouver Whitecaps,Minnesota United,0,1,2024,odMXzA9eqY,FullTime,36,0.8795,2.7392,A
2024-10-05,FC Cincinnati,Orlando City,1,3,2024,ljqEkvE4Mx,FullTime,36,1.2995,1.6817,A
2024-10-05,Charlotte FC,CF Montréal,2,0,2024,Pk5LDrJE5O,FullTime,36,1.7755,0.5246,H
2024-10-05,Atlanta United,New York Red Bulls,2,1,2024,9z5kzyLdMA,FullTime,36,2.2857,0.7342,H
2024-10-05,New England Revolution,D.C. United,1,2,2024,7vQ7XGWOMD,FullTime,36,0.6488,0.6406,A
2024-10-06,Portland Timbers,FC Dallas,0,0,2024,9vQ2rw8LQK,FullTime,36,2.4637,1.5952,D
2024-10-06,New York City FC,Nashville SC,3,1,2024,eV5D9vN9qK,FullTime,36,1.2577,2.9711,H
2024-10-06,LA Galaxy,Austin FC,2,1,2024,9Yqdzy87Mv,FullTime,36,1.9718,1.2499,H
2024-10-06,Colorado Rapids,Seattle Sounders,0,1,2024,Vj58J6gDQ8,FullTime,36,1.1932,2.0283,A
2024-10-06,St. Louis City SC,Houston Dynamo,3,0,2024,OlMlzya4qL,FullTime,36,1.3366,1.2988,H
2024-10-06,Sporting Kansas City,LAFC,0,3,2024,a35r3xXoqL,FullTime,36,0.6004,2.0276,A
2024-10-06,San Jose Earthquakes,Real Salt Lake,0,1,2024,KXMezyYv56,FullTime,36,0.6783,0.9752,A
2024-10-12,Columbus Crew,New England Revolution,4,0,2024,gjMNr2m0MK,FullTime,16,3.5806,0.3168,H
2024-10-13,Vancouver Whitecaps,LAFC,1,2,2024,KXMezyoP56,FullTime,28,1.5647,1.0449,A
2024-10-19,Chicago Fire,Nashville SC,0,3,2024,zeQZzAyYQK,FullTime,37,1.0501,2.3979,A
2024-10-19,New York Red Bulls,Columbus Crew,2,3,2024,xW5pJNXRQg,FullTime,37,2.4676,1.7117,A
2024-10-19,Orlando City,Atlanta United,1,2,2024,kRQazA1kMK,FullTime,37,1.5577,1.7523,A
2024-10-19,Inter Miami CF,New England Revolution,6,2,2024,aDQ0DZrGQE,FullTime,37,2.8111,1.7003,H
2024-10-19,D.C. United,Charlotte FC,0,3,2024,NPqxONXW59,FullTime,37,0.7106,2.3383,A
2024-10-19,CF Montréal,New York City FC,2,0,2024,KPqjzyA2q6,FullTime,37,0.7412,1.4824,H
2024-10-19,Philadelphia Union,FC Cincinnati,1,2,2024,4JMAnzV25K,FullTime,37,0.7093,1.6852,A
2024-10-20,Austin FC,Colorado Rapids,3,2,2024,4wM48BwyMj,FullTime,37,2.0115,2.1222,H
2024-10-20,FC Dallas,Sporting Kansas City,2,1,2024,BLMvGdDl5x,FullTime,37,0.5009,1.8535,H
2024-10-20,Seattle Sounders,Portland Timbers,1,1,2024,N6MmzNRW5E,FullTime,37,0.962,1.0382,D
2024-10-20,LAFC,San Jose Earthquakes,3,1,2024,e7MzoN8J5r,FullTime,37,1.7662,1.521,H
2024-10-20,Real Salt Lake,Vancouver Whitecaps,2,1,2024,ljqEkvlVMx,FullTime,37,1.4531,1.4761,H
2024-10-20,Minnesota United,St. Louis City SC,4,1,2024,p6qbzbJXq0,FullTime,37,2.6244,0.9181,H
2024-10-20,Houston Dynamo,LA Galaxy,2,1,2024,XVqK7rBWq0,FullTime,37,1.7118,2.651,H
2024-10-22,CF Montréal,Atlanta United,2,2,2024,xW5pb31dQg,FullTime,39,1.6603,1.421,D
2024-10-24,Vancouver Whitecaps,Portland Timbers,5,0,2024,Oa5wjDa8M1,FullTime,39,2.5642,0.8161,H
2024-10-26,Inter Miami CF,Atlanta United,2,1,2024,kRQaj8GoMK,FullTime,40,3.3097,0.8523,H
2024-10-27,LA Galaxy,Colorado Rapids,5,0,2024,2lqRpXx0Mr,FullTime,40,2.8722,0.0222,H
2024-10-27,Orlando City,Charlotte FC,2,0,2024,zeQZp6E15K,FullTime,40,1.6496,0.9288,H
2024-10-28,LAFC,Vancouver Whitecaps,2,1,2024,eVq3bZAD5W,FullTime,40,1.8023,1.2683,H
2024-10-28,FC Cincinnati,New York City FC,1,0,2024,p6qbj16Bq0,FullTime,40,3.1883,0.2874,H
2024-10-29,Seattle Sounders,Houston Dynamo,0,0,2024,0x5gjb9ZM7,FullTime,40,1.0516,0.6127,D
2024-10-29,Columbus Crew,New York Red Bulls,0,1,2024,N6MmbayZ5E,FullTime,40,1.044,1.233,A
2024-10-30,Real Salt Lake,Minnesota United,0,0,2024,gpMOpXYE5z,FullTime,40,1.7607,1.1501,D
2024-11-01,Charlotte FC,Orlando City,0,0,2024,BLMvjOaOMx,FullTime,41,1.2474,0.3899,D
2024-11-02,Colorado Rapids,LA Galaxy,1,4,2024,jYQJmXAyqG,FullTime,41,0.4613,1.4398,A
2024-11-02,New York City FC,FC Cincinnati,3,1,2024,ljqEmaxzqx,FullTime,41,2.7007,1.3857,H
2024-11-02,Atlanta United,Inter Miami CF,2,1,2024,4JMAbZAk5K,FullTime,41,1.286,0.8984,H
2024-11-03,Houston Dynamo,Seattle Sounders,1,1,2024,7VqGb1v65v,FullTime,41,2.01,0.9986,D
2024-11-03,Minnesota United,Real Salt Lake,1,1,2024,gOMnAJ7XQw,FullTime,41,1.6874,1.1826,D
2024-11-03,New York Red Bulls,Columbus Crew,2,2,2024,Xj5YpYxAMb,FullTime,41,1.8417,2.0346,D
2024-11-04,Vancouver Whitecaps,LAFC,3,0,2024,KAqBbzA4qb,FullTime,41,1.61,1.4041,H
2024-11-09,LAFC,Vancouver Whitecaps,1,0,2024,NWMWpWxK5l,FullTime,42,1.1671,1.1661,H
2024-11-09,FC Cincinnati,New York City FC,0,0,2024,e7Mzj7a6Mr,FullTime,42,1.7993,0.2593,D
2024-11-09,Orlando City,Charlotte FC,1,1,2024,XVqKzvxO50,FullTime,42,2.9437,0.7338,D
2024-11-10,Inter Miami CF,Atlanta United,2,3,2024,4wM4brApqj,FullTime,42,3.8219,1.5714,A
2024-11-23,New York City FC,New York Red Bulls,0,2,2024,e7MzjR6eMr,FullTime,43,2.7636,1.0288,A
2024-11-24,LAFC,Seattle Sounders,1,2,2024,N6MmbL6P5E,FullTime,43,2.1146,1.3662,A
2024-11-24,Orlando City,Atlanta United,1,0,2024,Xj5Yp3JaMb,FullTime,43,1.1279,0.3042,H
2024-11-24,LA Galaxy,Minnesota United,6,2,2024,jYQJm6RVqG,FullTime,43,3.8935,1.974,H
2024-12-01,Orlando City,New York Red Bulls,0,1,2024,BLMvjL4RMx,FullTime,44,0.9085,0.7685,A
2024-12-01,LA Galaxy,Seattle Sounders,1,0,2024,XVqKzOnR50,FullTime,44,1.1929,0.3573,H
2024-12-07,LA Galaxy,New York Red Bulls,2,1,2024,0x5gj04rM7,FullTime,45,2.0013,0.9453,H
2025-02-22,LAFC,Minnesota United,1,0,2025,7vQ7bgJYqD,FullTime,1,1.4976,0.927,H
2025-02-23,Austin FC,Sporting Kansas City,1,0,2025,a35rjbrB5L,FullTime,1,1.3859,0.5773,H
2025-02-23,Portland Timbers,Vancouver Whitecaps,1,4,2025,NPqxjpngM9,FullTime,1,0.7249,3.0197,A
2025-02-23,Seattle Sounders,Charlotte FC,2,2,2025,KPqjjZ6yq6,FullTime,1,1.9981,0.7201,D
2025-02-23,San Jose Earthquakes,Real Salt Lake,4,0,2025,aDQ0bpLp5E,FullTime,1,1.9331,2.069,H
2025-02-23,Houston Dynamo,FC Dallas,1,2,2025,KXMeZ2Rx56,FullTime,1,1.2163,1.3421,A
2025-02-23,Nashville SC,New England Revolution,0,0,2025,odMXpbP2MY,FullTime,1,1.3716,0.5151,D
2025-02-23,Orlando City,Philadelphia Union,2,4,2025,9vQ2bJ91QK,FullTime,1,2.6186,1.6702,A
2025-02-23,Atlanta United,CF Montréal,3,2,2025,2vQ1bpj4Mr,FullTime,1,1.6927,2.1456,H
2025-02-23,D.C. United,Toronto FC,2,2,2025,9YqdjNY9Mv,FullTime,1,0.6361,2.0267,D
2025-02-23,FC Cincinnati,New York Red Bulls,1,0,2025,OlMljZngqL,FullTime,1,1.6251,1.3588,H
2025-02-23,Columbus Crew,Chicago Fire,4,2,2025,Vj58bGw3Q8,FullTime,1,2.3104,1.8359,H
2025-02-23,Inter Miami CF,New York City FC,2,2,2025,eV5DpPaa5K,FullTime,1,2.331,0.8111,D
2025-02-23,St. Louis City SC,Colorado Rapids,0,0,2025,xW5pbZdlQg,FullTime,1,2.0975,0.4136,D
2025-02-24,LA Galaxy,San Diego FC,0,2,2025,kRQajDegMK,FullTime,1,0.8826,1.5945,A
2025-03-01,Charlotte FC,Atlanta United,2,0,2025,4JMAbPL65K,FullTime,2,1.7857,1.2965,H
2025-03-01,Real Salt Lake,Seattle Sounders,2,0,2025,4wM4b3Zzqj,FullTime,2,1.5752,0.5216,H
2025-03-02,LAFC,New York City FC,1,0,2025,p6qbjAR6q0,FullTime,2,0.8767,0.4594,H
2025-03-02,Vancouver Whitecaps,LA Galaxy,2,1,2025,KAqBbdeJqb,FullTime,2,1.9181,0.3365,H
2025-03-02,Portland Timbers,Austin FC,1,0,2025,Oa5wjZnjM1,FullTime,2,0.7194,0.8696,H
2025-03-02,San Diego FC,St. Louis City SC,0,0,2025,eVq3bw265W,FullTime,2,1.3006,0.099,D
2025-03-02,Colorado Rapids,FC Dallas,3,3,2025,BLMvjZkRMx,FullTime,2,2.3704,2.0223,D
2025-03-02,New York Red Bulls,Nashville SC,2,0,2025,N6MmbZKR5E,FullTime,2,1.6416,1.0121,H
2025-03-02,Minnesota United,CF Montréal,1,0,2025,ljqEmPVEqx,FullTime,2,1.9398,0.1487,H
2025-03-02,Chicago Fire,D.C. United,2,2,2025,zeQZpbjK5K,FullTime,2,2.4018,3.5494,D
2025-03-02,Orlando City,Toronto FC,4,2,2025,Xj5YpbL0Mb,FullTime,2,1.2248,0.2585,H
2025-03-02,New England Revolution,Columbus Crew,0,1,2025,e7MzjDAXMr,FullTime,2,0.4771,0.6888,A
2025-03-02,Philadelphia Union,FC Cincinnati,4,1,2025,jYQJmNByqG,FullTime,2,2.4538,1.0561,H
2025-03-02,Sporting Kansas City,San Jose Earthquakes,1,2,2025,XVqKzDGR50,FullTime,2,1.5591,1.3529,A
2025-03-03,Houston Dynamo,Inter Miami CF,1,4,2025,NWMWpbL75l,FullTime,2,0.3978,1.5893,A
2025-03-08,Columbus Crew,Houston Dynamo,0,0,2025,0x5gj16rM7,FullTime,3,0.7087,0.3973,D
2025-03-08,Seattle Sounders,LAFC,5,2,2025,7VqGbzJe5v,FullTime,3,1.6183,1.5176,H
2025-03-09,LA Galaxy,St. Louis City SC,0,3,2025,wvq9b63ZQW,FullTime,3,1.9344,2.0064,A
2025-03-09,Inter Miami CF,Charlotte FC,1,0,2025,9z5kjZOlMA,FullTime,3,0.3742,1.0119,H
2025-03-09,San Jose Earthquakes,Minnesota United,0,1,2025,raMyjdrA5d,FullTime,3,1.3843,2.0203,A
2025-03-09,Vancouver Whitecaps,CF Montréal,2,0,2025,7vQ7bgBYqD,FullTime,3,1.3758,1.2006,H
2025-03-09,Real Salt Lake,San Diego FC,1,3,2025,gjMNpbjvqK,FullTime,3,2.0494,2.3344,A
2025-03-09,FC Dallas,Chicago Fire,1,3,2025,2lqRpzPWMr,FullTime,3,2.366,1.6538,A
2025-03-09,Austin FC,Colorado Rapids,0,1,2025,gpMOpbrn5z,FullTime,3,2.0564,0.7821,A
2025-03-09,Atlanta United,New York Red Bulls,0,0,2025,0Oq6bWEXq6,FullTime,3,1.0807,0.599,D
2025-03-09,New England Revolution,Philadelphia Union,0,2,2025,EGMPab1j5a,FullTime,3,0.4545,1.7695,A
2025-03-09,New York City FC,Orlando City,2,1,2025,Pk5Lp8em5O,FullTime,3,2.4851,1.8814,H
2025-03-09,FC Cincinnati,Toronto FC,2,0,2025,gOMnAZ2mQw,FullTime,3,1.7669,0.2153,H
2025-03-09,D.C. United,Sporting Kansas City,2,1,2025,vzqoKZGjqa,FullTime,3,1.6285,0.6147,H
2025-03-09,Nashville SC,Portland Timbers,2,0,2025,315Vpbk6Q9,FullTime,3,3.4034,0.5562,H
2025-03-15,New York Red Bulls,Orlando City,2,2,2025,OlMljZegqL,FullTime,4,2.5791,2.1508,D
2025-03-15,Toronto FC,Chicago Fire,1,2,2025,9YqdjNo9Mv,FullTime,4,0.4648,1.636,A
2025-03-15,LAFC,Austin FC,0,1,2025,a35rjbyB5L,FullTime,4,0.9554,0.486,A
2025-03-15,Charlotte FC,FC Cincinnati,2,0,2025,eV5DpPza5K,FullTime,4,1.5054,1.326,H
2025-03-15,New York City FC,New England Revolution,2,1,2025,Vj58bGW3Q8,FullTime,4,1.2638,0.5392,H
2025-03-15,D.C. United,CF Montréal,0,0,2025,2vQ1bp44Mr,FullTime,4,2.0307,0.9803,D
2025-03-16,Atlanta United,Inter Miami CF,1,2,2025,KXMeZ28x56,FullTime,4,1.1989,1.7131,A
2025-03-16,Portland Timbers,LA Galaxy,1,1,2025,KPqjjZKyq6,FullTime,4,0.9982,1.2511,D
2025-03-16,Philadelphia Union,Nashville SC,1,3,2025,aDQ0bpNp5E,FullTime,4,2.8044,2.2801,A
2025-03-16,San Jose Earthquakes,Colorado Rapids,1,2,2025,kRQajDogMK,FullTime,4,2.8383,1.2979,A
2025-03-16,St. Louis City SC,Seattle Sounders,1,0,2025,4JMAbPo65K,FullTime,4,1.1883,1.0245,H
2025-03-16,Sporting Kansas City,Minnesota United,3,3,2025,NPqxjpxgM9,FullTime,4,0.4362,2.1466,D
2025-03-16,San Diego FC,Columbus Crew,1,1,2025,xW5pbZylQg,FullTime,4,2.4802,0.9775,D
2025-03-16,Houston Dynamo,Real Salt Lake,1,2,2025,9vQ2bJZ1QK,FullTime,4,2.5406,0.8284,A
2025-03-16,FC Dallas,Vancouver Whitecaps,0,1,2025,odMXpb72MY,FullTime,4,0.4392,0.9618,A
2025-03-22,Minnesota United,LA Galaxy,2,2,2025,XVqKzDeR50,FullTime,5,2.6166,1.4154,D
2025-03-22,New York Red Bulls,Toronto FC,2,1,2025,p6qbjAo6q0,FullTime,5,1.6344,0.4215,H
2025-03-22,Orlando City,D.C. United,4,1,2025,ljqEmPLEqx,FullTime,5,2.497,1.1561,H
2025-03-22,Philadelphia Union,St. Louis City SC,1,0,2025,e7MzjDJXMr,FullTime,5,1.705,0.1293,H
2025-03-22,Columbus Crew,New York City FC,0,0,2025,BLMvjZ7RMx,FullTime,5,1.7429,0.3167,D
2025-03-22,Charlotte FC,San Jose Earthquakes,4,1,2025,4wM4b3Jzqj,FullTime,5,2.3576,3.0397,H
2025-03-22,FC Cincinnati,Atlanta United,2,2,2025,zeQZpbXK5K,FullTime,5,0.9818,1.9189,D
2025-03-23,Sporting Kansas City,LAFC,0,2,2025,jYQJmNayqG,FullTime,5,1.0335,1.1698,A
2025-03-23,Nashville SC,CF Montréal,3,0,2025,Oa5wjZAjM1,FullTime,5,2.1549,0.6451,H
2025-03-23,Real Salt Lake,FC Dallas,0,1,2025,eVq3bwx65W,FullTime,5,0.9904,2.7533,A
2025-03-23,Colorado Rapids,Portland Timbers,0,3,2025,Xj5Ypb90Mb,FullTime,5,1.0594,1.5815,A
2025-03-23,Vancouver Whitecaps,Chicago Fire,1,3,2025,NWMWpbl75l,FullTime,5,1.3913,2.0471,A
2025-03-23,Seattle Sounders,Houston Dynamo,0,0,2025,KAqBbdNJqb,FullTime,5,0.6325,0.4374,D
2025-03-23,Austin FC,San Diego FC,2,1,2025,N6MmbZoR5E,FullTime,5,2.2359,1.2368,H
2025-03-29,D.C. United,Columbus Crew,1,2,2025,0Oq6bW3Xq6,FullTime,6,1.1204,1.295,A
2025-03-29,Atlanta United,New York City FC,4,3,2025,0x5gj1LrM7,FullTime,6,1.6142,1.888,H
2025-03-29,Colorado Rapids,Charlotte FC,2,0,2025,7VqGbz0e5v,FullTime,6,2.833,0.7963,H
2025-03-29,New England Revolution,New York Red Bulls,2,1,2025,gOMnAZlmQw,FullTime,6,2.0074,1.5338,H
2025-03-29,Toronto FC,Vancouver Whitecaps,0,0,2025,vzqoKZdjqa,FullTime,6,0.9176,1.2803,D
2025-03-29,Inter Miami CF,Philadelphia Union,2,1,2025,gpMOpbon5z,FullTime,6,1.8425,1.8445,H
2025-03-30,FC Dallas,Sporting Kansas City,2,1,2025,jYQJmNakqG,FullTime,6,1.2245,1.1791,H
2025-03-30,Minnesota United,Real Salt Lake,2,0,2025,eVq3bwxV5W,FullTime,6,2.7857,1.647,H
2025-03-30,Nashville SC,FC Cincinnati,1,2,2025,KAqBbdNBqb,FullTime,6,2.552,2.2867,A
2025-03-30,Chicago Fire,CF Montréal,1,1,2025,2lqRpzjWMr,FullTime,6,0.7794,1.4002,D
2025-03-30,LA Galaxy,Orlando City,1,2,2025,Oa5wjZA4M1,FullTime,6,0.8656,1.8508,A
2025-03-30,San Diego FC,LAFC,3,2,2025,NWMWpboE5l,FullTime,6,2.6083,2.026,H
2025-03-30,San Jose Earthquakes,Seattle Sounders,1,1,2025,0x5gj1WPM7,FullTime,6,0.7103,2.7464,D
2025-03-30,St. Louis City SC,Austin FC,0,1,2025,7VqGbz3j5v,FullTime,6,1.504,0.8625,A
2025-03-30,Portland Timbers,Houston Dynamo,3,1,2025,0Oq6bWLxq6,FullTime,6,2.6383,0.673,H
2025-04-05,Columbus Crew,CF Montréal,2,1,2025,9z5kjZ3dMA,FullTime,7,1.4768,0.3542,H
2025-04-05,Austin FC,Portland Timbers,0,0,2025,2lqRpz7JMr,FullTime,7,0.6245,0.5696,D
2025-04-05,New York Red Bulls,Chicago Fire,2,1,2025,Pk5Lp86Y5O,FullTime,7,1.459,2.3402,H
2025-04-05,FC Cincinnati,New England Revolution,1,0,2025,wvq9b6XBQW,FullTime,7,2.4236,0.7289,H
2025-04-05,Atlanta United,FC Dallas,1,1,2025,vzqoKZJJqa,FullTime,7,1.9363,0.887,D
2025-04-05,Charlotte FC,Nashville SC,2,1,2025,gpMOpber5z,FullTime,7,1.698,1.5198,H
2025-04-05,Real Salt Lake,LA Galaxy,2,0,2025,gOMnAZYlQw,FullTime,7,1.1961,0.3251,H
2025-04-05,Philadelphia Union,Orlando City,0,0,2025,raMyjded5d,FullTime,7,1.3811,0.6038,D
2025-04-06,Sporting Kansas City,St. Louis City SC,2,0,2025,EGMPabR65a,FullTime,7,1.4071,1.1714,H
2025-04-06,Houston Dynamo,LAFC,1,0,2025,315Vpb7nQ9,FullTime,7,0.807,0.7313,H
2025-04-06,Vancouver Whitecaps,Colorado Rapids,2,0,2025,eV5DpPkn5K,FullTime,7,2.7883,0.3594,H
2025-04-06,San Diego FC,Seattle Sounders,3,0,2025,7vQ7bgxGqD,FullTime,7,1.6707,1.2315,H
2025-04-06,New York City FC,Minnesota United,1,2,2025,gjMNpb6DqK,FullTime,7,3.121,2.3464,A
2025-04-06,San Jose Earthquakes,D.C. United,6,1,2025,a35rjbB25L,FullTime,7,3.6817,1.8119,H
2025-04-06,Inter Miami CF,Toronto FC,1,1,2025,2vQ1bpdOMr,FullTime,7,2.8052,1.6751,D
2025-04-12,New York City FC,Philadelphia Union,1,0,2025,4wM4b3ENqj,FullTime,8,0.9664,1.6689,H
2025-04-12,D.C. United,FC Cincinnati,0,1,2025,9vQ2bJ4mQK,FullTime,8,1.1585,0.9499,A
2025-04-12,CF Montréal,Charlotte FC,0,1,2025,kRQajDWjMK,FullTime,8,2.0694,0.6767,A
2025-04-12,Orlando City,New York Red Bulls,0,0,2025,Vj58bGlLQ8,FullTime,8,1.4582,0.8786,D
2025-04-12,Atlanta United,New England Revolution,0,1,2025,OlMljZBDqL,FullTime,8,2.7277,1.6111,A
2025-04-12,Toronto FC,Minnesota United,0,0,2025,9YqdjNwEMv,FullTime,8,0.4976,0.6346,D
2025-04-12,Vancouver Whitecaps,Austin FC,5,1,2025,zeQZpber5K,FullTime,8,4.4667,0.8313,H
2025-04-13,FC Dallas,Seattle Sounders,0,1,2025,NPqxjpAXM9,FullTime,8,0.6347,1.162,A
2025-04-13,Nashville SC,Real Salt Lake,2,1,2025,4JMAbPk15K,FullTime,8,3.645,1.1115,H
2025-04-13,Colorado Rapids,San Diego FC,3,2,2025,odMXpbExMY,FullTime,8,3.9403,1.2721,H
2025-04-13,LAFC,San Jose Earthquakes,2,1,2025,xW5pbZwJQg,FullTime,8,1.1219,1.9974,H
2025-04-13,LA Galaxy,Houston Dynamo,1,1,2025,KPqjjZwYq6,FullTime,8,0.3296,1.7659,D
2025-04-13,Sporting Kansas City,Portland Timbers,2,4,2025,aDQ0bpl35E,FullTime,8,2.2786,1.2434,A
2025-04-13,Chicago Fire,Inter Miami CF,0,0,2025,KXMeZ23P56,FullTime,8,1.711,1.0618,D
2025-04-13,St. Louis City SC,Columbus Crew,1,2,2025,BLMvjZ6WMx,FullTime,8,1.9339,1.8191,A
2025-04-19,New England Revolution,New York City FC,2,0,2025,Oa5wjZd4M1,FullTime,9,1.7288,1.0838,H
2025-04-19,Philadelphia Union,Atlanta United,3,0,2025,KAqBbdkBqb,FullTime,9,1.513,0.7613,H
2025-04-19,New York Red Bulls,D.C. United,1,2,2025,eVq3bwyV5W,FullTime,9,1.0129,1.1562,A
2025-04-19,Seattle Sounders,Nashville SC,3,0,2025,0Oq6bW2xq6,FullTime,9,2.1131,1.08,H
2025-04-19,Charlotte FC,San Diego FC,3,0,2025,ljqEmPJ4qx,FullTime,9,3.5222,0.5333,H
2025-04-19,Columbus Crew,Inter Miami CF,0,1,2025,p6qbjAgwq0,FullTime,9,3.002,0.5898,A
2025-04-19,CF Montréal,Orlando City,0,0,2025,jYQJmNgkqG,FullTime,9,0.7562,0.6515,D
2025-04-19,Austin FC,LA Galaxy,1,0,2025,XVqKzD2050,FullTime,9,3.1075,0.9138,H
2025-04-20,San Jose Earthquakes,Sporting Kansas City,3,5,2025,7VqGbzLj5v,FullTime,9,4.6352,1.2331,A
2025-04-20,Portland Timbers,LAFC,3,3,2025,NWMWpbgE5l,FullTime,9,2.3996,3.1709,D
2025-04-20,Real Salt Lake,Toronto FC,0,1,2025,0x5gj1JPM7,FullTime,9,1.0123,0.1679,A
2025-04-20,St. Louis City SC,Vancouver Whitecaps,0,0,2025,gpMOpbLr5z,FullTime,9,1.3322,1.7717,D
2025-04-20,Minnesota United,FC Dallas,0,0,2025,Xj5Ypb4RMb,FullTime,9,1.0987,0.7986,D
2025-04-20,Chicago Fire,FC Cincinnati,2,3,2025,e7MzjDZGMr,FullTime,9,2.6023,1.2056,A
2025-04-20,Houston Dynamo,Colorado Rapids,2,2,2025,N6MmbZWx5E,FullTime,9,1.4125,2.9657,D
2025-04-26,Toronto FC,New York City FC,0,1,2025,wvq9b6jBQW,FullTime,10,1.7356,1.4038,A
2025-04-26,FC Cincinnati,Sporting Kansas City,2,1,2025,gOMnAZalQw,FullTime,10,0.8883,0.7618,H
2025-04-26,New York Red Bulls,CF Montréal,1,0,2025,vzqoKZOJqa,FullTime,10,1.6608,0.6936,H
2025-04-26,Philadelphia Union,D.C. United,3,0,2025,2lqRpzJJMr,FullTime,10,1.5323,1.1186,H
2025-04-26,Orlando City,Atlanta United,3,0,2025,2vQ1bpROMr,FullTime,10,2.5732,0.6778,H
2025-04-26,San Diego FC,Real Salt Lake,1,3,2025,a35rjbR25L,FullTime,10,2.0189,1.4395,A
2025-04-26,Columbus Crew,San Jose Earthquakes,2,1,2025,EGMPabr65a,FullTime,10,1.6308,2.2987,H
2025-04-26,Charlotte FC,New England Revolution,0,1,2025,9z5kjZWdMA,FullTime,10,2.535,0.4335,A
2025-04-27,LAFC,St. Louis City SC,2,2,2025,OlMljZgDqL,FullTime,10,4.1024,1.6715,D
2025-04-27,Inter Miami CF,FC Dallas,3,4,2025,raMyjdod5d,FullTime,10,2.0816,2.8233,A
2025-04-27,Minnesota United,Vancouver Whitecaps,1,3,2025,7vQ7bgeGqD,FullTime,10,1.5931,1.5924,A
2025-04-27,Colorado Rapids,Seattle Sounders,1,1,2025,315VpbWnQ9,FullTime,10,1.7505,1.7653,D
2025-04-27,Houston Dynamo,Austin FC,2,0,2025,Pk5Lp8zY5O,FullTime,10,0.7902,0.8079,H
2025-04-27,Nashville SC,Chicago Fire,7,2,2025,eV5DpP2n5K,FullTime,10,4.5925,0.5535,H
2025-04-28,LA Galaxy,Portland Timbers,2,4,2025,gjMNpb7DqK,FullTime,10,2.3734,2.1843,A
2025-05-03,Atlanta United,Nashville SC,1,1,2025,Vj58bGaLQ8,FullTime,11,0.8665,1.5752,D
2025-05-03,Toronto FC,New England Revolution,0,2,2025,9YqdjNWEMv,FullTime,11,1.2015,2.4831,A
2025-05-03,CF Montréal,Philadelphia Union,1,2,2025,xW5pbZ7JQg,FullTime,11,1.1686,0.9173,A
2025-05-03,D.C. United,Colorado Rapids,2,1,2025,NPqxjpoXM9,FullTime,11,1.3523,1.4867,H
2025-05-03,Inter Miami CF,New York Red Bulls,4,1,2025,KPqjjZBYq6,FullTime,11,2.5122,0.6399,H
2025-05-03,Columbus Crew,Charlotte FC,4,2,2025,9vQ2bJNmQK,FullTime,11,2.63,1.8181,H
2025-05-04,New York City FC,FC Cincinnati,1,0,2025,kRQajDwjMK,FullTime,11,2.7001,0.9796,H
2025-05-04,San Jose Earthquakes,Portland Timbers,4,1,2025,4wM4b3pNqj,FullTime,11,2.4361,1.9361,H
2025-05-04,LAFC,Houston Dynamo,2,0,2025,aDQ0bpx35E,FullTime,11,2.3564,0.2265,H
2025-05-04,Sporting Kansas City,LA Galaxy,1,0,2025,XVqKzDL050,FullTime,11,0.0,1.6133,H
2025-05-04,Vancouver Whitecaps,Real Salt Lake,2,1,2025,BLMvjZrWMx,FullTime,11,2.9181,1.4609,H
2025-05-04,Chicago Fire,Orlando City,0,0,2025,odMXpbGxMY,FullTime,11,1.9673,2.2348,D
2025-05-04,Seattle Sounders,St. Louis City SC,4,1,2025,zeQZpbkr5K,FullTime,11,4.0973,1.0051,H
2025-05-04,San Diego FC,FC Dallas,5,0,2025,4JMAbP815K,FullTime,11,2.2077,0.5178,H
2025-05-04,Austin FC,Minnesota United,0,3,2025,KXMeZ2gP56,FullTime,11,1.4834,0.9176,A
2025-05-10,Chicago Fire,Atlanta United,2,1,2025,p6qbjA3wq0,FullTime,12,2.5521,1.5582,H
2025-05-10,Minnesota United,Inter Miami CF,4,1,2025,ljqEmP94qx,FullTime,12,1.2484,0.4879,H
2025-05-10,Toronto FC,D.C. United,2,0,2025,e7MzjD0GMr,FullTime,12,1.8184,1.195,H
2025-05-10,New York City FC,CF Montréal,0,1,2025,NWMWpbjE5l,FullTime,12,0.9639,1.9261,A
2025-05-10,FC Cincinnati,Austin FC,2,1,2025,N6MmbZGx5E,FullTime,12,1.2889,1.7473,H
2025-05-10,New York Red Bulls,LA Galaxy,7,0,2025,KAqBbdvBqb,FullTime,12,3.5859,1.7337,H
2025-05-10,Philadelphia Union,Columbus Crew,2,2,2025,7VqGbzZj5v,FullTime,12,2.3212,0.8153,D
2025-05-10,Orlando City,New England Revolution,3,3,2025,0x5gj1kPM7,FullTime,12,3.7416,2.0398,D
2025-05-11,Colorado Rapids,San Jose Earthquakes,0,2,2025,Xj5YpbyRMb,FullTime,12,0.9515,1.0944,A
2025-05-11,Houston Dynamo,Seattle Sounders,1,3,2025,Oa5wjZ04M1,FullTime,12,0.9758,1.5023,A
2025-05-11,Vancouver Whitecaps,LAFC,2,2,2025,gOMnAZdlQw,FullTime,12,1.2214,2.143,D
2025-05-11,St. Louis City SC,San Diego FC,1,2,2025,gpMOpb1r5z,FullTime,12,1.696,0.9507,A
2025-05-11,Nashville SC,Charlotte FC,2,1,2025,eVq3bwrV5W,FullTime,12,0.6916,1.5841,H
2025-05-11,Portland Timbers,Sporting Kansas City,1,0,2025,0Oq6bWJxq6,FullTime,12,1.0174,1.2524,H
2025-05-11,FC Dallas,Real Salt Lake,1,1,2025,jYQJmNYkqG,FullTime,12,1.1818,0.4712,D
2025-05-14,Toronto FC,FC Cincinnati,0,1,2025,vzqoKZeNqa,FullTime,13,0.5272,1.6063,A
2025-05-14,CF Montréal,Columbus Crew,1,1,2025,eVq3bweX5W,FullTime,13,0.3227,1.4041,D
2025-05-14,Orlando City,Charlotte FC,3,1,2025,NWMWpbjD5l,FullTime,13,1.3116,1.4217,H
2025-05-14,D.C. United,New York City FC,0,0,2025,2lqRpzlJMr,FullTime,13,0.8811,1.9274,D
2025-05-14,Philadelphia Union,LA Galaxy,3,2,2025,0x5gj1kwM7,FullTime,13,1.6038,0.6219,H
2025-05-15,Houston Dynamo,Minnesota United,2,0,2025,jYQJmNZZqG,FullTime,13,1.4393,0.6203,H
2025-05-15,St. Louis City SC,Sporting Kansas City,2,2,2025,gOMnAZd8Qw,FullTime,13,1.2129,1.9174,D
2025-05-15,Austin FC,Atlanta United,1,1,2025,vzqoKZeJqa,FullTime,13,1.3496,1.364,D
2025-05-15,Real Salt Lake,Portland Timbers,0,0,2025,7VqGbzZz5v,FullTime,13,0.5896,1.0669,D
2025-05-15,San Jose Earthquakes,Inter Miami CF,3,3,2025,gpMOpb1D5z,FullTime,13,1.7388,2.2511,D
2025-05-15,LAFC,Seattle Sounders,4,0,2025,Oa5wjZKDM1,FullTime,13,2.4679,0.4353,H
2025-05-15,San Diego FC,Colorado Rapids,2,0,2025,0Oq6bWJgq6,FullTime,13,2.9389,1.5439,H
2025-05-15,Nashville SC,New York Red Bulls,2,1,2025,KAqBbdRmqb,FullTime,13,1.939,0.5726,H
2025-05-17,Atlanta United,Philadelphia Union,0,1,2025,9z5kjZNJMA,FullTime,14,1.3385,1.8719,A
2025-05-17,New England Revolution,San Jose Earthquakes,0,0,2025,2vQ1bpebMr,FullTime,14,0.3535,1.1041,D
2025-05-17,Charlotte FC,Chicago Fire,1,4,2025,EGMPabYx5a,FullTime,14,1.2918,4.3011,A
2025-05-17,New York City FC,New York Red Bulls,2,0,2025,wvq9b6BNQW,FullTime,14,2.1445,0.5458,H
2025-05-17,Columbus Crew,FC Cincinnati,1,1,2025,gjMNpbP3qK,FullTime,14,3.3942,1.3394,D
2025-05-17,CF Montréal,Toronto FC,1,6,2025,2lqRpzlaMr,FullTime,14,1.7716,2.5328,A
2025-05-18,Nashville SC,D.C. United,0,0,2025,eV5DpPR95K,FullTime,14,0.395,0.3014,D
2025-05-18,Minnesota United,St. Louis City SC,3,0,2025,7vQ7bgwOqD,FullTime,14,2.1867,0.5755,H
2025-05-18,Austin FC,Vancouver Whitecaps,0,0,2025,315Vpb1YQ9,FullTime,14,1.2331,0.4532,D
2025-05-18,FC Dallas,Houston Dynamo,0,2,2025,raMyjdKl5d,FullTime,14,0.6542,0.6564,A
2025-05-18,Portland Timbers,Seattle Sounders,1,1,2025,a35rjbno5L,FullTime,14,0.2798,1.0733,D
2025-05-18,Colorado Rapids,Real Salt Lake,1,0,2025,Pk5Lp8ZE5O,FullTime,14,1.043,0.7762,H
2025-05-18,San Diego FC,Sporting Kansas City,0,0,2025,OlMljZk4qL,FullTime,14,1.3738,0.0713,D
2025-05-18,Inter Miami CF,Orlando City,0,3,2025,9YqdjNd7Mv,FullTime,14,1.3384,3.3074,A
2025-05-19,LA Galaxy,LAFC,2,2,2025,Vj58bG3DQ8,FullTime,14,1.4779,1.0858,D
2025-05-24,Orlando City,Portland Timbers,1,0,2025,4wM4b3eyqj,FullTime,15,1.7151,0.2184,H
2025-05-24,Charlotte FC,Columbus Crew,3,2,2025,9vQ2bJeLQK,FullTime,15,3.1945,1.3359,H
2025-05-24,D.C. United,New York Red Bulls,0,2,2025,aDQ0bpeG5E,FullTime,15,0.6942,1.3007,A
2025-05-24,CF Montréal,LAFC,2,2,2025,kRQajDPkMK,FullTime,15,1.7959,2.2674,D
2025-05-24,Toronto FC,Nashville SC,1,2,2025,p6qbjA1Xq0,FullTime,15,0.5243,2.3143,A
2025-05-24,Philadelphia Union,Inter Miami CF,3,3,2025,zeQZpb6Y5K,FullTime,15,2.0362,1.4484,D
2025-05-24,San Diego FC,LA Galaxy,2,1,2025,KXMeZ2Kv56,FullTime,15,2.1838,1.0456,H
2025-05-24,Seattle Sounders,FC Dallas,1,0,2025,odMXpb1eMY,FullTime,15,2.502,1.2425,H
2025-05-25,Minnesota United,Austin FC,1,1,2025,xW5pbZYRQg,FullTime,15,1.6991,0.7647,D
2025-05-25,Sporting Kansas City,New England Revolution,3,3,2025,KPqjjZk2q6,FullTime,15,2.0207,2.0582,D
2025-05-25,Colorado Rapids,St. Louis City SC,1,0,2025,NPqxjpKWM9,FullTime,15,1.0907,1.4273,H
2025-05-25,Real Salt Lake,Vancouver Whitecaps,2,3,2025,BLMvjZOlMx,FullTime,15,1.4853,2.9728,A
2025-05-25,San Jose Earthquakes,Houston Dynamo,3,3,2025,XVqKzDvW50,FullTime,15,2.227,1.2499,D
2025-05-25,New York City FC,Chicago Fire,3,1,2025,4JMAbPR25K,FullTime,15,3.72,0.2992,H
2025-05-25,Atlanta United,FC Cincinnati,4,2,2025,ljqEmPaVqx,FullTime,15,3.674,1.7165,H
2025-05-28,New York City FC,Houston Dynamo,0,3,2025,7VqGbz1z5v,FullTime,16,0.5875,2.2545,A
2025-05-28,Inter Miami CF,CF Montréal,4,2,2025,NWMWpbWD5l,FullTime,16,2.8386,1.6209,H
2025-05-28,New York Red Bulls,Charlotte FC,4,2,2025,0x5gj1bwM7,FullTime,16,2.2065,2.0173,H
2025-05-28,FC Cincinnati,FC Dallas,3,3,2025,Xj5YpbYyMb,FullTime,16,2.9678,1.3944,D
2025-05-28,Atlanta United,Orlando City,3,2,2025,e7MzjD7JMr,FullTime,16,2.0195,1.0452,H
2025-05-28,D.C. United,New England Revolution,1,1,2025,Oa5wjZDDM1,FullTime,16,1.4633,0.9283,D
2025-05-28,Toronto FC,Philadelphia Union,1,2,2025,gOMnAZJ8Qw,FullTime,16,0.9697,1.0213,A
2025-05-29,Portland Timbers,Colorado Rapids,2,1,2025,0Oq6bWYgq6,FullTime,16,3.7481,1.4395,H
2025-05-29,Vancouver Whitecaps,Minnesota United,0,0,2025,vzqoKZwNqa,FullTime,16,1.6401,0.1914,D
2025-05-29,Columbus Crew,Nashville SC,2,2,2025,jYQJmNXZqG,FullTime,16,2.084,2.4926,D
2025-05-29,Austin FC,Real Salt Lake,1,1,2025,N6MmbZaW5E,FullTime,16,1.9619,1.6598,D
2025-05-29,Seattle Sounders,San Diego FC,1,0,2025,gpMOpbXD5z,FullTime,16,0.7589,1.3167,H
2025-05-29,LA Galaxy,San Jose Earthquakes,0,1,2025,eVq3bwZX5W,FullTime,16,1.682,1.3367,A
2025-05-31,St. Louis City SC,San Jose Earthquakes,2,1,2025,9YqdjN97Mv,FullTime,17,1.7178,1.0146,H
2025-05-31,Nashville SC,New York City FC,2,2,2025,Vj58bGjDQ8,FullTime,17,1.843,1.0252,D
2025-05-31,New York Red Bulls,Atlanta United,2,0,2025,raMyjd7l5d,FullTime,17,0.9711,1.0876,H
2025-05-31,CF Montréal,New England Revolution,0,3,2025,gjMNpbY3qK,FullTime,17,1.3211,1.1673,A
2025-05-31,Toronto FC,Charlotte FC,0,2,2025,a35rjbWo5L,FullTime,17,0.7583,2.3089,A
2025-05-31,Inter Miami CF,Columbus Crew,5,1,2025,Pk5Lp8XE5O,FullTime,17,2.5903,0.9892,H
2025-05-31,Orlando City,Chicago Fire,1,3,2025,7vQ7bglOqD,FullTime,17,1.8307,1.1486,A
2025-05-31,FC Cincinnati,D.C. United,1,2,2025,2lqRpzXaMr,FullTime,17,0.6311,1.0832,A
2025-06-01,LA Galaxy,Real Salt Lake,2,0,2025,315VpbBYQ9,FullTime,17,1.2833,1.5879,H
2025-06-01,Seattle Sounders,Minnesota United,2,3,2025,2vQ1bpxbMr,FullTime,17,1.2318,2.6356,A
2025-06-01,Houston Dynamo,Sporting Kansas City,1,3,2025,9z5kjZdJMA,FullTime,17,2.6414,1.1458,A
2025-06-01,San Diego FC,Austin FC,2,0,2025,eV5DpPX95K,FullTime,17,1.6627,0.406,H
2025-06-01,FC Dallas,Philadelphia Union,0,0,2025,wvq9b6ENQW,FullTime,17,0.587,1.3247,D
2025-06-07,D.C. United,Chicago Fire,1,7,2025,odMXpbgeMY,FullTime,18,1.5135,2.6012,A
2025-06-08,Colorado Rapids,Austin FC,0,2,2025,KXMeZ2dv56,FullTime,18,2.7357,1.706,A
2025-06-08,Portland Timbers,St. Louis City SC,2,1,2025,9vQ2bJELQK,FullTime,18,1.6405,2.4358,H
2025-06-09,Vancouver Whitecaps,Seattle Sounders,3,0,2025,NPqxjpYWM9,FullTime,18,2.1485,0.6889,H
2025-06-09,LAFC,Sporting Kansas City,3,1,2025,KAqBbdzmqb,FullTime,16,3.6022,0.5961,H
2025-06-12,New York City FC,Atlanta United,4,0,2025,aDQ0bpYG5E,FullTime,19,1.4888,0.7345,H
2025-06-14,Portland Timbers,San Jose Earthquakes,1,1,2025,xW5pbZ3RQg,FullTime,19,0.7746,1.8583,D
2025-06-14,St. Louis City SC,LA Galaxy,3,3,2025,kRQajD8kMK,FullTime,19,1.9102,2.3133,D
2025-06-14,New England Revolution,FC Cincinnati,0,1,2025,e7MzjDRJMr,FullTime,19,0.5464,1.4964,A
2025-06-14,Philadelphia Union,Charlotte FC,2,1,2025,N6MmbZLW5E,FullTime,19,1.4886,0.9543,H
2025-06-14,Columbus Crew,Vancouver Whitecaps,2,1,2025,BLMvjZLlMx,FullTime,19,1.7401,1.0302,H
2025-06-15,Colorado Rapids,Orlando City,0,1,2025,zeQZpbBY5K,FullTime,19,0.8762,0.466,A
2025-06-15,Real Salt Lake,D.C. United,2,0,2025,Xj5Ypb3yMb,FullTime,19,2.5834,0.4811,H
2025-06-15,Austin FC,New York Red Bulls,2,1,2025,4JMAbPZ25K,FullTime,19,1.3571,1.2442,H
2025-06-15,Houston Dynamo,CF Montréal,1,3,2025,XVqKzDOW50,FullTime,19,2.2822,1.7198,A
2025-06-15,Minnesota United,San Diego FC,2,4,2025,ljqEmP3Vqx,FullTime,19,2.1163,2.7118,A
2025-06-15,Sporting Kansas City,FC Dallas,2,4,2025,p6qbjAxXq0,FullTime,19,1.0114,3.0937,A
2025-06-15,Chicago Fire,Nashville SC,0,2,2025,4wM4b3ryqj,FullTime,19,1.6143,1.0811,A
2025-06-25,Toronto FC,New York Red Bulls,1,1,2025,vzqoKZLNqa,FullTime,20,1.3281,0.9089,D
2025-06-25,Columbus Crew,Atlanta United,3,1,2025,eVq3bwXX5W,FullTime,20,2.6724,2.2675,H
2025-06-25,CF Montréal,FC Cincinnati,1,3,2025,7VqGbzWz5v,FullTime,20,0.9152,1.6873,A
2025-06-25,New England Revolution,Nashville SC,2,3,2025,0Oq6bW4gq6,FullTime,20,1.4178,2.9393,A
2025-06-26,Colorado Rapids,LA Galaxy,2,0,2025,Oa5wjZxDM1,FullTime,20,0.996,0.8087,H
2025-06-26,Vancouver Whitecaps,San Diego FC,3,5,2025,2lqRpzgaMr,FullTime,20,1.2576,1.435,A
2025-06-26,FC Dallas,San Jose Earthquakes,2,4,2025,KAqBbdnmqb,FullTime,20,0.9805,2.5352,A
2025-06-26,St. Louis City SC,Orlando City,2,4,2025,gOMnAZy8Qw,FullTime,20,1.7124,2.774,A
2025-06-26,Sporting Kansas City,Charlotte FC,2,1,2025,NWMWpbJD5l,FullTime,20,2.0945,3.0372,H
2025-06-26,Chicago Fire,Philadelphia Union,0,1,2025,jYQJmN6ZqG,FullTime,20,1.2744,1.4783,A
2025-06-26,Minnesota United,Houston Dynamo,3,1,2025,0x5gj10wM7,FullTime,20,1.3662,1.3821,H
2025-06-28,Orlando City,FC Cincinnati,1,2,2025,2lqRpzgLMr,FullTime,21,1.8285,0.7356,A
2025-06-28,Toronto FC,Portland Timbers,3,0,2025,315VpbnvQ9,FullTime,21,1.4794,0.4944,H
2025-06-28,CF Montréal,New York City FC,1,0,2025,gpMOpb3l5z,FullTime,21,1.573,0.8357,H
2025-06-28,New England Revolution,Colorado Rapids,3,3,2025,gOMnAZyAQw,FullTime,21,2.5777,1.0062,D
2025-06-28,New York Red Bulls,Minnesota United,2,2,2025,vzqoKZLYqa,FullTime,21,2.2927,0.8441,D
2025-06-28,D.C. United,Nashville SC,0,1,2025,eVq3bwXv5W,FullTime,21,0.604,1.2144,A
2025-06-29,Chicago Fire,Charlotte FC,3,2,2025,jYQJmN6VqG,FullTime,21,1.7011,1.1682,H
2025-06-29,Houston Dynamo,St. Louis City SC,1,0,2025,NWMWpbJY5l,FullTime,21,2.1028,0.4394,H
2025-06-29,FC Dallas,San Diego FC,2,3,2025,KAqBbdnAqb,FullTime,21,2.4707,2.5827,A
2025-06-29,Sporting Kansas City,Real Salt Lake,1,1,2025,0x5gj10XM7,FullTime,21,0.9142,1.2222,D
2025-06-29,San Jose Earthquakes,LA Galaxy,1,1,2025,wvq9b6J1QW,FullTime,21,1.014,2.0692,D
2025-06-29,Seattle Sounders,Austin FC,2,0,2025,9z5kjZAeMA,FullTime,21,1.4729,1.4285,H
2025-06-29,Columbus Crew,Philadelphia Union,1,0,2025,Oa5wjZx9M1,FullTime,21,0.5861,0.4141,H
2025-06-30,LAFC,Vancouver Whitecaps,0,1,2025,7VqGbzWd5v,FullTime,21,1.0145,0.5522,A
2025-07-03,New York City FC,Toronto FC,3,1,2025,EGMPabBy5a,FullTime,22,1.8259,1.4437,H
2025-07-05,FC Cincinnati,Chicago Fire,2,1,2025,2vQ1bpXGMr,FullTime,22,1.263,1.0266,H
2025-07-05,D.C. United,Atlanta United,0,0,2025,a35rjbe45L,FullTime,22,1.1236,0.7653,D
2025-07-05,CF Montréal,Inter Miami CF,1,4,2025,OlMljZKwqL,FullTime,22,1.8243,3.3767,A
2025-07-05,LA Galaxy,Vancouver Whitecaps,3,0,2025,raMyjdRB5d,FullTime,22,1.629,0.5863,H
2025-07-05,Colorado Rapids,Sporting Kansas City,1,2,2025,Pk5Lp8nG5O,FullTime,22,5.245,0.4999,A
2025-07-05,FC Dallas,Minnesota United,1,2,2025,gjMNpbwKqK,FullTime,22,1.3934,2.3603,A
2025-07-05,Charlotte FC,Orlando City,2,2,2025,eV5DpPwY5K,FullTime,22,0.5702,2.2469,D
2025-07-06,Nashville SC,Philadelphia Union,1,0,2025,Vj58bGdEQ8,FullTime,22,2.7636,1.4688,H
2025-07-06,Real Salt Lake,St. Louis City SC,3,2,2025,KXMeZ2Gk56,FullTime,22,2.0084,2.3621,H
2025-07-06,San Diego FC,Houston Dynamo,3,4,2025,odMXpb2JMY,FullTime,22,2.11,1.727,A
2025-07-06,San Jose Earthquakes,New York Red Bulls,1,1,2025,9vQ2bJy9QK,FullTime,22,1.3669,1.0575,D
2025-07-06,Portland Timbers,New England Revolution,2,1,2025,9YqdjNgkMv,FullTime,22,1.1682,1.5255,H
2025-07-06,Seattle Sounders,Columbus Crew,1,1,2025,NPqxjpbxM9,FullTime,22,1.8245,0.9582,D
2025-07-09,New England Revolution,Inter Miami CF,1,2,2025,aDQ0bpyl5E,FullTime,23,1.4274,1.4506,A
2025-07-10,LAFC,Colorado Rapids,3,0,2025,EGMPabXx5a,FullTime,17,3.3278,1.0706,H
2025-07-12,Orlando City,CF Montréal,1,1,2025,e7MzjDbeMr,FullTime,23,1.0033,0.8464,D
2025-07-12,Philadelphia Union,New York Red Bulls,2,0,2025,N6MmbZVP5E,FullTime,23,2.4388,0.645,H
2025-07-12,Inter Miami CF,Nashville SC,2,1,2025,p6qbjABbq0,FullTime,23,1.5127,0.6992,H
2025-07-12,Toronto FC,Atlanta United,1,1,2025,jYQJmNwVqG,FullTime,23,0.8504,1.3744,D
2025-07-13,St. Louis City SC,Portland Timbers,2,1,2025,Oa5wjZb9M1,FullTime,24,1.9109,1.0008,H
2025-07-13,LA Galaxy,D.C. United,2,1,2025,BLMvjZmBMx,FullTime,23,1.3459,1.8125,H
2025-07-13,Colorado Rapids,Vancouver Whitecaps,3,0,2025,4wM4b344qj,FullTime,23,2.6652,1.3997,H
2025-07-13,LAFC,FC Dallas,2,0,2025,XVqKzD3D50,FullTime,23,2.0922,0.9785,H
2025-07-13,Real Salt Lake,Houston Dynamo,1,0,2025,Xj5YpbEaMb,FullTime,23,1.7894,1.5481,H
2025-07-13,Chicago Fire,San Diego FC,1,2,2025,kRQajD38MK,FullTime,23,1.9731,0.8439,A
2025-07-13,FC Cincinnati,Columbus Crew,2,4,2025,4JMAbPpO5K,FullTime,23,0.9741,1.1094,A
2025-07-13,Austin FC,New England Revolution,0,0,2025,KPqjjZNBq6,FullTime,23,1.8939,1.6295,D
2025-07-13,Minnesota United,San Jose Earthquakes,4,1,2025,ljqEmP7oqx,FullTime,23,2.4399,1.2251,H
2025-07-13,Sporting Kansas City,Seattle Sounders,2,3,2025,zeQZpb4Z5K,FullTime,23,3.4064,2.446,A
2025-07-13,Charlotte FC,New York City FC,2,0,2025,xW5pbZeYQg,FullTime,23,0.9713,1.6399,H
2025-07-16,New York Red Bulls,New England Revolution,5,3,2025,gOMnAZVAQw,FullTime,24,3.849,1.7196,H
2025-07-16,Atlanta United,Chicago Fire,2,2,2025,eVq3bwdv5W,FullTime,24,1.1216,2.9812,D
2025-07-16,FC Cincinnati,Inter Miami CF,3,0,2025,NWMWpb2Y5l,FullTime,24,1.3074,1.2946,H
2025-07-16,Charlotte FC,D.C. United,2,1,2025,KAqBbdmAqb,FullTime,24,2.4323,0.6626,H
2025-07-16,Philadelphia Union,CF Montréal,2,1,2025,2lqRpznLMr,FullTime,24,2.2073,1.6951,H
2025-07-17,San Jose Earthquakes,FC Dallas,2,2,2025,315Vpb2vQ9,FullTime,24,1.1746,2.6962,D
2025-07-17,LA Galaxy,Austin FC,1,2,2025,7VqGbz7d5v,FullTime,24,2.2983,0.82,A
2025-07-17,San Diego FC,Toronto FC,0,1,2025,9z5kjZVeMA,FullTime,24,0.4625,1.0048,A
2025-07-17,Portland Timbers,Real Salt Lake,0,1,2025,wvq9b6d1QW,FullTime,24,1.0338,1.0678,A
2025-07-17,Seattle Sounders,Colorado Rapids,3,3,2025,EGMPab6y5a,FullTime,24,1.8192,2.9285,D
2025-07-17,Houston Dynamo,Vancouver Whitecaps,0,3,2025,0x5gj1OXM7,FullTime,24,1.0759,2.3304,A
2025-07-17,Orlando City,New York City FC,1,2,2025,vzqoKZxYqa,FullTime,24,2.8348,1.6841,A
2025-07-17,Minnesota United,LAFC,0,1,2025,0Oq6bWd6q6,FullTime,24,0.5722,1.9728,A
2025-07-17,Nashville SC,Columbus Crew,3,0,2025,gpMOpbGl5z,FullTime,24,2.1599,1.5351,H
2025-07-19,CF Montréal,Chicago Fire,0,2,2025,a35rjb745L,FullTime,25,1.0674,1.1245,A
2025-07-19,New England Revolution,Orlando City,1,2,2025,Vj58bG2EQ8,FullTime,25,1.3423,1.3335,A
2025-07-19,Atlanta United,Charlotte FC,2,3,2025,Pk5Lp8BG5O,FullTime,25,1.6578,1.6412,A
2025-07-19,New York Red Bulls,Inter Miami CF,1,5,2025,9YqdjNAkMv,FullTime,25,0.7469,2.3309,A
2025-07-20,LAFC,LA Galaxy,3,3,2025,2vQ1bpyGMr,FullTime,25,1.4176,2.1124,D
2025-07-20,San Diego FC,Vancouver Whitecaps,1,1,2025,9vQ2bJ19QK,FullTime,25,1.1119,1.4227,D
2025-07-20,Portland Timbers,Minnesota United,1,1,2025,KXMeZ2Vk56,FullTime,25,1.5644,1.1161,D
2025-07-20,Real Salt Lake,FC Cincinnati,0,1,2025,odMXpblJMY,FullTime,25,0.9127,0.7142,A
2025-07-20,Nashville SC,Toronto FC,1,0,2025,OlMljZPwqL,FullTime,25,1.5026,0.4425,H
2025-07-20,Houston Dynamo,Philadelphia Union,1,1,2025,7vQ7bgdLqD,FullTime,25,1.444,1.4585,D
2025-07-20,Seattle Sounders,San Jose Earthquakes,3,2,2025,NPqxjpvxM9,FullTime,25,2.6301,2.3376,H
2025-07-20,Sporting Kansas City,New York City FC,1,1,2025,eV5DpP7Y5K,FullTime,25,1.2524,1.8824,D
2025-07-20,FC Dallas,St. Louis City SC,3,0,2025,raMyjdbB5d,FullTime,25,2.0622,0.9518,H
2025-07-20,Columbus Crew,D.C. United,2,1,2025,gjMNpbgKqK,FullTime,25,2.7109,0.5459,H
2025-07-25,New England Revolution,CF Montréal,1,3,2025,4JMAbPmO5K,FullTime,26,1.3267,1.0909,A
2025-07-26,Charlotte FC,Toronto FC,2,0,2025,BLMvjZvBMx,FullTime,26,2.1436,0.8911,H
2025-07-26,Philadelphia Union,Colorado Rapids,3,1,2025,e7MzjDveMr,FullTime,26,4.005,0.7994,H
2025-07-26,D.C. United,Austin FC,2,4,2025,p6qbjAZbq0,FullTime,26,2.3637,2.2138,A
2025-07-26,Atlanta United,Seattle Sounders,2,2,2025,zeQZpbZZ5K,FullTime,26,0.7211,0.8918,D
2025-07-26,LAFC,Portland Timbers,0,1,2025,kRQajDV8MK,FullTime,26,1.3567,0.6318,A
2025-07-26,San Diego FC,Nashville SC,1,0,2025,4wM4b314qj,FullTime,26,1.6418,0.6554,H
2025-07-26,Columbus Crew,Orlando City,1,3,2025,aDQ0bp4l5E,FullTime,26,2.1476,1.8115,A
2025-07-26,FC Dallas,New York City FC,3,4,2025,KPqjjZ0Bq6,FullTime,26,2.1063,1.6314,A
2025-07-26,Inter Miami CF,FC Cincinnati,0,0,2025,ljqEmPzoqx,FullTime,26,1.6166,1.3407,D
2025-07-27,St. Louis City SC,Minnesota United,1,2,2025,Xj5YpbDaMb,FullTime,26,1.6629,1.9477,A
2025-07-27,Chicago Fire,New York Red Bulls,1,0,2025,XVqKzDlD50,FullTime,26,2.3849,0.4467,H
2025-07-27,Real Salt Lake,San Jose Earthquakes,2,1,2025,N6MmbZAP5E,FullTime,26,1.1003,1.2558,H
2025-07-27,Vancouver Whitecaps,Sporting Kansas City,3,0,2025,jYQJmNdVqG,FullTime,26,2.6843,1.2845,H
2025-08-09,New England Revolution,D.C. United,2,0,2025,gpMOpb2l5z,FullTime,27,1.1383,1.0346,H
2025-08-09,Philadelphia Union,Toronto FC,1,1,2025,2lqRpzYLMr,FullTime,27,1.6166,1.5747,D
2025-08-09,CF Montréal,Atlanta United,1,1,2025,0Oq6bW16q6,FullTime,27,0.5145,2.6412,D
2025-08-10,New York Red Bulls,Real Salt Lake,2,1,2025,gOMnAZKAQw,FullTime,27,3.7496,0.9347,H
2025-08-10,Minnesota United,Colorado Rapids,1,2,2025,7VqGbzad5v,FullTime,27,2.4139,1.7425,A
2025-08-10,FC Cincinnati,Charlotte FC,0,1,2025,KAqBbd2Aqb,FullTime,27,1.8381,0.5716,A
2025-08-10,San Jose Earthquakes,Vancouver Whitecaps,2,1,2025,jYQJmNdGqG,FullTime,27,2.4872,0.6409,H
2025-08-10,Austin FC,Houston Dynamo,2,2,2025,Oa5wjZv9M1,FullTime,27,1.744,1.877,D
2025-08-10,FC Dallas,Portland Timbers,2,0,2025,NWMWpbDY5l,FullTime,27,0.8159,0.5535,H
2025-08-10,Chicago Fire,LAFC,2,2,2025,eVq3bw1v5W,FullTime,27,0.8693,2.1514,D
2025-08-10,St. Louis City SC,Nashville SC,3,1,2025,Oa5wjZvgM1,FullTime,27,2.0052,2.3125,H
2025-08-10,Sporting Kansas City,San Diego FC,0,2,2025,0x5gj1VXM7,FullTime,27,2.0895,0.6865,A
2025-08-11,Orlando City,Inter Miami CF,4,1,2025,KAqBbd2Wqb,FullTime,27,2.7087,0.5215,H
2025-08-11,LA Galaxy,Seattle Sounders,0,4,2025,eVq3bw1G5W,FullTime,27,0.7382,3.3581,A
2025-08-16,New York Red Bulls,Philadelphia Union,1,0,2025,wvq9b6xaQW,FullTime,28,1.2115,1.4845,H
2025-08-16,CF Montréal,D.C. United,1,1,2025,vzqoKZbpqa,FullTime,28,1.0206,2.1073,D
2025-08-16,Inter Miami CF,LA Galaxy,3,1,2025,gpMOpb2y5z,FullTime,28,3.0555,0.377,H
2025-08-16,Toronto FC,Columbus Crew,1,1,2025,Pk5Lp8y75O,FullTime,28,1.0126,1.8073,D
2025-08-16,New England Revolution,LAFC,0,2,2025,2lqRpzY4Mr,FullTime,28,0.7693,1.4041,A
2025-08-16,Charlotte FC,Real Salt Lake,1,0,2025,0x5gj1VmM7,FullTime,28,1.3653,1.7431,H
2025-08-17,San Jose Earthquakes,San Diego FC,1,2,2025,gjMNpbDjqK,FullTime,28,1.984,0.6624,A
2025-08-17,New York City FC,Nashville SC,2,1,2025,9z5kjZgaMA,FullTime,28,1.3304,1.62,H
2025-08-17,Orlando City,Sporting Kansas City,3,1,2025,315VpblXQ9,FullTime,28,2.819,1.7198,H
2025-08-17,Chicago Fire,St. Louis City SC,3,2,2025,7VqGbzax5v,FullTime,28,1.5146,1.1682,H
2025-08-17,Colorado Rapids,Atlanta United,3,1,2025,0Oq6bW1Pq6,FullTime,28,1.7602,1.0181,H
2025-08-17,Austin FC,FC Dallas,1,1,2025,NWMWpbDN5l,FullTime,28,1.295,0.3346,D
2025-08-17,Minnesota United,Seattle Sounders,1,0,2025,gOMnAZKeQw,FullTime,28,0.544,1.5235,H
2025-08-17,Portland Timbers,FC Cincinnati,2,3,2025,EGMPab2k5a,FullTime,28,3.3173,1.2092,A
2025-08-18,Vancouver Whitecaps,Houston Dynamo,1,1,2025,raMyjdGe5d,FullTime,28,2.1793,0.953,D
2025-08-23,FC Cincinnati,New York City FC,0,1,2025,eV5DpPgR5K,FullTime,29,0.5248,1.6437,A
2025-08-23,D.C. United,Inter Miami CF,1,1,2025,a35rjb9e5L,FullTime,29,1.295,1.0173,D
2025-08-23,CF Montréal,Austin FC,3,2,2025,KXMeZ29256,FullTime,29,1.9618,1.9469,H
2025-08-23,Philadelphia Union,Chicago Fire,4,0,2025,9vQ2bJp7QK,FullTime,29,3.0455,0.3631,H
2025-08-23,Columbus Crew,New England Revolution,1,2,2025,2vQ1bp8xMr,FullTime,29,1.9256,1.816,A
2025-08-24,LA Galaxy,Colorado Rapids,3,0,2025,9YqdjNRRMv,FullTime,29,1.9498,0.9354,H
2025-08-24,Charlotte FC,New York Red Bulls,1,0,2025,xW5pbZoKQg,FullTime,29,0.3456,1.7589,H
2025-08-24,Atlanta United,Toronto FC,0,0,2025,7vQ7bgNeqD,FullTime,29,0.5098,1.1914,D
2025-08-24,San Diego FC,Portland Timbers,0,0,2025,aDQ0bp825E,FullTime,29,1.0983,0.9061,D
2025-08-24,Real Salt Lake,Minnesota United,1,3,2025,NPqxjpg8M9,FullTime,29,2.3065,0.668,A
2025-08-24,Nashville SC,Orlando City,5,1,2025,odMXpbZAMY,FullTime,29,2.4406,0.8738,H
2025-08-24,FC Dallas,LAFC,1,1,2025,OlMljZGPqL,FullTime,29,0.8178,2.0868,D
2025-08-24,Houston Dynamo,San Jose Earthquakes,1,2,2025,Vj58bGZ2Q8,FullTime,29,1.0096,1.8621,A
2025-08-24,Vancouver Whitecaps,St. Louis City SC,3,2,2025,KPqjjZW8q6,FullTime,29,4.023,1.6098,H
2025-08-25,Seattle Sounders,Sporting Kansas City,5,2,2025,kRQajDOYMK,FullTime,29,2.8532,1.2421,H
2025-08-30,FC Cincinnati,Philadelphia Union,0,1,2025,zeQZpbwg5K,FullTime,30,1.3073,2.6242,A
2025-08-30,New York City FC,D.C. United,1,2,2025,jYQJmNRGqG,FullTime,30,0.6247,0.8185,A
2025-08-30,New York Red Bulls,Columbus Crew,0,0,2025,Xj5YpbJlMb,FullTime,30,0.9031,0.5415,D
2025-08-30,Toronto FC,CF Montréal,1,1,2025,NWMWpbyN5l,FullTime,30,1.807,1.2165,D
2025-08-30,New England Revolution,Charlotte FC,1,2,2025,N6MmbZ6g5E,FullTime,30,1.6725,1.5707,A
2025-08-31,Minnesota United,Portland Timbers,1,1,2025,ljqEmPGkqx,FullTime,30,1.2679,1.6272,D
2025-08-31,Nashville SC,Atlanta United,0,1,2025,e7MzjD6jMr,FullTime,30,2.1597,0.9906,A
2025-08-31,St. Louis City SC,Houston Dynamo,2,3,2025,KAqBbdYWqb,FullTime,30,1.2657,1.0826,A
2025-08-31,Sporting Kansas City,Colorado Rapids,4,2,2025,BLMvjZBXMx,FullTime,30,2.0535,3.505,H
2025-08-31,Austin FC,San Jose Earthquakes,3,1,2025,4wM4b3VAqj,FullTime,30,1.5015,1.7042,H
2025-09-01,LAFC,San Diego FC,1,2,2025,4JMAbP3Y5K,FullTime,30,1.8698,1.4049,A
2025-09-07,St. Louis City SC,FC Dallas,1,1,2025,7VqGbzOx5v,FullTime,31,4.0236,0.2444,D
2025-09-07,Chicago Fire,New England Revolution,3,2,2025,0x5gj1wmM7,FullTime,31,2.4623,3.4101,H
2025-09-07,Sporting Kansas City,Austin FC,1,2,2025,0Oq6bWpPq6,FullTime,31,1.8452,0.7754,A
2025-09-07,Houston Dynamo,LA Galaxy,1,1,2025,xW5pbZ0YQg,FullTime,26,1.4189,1.3625,D
2025-09-13,Atlanta United,Columbus Crew,4,5,2025,gpMOpb8y5z,FullTime,32,2.6906,0.9452,A
2025-09-13,Charlotte FC,Inter Miami CF,3,0,2025,gOMnAZOeQw,FullTime,32,2.7271,2.4381,H
2025-09-13,New England Revolution,Toronto FC,1,1,2025,Pk5Lp8875O,FullTime,32,0.724,0.7554,D
2025-09-13,CF Montréal,St. Louis City SC,0,2,2025,EGMPabbk5a,FullTime,32,1.5468,1.3096,A
2025-09-13,D.C. United,Orlando City,1,1,2025,9z5kjZZaMA,FullTime,32,0.3569,2.2179,D
2025-09-13,FC Cincinnati,Nashville SC,2,1,2025,2lqRpzr4Mr,FullTime,32,1.977,1.5922,H
2025-09-14,San Diego FC,Minnesota United,1,3,2025,7vQ7bggeqD,FullTime,32,3.1505,0.8648,A
2025-09-14,Portland Timbers,New York Red Bulls,2,1,2025,gjMNpbbjqK,FullTime,32,2.5178,1.1076,H
2025-09-14,Real Salt Lake,Sporting Kansas City,2,1,2025,raMyjdde5d,FullTime,32,1.7356,0.8192,H
2025-09-14,Vancouver Whitecaps,Philadelphia Union,7,0,2025,a35rjbbe5L,FullTime,32,5.6451,1.2155,H
2025-09-14,Seattle Sounders,LA Galaxy,2,2,2025,2vQ1bppxMr,FullTime,32,3.0936,2.0074,D
2025-09-14,Chicago Fire,New York City FC,1,3,2025,vzqoKZnpqa,FullTime,32,1.2272,1.3016,A
2025-09-14,Colorado Rapids,Houston Dynamo,2,1,2025,wvq9b66aQW,FullTime,32,1.9673,2.2128,H
2025-09-14,FC Dallas,Austin FC,2,0,2025,315VpbbXQ9,FullTime,32,1.5165,0.8768,H
2025-09-14,San Jose Earthquakes,LAFC,2,4,2025,eV5DpPPR5K,FullTime,32,2.0255,1.4782,A
2025-09-16,Inter Miami CF,Seattle Sounders,3,1,2025,OlMljZZPqL,FullTime,33,2.2073,1.4668,H
2025-09-17,New York City FC,Columbus Crew,3,2,2025,vzqoKZbYqa,FullTime,27,1.8735,1.4469,H
2025-09-18,Real Salt Lake,LAFC,1,4,2025,gpMOpb3D5z,FullTime,20,3.6074,1.7253,A
2025-09-20,New York City FC,Charlotte FC,2,0,2025,9YqdjNNRMv,FullTime,33,2.6068,0.9969,H
2025-09-20,Philadelphia Union,New England Revolution,1,0,2025,KXMeZ22256,FullTime,33,1.2855,0.485,H
2025-09-20,Atlanta United,San Diego FC,1,1,2025,Vj58bGG2Q8,FullTime,33,2.308,0.7771,D
2025-09-20,Orlando City,Nashville SC,3,2,2025,zeQZpbbg5K,FullTime,33,1.9675,1.5709,H
2025-09-20,Inter Miami CF,D.C. United,3,2,2025,kRQajDDYMK,FullTime,33,3.4296,1.4668,H
2025-09-20,Columbus Crew,Toronto FC,1,1,2025,9vQ2bJJ7QK,FullTime,33,1.3862,0.3395,D
2025-09-20,CF Montréal,New York Red Bulls,0,2,2025,4wM4b33Aqj,FullTime,33,2.3391,1.1218,A
2025-09-21,Austin FC,Seattle Sounders,2,1,2025,odMXpbbAMY,FullTime,33,1.6057,2.065,H
2025-09-21,San Jose Earthquakes,St. Louis City SC,1,3,2025,BLMvjZZXMx,FullTime,33,3.1383,2.5835,A
2025-09-21,LA Galaxy,FC Cincinnati,2,3,2025,xW5pbZZKQg,FullTime,33,2.1082,2.6272,A
2025-09-21,Sporting Kansas City,Vancouver Whitecaps,0,2,2025,KPqjjZZ8q6,FullTime,33,0.5186,1.5531,A
2025-09-21,FC Dallas,Colorado Rapids,3,1,2025,NPqxjpp8M9,FullTime,33,2.6578,0.5688,H
2025-09-21,Minnesota United,Chicago Fire,0,3,2025,4JMAbPPY5K,FullTime,33,0.9113,2.6884,A
2025-09-21,Houston Dynamo,Portland Timbers,1,0,2025,aDQ0bpp25E,FullTime,33,2.424,0.6259,H
2025-09-22,LAFC,Real Salt Lake,4,1,2025,XVqKzDDB50,FullTime,33,1.8552,0.9037,H
2025-09-24,New York City FC,Inter Miami CF,0,4,2025,p6qbjAApq0,FullTime,34,0.9987,2.671,A
2025-09-25,Vancouver Whitecaps,Portland Timbers,1,1,2025,OlMljZd4qL,FullTime,17,2.2572,1.3191,D
2025-09-27,New York Red Bulls,New York City FC,2,3,2025,0x5gj11mM7,FullTime,34,1.535,2.5172,A
2025-09-27,Toronto FC,Inter Miami CF,1,1,2025,e7MzjDDjMr,FullTime,34,0.8046,1.1491,D
2025-09-27,D.C. United,Philadelphia Union,0,6,2025,Oa5wjZZgM1,FullTime,34,2.9191,1.9473,A
2025-09-27,New England Revolution,Atlanta United,2,0,2025,NWMWpbbN5l,FullTime,34,1.9357,0.9965,H
2025-09-27,Charlotte FC,CF Montréal,1,4,2025,N6MmbZZg5E,FullTime,34,0.577,3.0703,A
2025-09-28,Seattle Sounders,Vancouver Whitecaps,2,2,2025,gOMnAZZeQw,FullTime,34,1.7973,0.857,D
2025-09-28,Portland Timbers,FC Dallas,2,2,2025,7VqGbzzx5v,FullTime,34,2.2002,2.5431,D
2025-09-28,San Diego FC,San Jose Earthquakes,0,1,2025,gpMOpbby5z,FullTime,34,2.2107,0.7297,A
2025-09-28,FC Cincinnati,Orlando City,1,1,2025,ljqEmPPkqx,FullTime,34,2.1151,3.4414,D
2025-09-28,Colorado Rapids,Minnesota United,1,1,2025,jYQJmNNGqG,FullTime,34,1.412,1.125,D
2025-09-28,Real Salt Lake,Austin FC,3,1,2025,0Oq6bWWPq6,FullTime,34,1.4904,0.5622,H
2025-09-28,St. Louis City SC,LAFC,0,3,2025,vzqoKZZpqa,FullTime,34,0.9367,2.1215,A
2025-09-28,LA Galaxy,Sporting Kansas City,4,1,2025,eVq3bwwG5W,FullTime,34,3.9218,1.7841,H
2025-09-28,Chicago Fire,Columbus Crew,2,0,2025,Xj5YpbblMb,FullTime,34,3.0012,0.553,H
2025-09-28,Nashville SC,Houston Dynamo,3,1,2025,KAqBbddWqb,FullTime,34,2.215,0.4519,H
2025-09-30,Inter Miami CF,Chicago Fire,3,5,2025,p6qbjAnpq0,FullTime,30,3.5175,2.584,A
2025-10-04,CF Montréal,Nashville SC,1,1,2025,7VqGbzr35v,FullTime,35,1.0093,1.8959,D
2025-10-04,D.C. United,Charlotte FC,0,1,2025,2lqRpzz4Mr,FullTime,35,0.8693,0.6896,A
2025-10-04,FC Dallas,LA Galaxy,2,1,2025,jYQJmNrDqG,FullTime,35,1.3546,0.6886,H
2025-10-04,Orlando City,Columbus Crew,1,1,2025,gpMOpbA15z,FullTime,35,0.8531,3.1663,D
2025-10-04,Philadelphia Union,New York City FC,1,0,2025,gOMnAZNJQw,FullTime,35,1.1769,0.7569,H
2025-10-04,Inter Miami CF,New England Revolution,4,1,2025,NWMWpbAL5l,FullTime,35,3.3613,1.0628,H
2025-10-04,New York Red Bulls,FC Cincinnati,0,1,2025,0Oq6bWg2q6,FullTime,35,1.1784,0.8446,A
2025-10-05,Chicago Fire,Toronto FC,2,2,2025,eVq3bw3j5W,FullTime,35,0.715,1.9578,D
2025-10-05,Austin FC,St. Louis City SC,1,3,2025,Oa5wjZNYM1,FullTime,35,1.3021,2.8863,A
2025-10-05,Houston Dynamo,San Diego FC,2,4,2025,KAqBbdZVqb,FullTime,35,2.1884,2.2862,A
2025-10-05,Minnesota United,Sporting Kansas City,3,0,2025,0x5gj1YLM7,FullTime,35,1.7378,0.8303,H
2025-10-05,Real Salt Lake,Colorado Rapids,1,0,2025,vzqoKZyLqa,FullTime,35,0.7128,2.8005,H
2025-10-05,Seattle Sounders,Portland Timbers,1,0,2025,2lqRpzAnMr,FullTime,35,1.8691,0.7835,H
2025-10-05,Vancouver Whitecaps,San Jose Earthquakes,4,1,2025,9z5kjZygMA,FullTime,35,2.5124,0.6037,H
2025-10-06,LAFC,Atlanta United,1,0,2025,wvq9b6OYQW,FullTime,35,1.775,0.0762,H
2025-10-09,LAFC,Toronto FC,2,0,2025,KPqjjZa2q6,FullTime,19,2.9156,0.8654,H
2025-10-11,Inter Miami CF,Atlanta United,4,0,2025,0Oq6bW46q6,FullTime,21,3.3018,1.2051,H
2025-10-11,Orlando City,Vancouver Whitecaps,1,2,2025,Oa5wjZWgM1,FullTime,30,1.0196,3.0955,A
2025-10-12,Seattle Sounders,Real Salt Lake,1,0,2025,eVq3bw4G5W,FullTime,30,2.3513,0.7531,H
2025-10-12,LA Galaxy,FC Dallas,2,1,2025,XVqKzD9B50,FullTime,30,1.4556,0.5871,H
2025-10-12,Austin FC,LAFC,1,0,2025,7vQ7bg4LqD,FullTime,22,0.5406,0.5167,H
2025-10-18,Nashville SC,Inter Miami CF,2,5,2025,raMyjd025d,FullTime,36,2.9989,3.8494,A
2025-10-18,Columbus Crew,New York Red Bulls,3,1,2025,gjMNpb2BqK,FullTime,36,2.2937,0.8447,H
2025-10-18,New York City FC,Seattle Sounders,1,2,2025,eV5DpPvO5K,FullTime,36,0.7708,0.8263,A
2025-10-18,FC Cincinnati,CF Montréal,3,0,2025,Pk5Lp8rN5O,FullTime,36,1.9528,1.2525,H
2025-10-18,Charlotte FC,Philadelphia Union,2,0,2025,EGMPabAA5a,FullTime,36,0.963,2.7407,H
2025-10-18,New England Revolution,Chicago Fire,2,2,2025,7vQ7bgGzqD,FullTime,36,0.9811,1.7226,D
2025-10-18,Atlanta United,D.C. United,1,1,2025,315VpbAbQ9,FullTime,36,0.9137,1.2304,D
2025-10-18,Toronto FC,Orlando City,4,2,2025,2vQ1bpJ0Mr,FullTime,36,1.3117,2.9069,H
2025-10-19,Vancouver Whitecaps,FC Dallas,1,2,2025,9vQ2bJwrQK,FullTime,36,2.0654,1.3578,A
2025-10-19,Portland Timbers,San Diego FC,0,4,2025,9YqdjNy8Mv,FullTime,36,1.2073,2.7537,A
2025-10-19,San Jose Earthquakes,Austin FC,2,1,2025,KXMeZ2yB56,FullTime,36,2.5998,0.5519,H
2025-10-19,Sporting Kansas City,Houston Dynamo,0,0,2025,OlMljZyNqL,FullTime,36,1.1031,1.1259,D
2025-10-19,LA Galaxy,Minnesota United,2,1,2025,Vj58bG6mQ8,FullTime,36,1.6705,2.2376,H
2025-10-19,Colorado Rapids,LAFC,2,2,2025,a35rjbxG5L,FullTime,36,1.3915,2.5891,D
2025-10-19,St. Louis City SC,Real Salt Lake,2,2,2025,odMXpbA0MY,FullTime,36,3.9206,0.8528,D
2025-10-23,Chicago Fire,Orlando City,3,1,2025,2lqROo30Qr,FullTime,37,3.4473,0.3971,H
2025-10-23,Portland Timbers,Real Salt Lake,3,1,2025,wvq9kRPwMW,FullTime,37,1.7607,1.2377,H
2025-10-25,Inter Miami CF,Nashville SC,3,1,2025,eV5D8reA5K,FullTime,38,2.046,0.5041,H
2025-10-26,Philadelphia Union,Chicago Fire,2,2,2025,2vQ1gB6K5r,FullTime,38,1.5685,0.9339,D
2025-10-26,Vancouver Whitecaps,FC Dallas,3,0,2025,a35roLAAqL,FullTime,38,3.6617,0.0432,H
2025-10-27,FC Cincinnati,Columbus Crew,1,0,2025,Vj589oV4q8,FullTime,38,1.7094,0.8158,H
2025-10-27,San Diego FC,Portland Timbers,2,1,2025,OlMlWo20QL,FullTime,38,2.0914,1.1384,H
2025-10-28,Minnesota United,Seattle Sounders,0,0,2025,9Yqde3DLQv,FullTime,38,1.3842,2.171,D
2025-10-28,Charlotte FC,New York City FC,0,1,2025,KXMeXB1rQ6,FullTime,38,0.5159,1.3211,A
2025-10-30,LAFC,Austin FC,2,1,2025,odMXVLOWqY,FullTime,38,1.8799,1.3218,H
2025-11-01,New York City FC,Charlotte FC,0,0,2025,9vQ2GWRaMK,FullTime,39,1.0555,0.6945,D
2025-11-01,Chicago Fire,Philadelphia Union,0,3,2025,NPqxLrBmq9,FullTime,39,1.3267,0.856,A
2025-11-01,Nashville SC,Inter Miami CF,2,1,2025,aDQ0W3nPqE,FullTime,39,2.0212,1.8888,H
2025-11-02,Columbus Crew,FC Cincinnati,4,0,2025,kRQald7oqK,FullTime,39,3.2801,0.0616,H
2025-11-02,Portland Timbers,San Diego FC,2,2,2025,KPqj3O2RQ6,FullTime,39,1.6768,1.3327,D
2025-11-02,FC Dallas,Vancouver Whitecaps,1,1,2025,xW5pOVAdMg,FullTime,39,1.4831,1.9567,D
2025-11-03,Austin FC,LAFC,1,4,2025,4JMA17ekMK,FullTime,39,2.383,2.9206,A
2025-11-04,Seattle Sounders,Minnesota United,4,2,2025,4wM4OGkpQj,FullTime,39,1.7518,1.1018,H
2025-11-08,Charlotte FC,New York City FC,1,3,2025,BLMvVDwOMx,FullTime,40,2.525,1.053,A
2025-11-08,Minnesota United,Seattle Sounders,3,3,2025,XVqKwBZOq0,FullTime,40,1.062,2.5328,D
2025-11-08,FC Cincinnati,Columbus Crew,2,1,2025,N6MmgRjZqE,FullTime,40,1.2107,1.5775,H
2025-11-09,Inter Miami CF,Nashville SC,4,0,2025,e7Mzy8g6Qr,FullTime,40,1.4111,0.7379,H
2025-11-10,San Diego FC,Portland Timbers,4,0,2025,Xj5YPNRAMb,FullTime,40,1.9472,1.1096,H
2025-11-23,Vancouver Whitecaps,LAFC,2,2,2025,vzqoYE1ZMa,FullTime,41,1.6605,3.3838,D
2025-11-23,FC Cincinnati,Inter Miami CF,0,4,2025,vzqoYEWjMa,FullTime,41,0.8897,2.2939,A
2025-11-24,Philadelphia Union,New York City FC,0,1,2025,wvq9ko77MW,FullTime,41,2.0089,1.0874,A
2025-11-25,San Diego FC,Minnesota United,1,0,2025,2lqRO0NWQr,FullTime,41,0.6196,1.5484,H
2025-11-29,Inter Miami CF,New York City FC,5,1,2025,eVq36l4j5W,FullTime,42,1.9938,0.5481,H
2025-11-30,San Diego FC,Vancouver Whitecaps,1,3,2025,a35ro3bGqL,FullTime,42,0.9829,2.7734,A
2025-12-06,Inter Miami CF,Vancouver Whitecaps,3,1,2025,Vj589JGmq8,FullTime,43,0.9458,1.693,H
2026-02-21,St. Louis City SC,Charlotte FC,1,1,2026,eV5D816A5K,FullTime,1,2.2136,0.751,D
2026-02-21,FC Cincinnati,Atlanta United,2,0,2026,2vQ1g39K5r,FullTime,1,1.8215,0.5966,H
2026-02-22,D.C. United,Philadelphia Union,1,0,2026,a35roEkAqL,FullTime,1,0.9804,0.742,H
2026-02-22,Portland Timbers,Columbus Crew,3,2,2026,aDQ0WDdPqE,FullTime,1,1.2851,1.0934,H
2026-02-22,San Jose Earthquakes,Sporting Kansas City,3,0,2026,xW5pOJ6dMg,FullTime,1,2.5154,0.6606,H
2026-02-22,LAFC,Inter Miami CF,3,0,2026,NPqxLO0mq9,FullTime,1,2.8463,1.1034,H
2026-02-22,Austin FC,Minnesota United,2,2,2026,9YqdeZ2LQv,FullTime,1,1.7037,1.727,D
2026-02-22,San Diego FC,CF Montréal,5,0,2026,KPqj3zLRQ6,FullTime,1,1.5217,0.4023,H
2026-02-22,FC Dallas,Toronto FC,3,2,2026,KXMeXE0rQ6,FullTime,1,1.3964,1.548,H
2026-02-22,Houston Dynamo,Chicago Fire,2,1,2026,odMXV0WWqY,FullTime,1,0.8952,0.7358,H
2026-02-22,Orlando City,New York Red Bulls,1,2,2026,OlMlWEw0QL,FullTime,1,2.0114,3.4566,A
2026-02-22,Vancouver Whitecaps,Real Salt Lake,1,0,2026,Vj589ne4q8,FullTime,1,1.4567,0.4633,H
2026-02-22,Nashville SC,New England Revolution,4,1,2026,9vQ2GraaMK,FullTime,1,2.8342,0.5269,H
2026-02-23,LA Galaxy,New York City FC,1,1,2026,kRQalz6oqK,FullTime,1,0.3629,1.5577,D
2026-02-23,Seattle Sounders,Colorado Rapids,2,0,2026,4JMA1nvkMK,FullTime,1,1.2654,0.7485,H
2026-02-28,New York Red Bulls,New England Revolution,1,0,2026,zeQZLzY15K,FullTime,2,1.1099,0.5175,H
2026-02-28,Chicago Fire,CF Montréal,3,0,2026,4wM4O8xpQj,FullTime,2,3.3914,0.0817,H
2026-02-28,Minnesota United,FC Cincinnati,1,0,2026,XVqKw7jOq0,FullTime,2,1.7803,1.1733,H
2026-02-28,Colorado Rapids,Portland Timbers,2,0,2026,BLMvVG0OMx,FullTime,2,2.6538,1.0596,H
2026-03-01,LA Galaxy,Charlotte FC,3,0,2026,Oa5wP6L8q1,FullTime,2,3.1261,0.4446,H
2026-03-01,Philadelphia Union,New York City FC,1,2,2026,KAqBroL4qb,FullTime,2,2.2043,2.3901,A
2026-03-01,Austin FC,D.C. United,1,0,2026,eVq36lkD5W,FullTime,2,2.4013,0.4083,H
2026-03-01,Vancouver Whitecaps,Toronto FC,3,0,2026,jYQJJyDPQG,FullTime,2,2.1791,0.5531,H
2026-03-01,Real Salt Lake,Seattle Sounders,2,1,2026,p6qbYzLB50,FullTime,2,2.0394,1.9583,H
2026-03-01,Sporting Kansas City,Columbus Crew,2,2,2026,Xj5YPzZAMb,FullTime,2,1.5829,2.3495,D
2026-03-01,FC Dallas,Nashville SC,0,0,2026,e7Mzyop6Qr,FullTime,2,0.9511,0.5105,D
2026-03-01,San Jose Earthquakes,Atlanta United,2,0,2026,ljqEdkAz5x,FullTime,2,2.7153,0.8515,H
2026-03-01,Houston Dynamo,LAFC,0,2,2026,N6MmgzrZqE,FullTime,2,1.1535,2.1337,A
2026-03-02,Orlando City,Inter Miami CF,2,4,2026,NWMWkzEKMl,FullTime,2,1.0337,1.6287,A
2026-03-02,San Diego FC,St. Louis City SC,2,0,2026,0x5gxzeZq7,FullTime,2,1.297,1.2561,H
2026-03-07,New York City FC,Orlando City,5,0,2026,0Oq6oe8AQ6,FullTime,3,2.3888,0.1674,H
2026-03-07,D.C. United,Inter Miami CF,1,2,2026,gpMOglOEMz,FullTime,3,1.6466,0.9453,A
2026-03-08,FC Cincinnati,Toronto FC,0,1,2026,eV5D89mA5K,FullTime,3,0.9658,1.1405,A
2026-03-08,New York Red Bulls,CF Montréal,0,3,2026,7vQ7RXa2qD,FullTime,3,0.8068,2.2274,A
2026-03-08,LAFC,FC Dallas,1,0,2026,gjMNWrn05K,FullTime,3,1.3176,1.3018,H
2026-03-08,Portland Timbers,Vancouver Whitecaps,1,4,2026,raMyNnLO5d,FullTime,3,0.4682,2.9835,A
2026-03-08,Colorado Rapids,LA Galaxy,4,1,2026,Pk5L3DmOMO,FullTime,3,2.2784,1.4463,H
2026-03-08,Columbus Crew,Chicago Fire,0,0,2026,2lqROeZ0Qr,FullTime,3,1.4433,0.8214,D
2026-03-08,Sporting Kansas City,San Diego FC,0,1,2026,9z5kBz9jMA,FullTime,3,0.6277,2.0974,A
2026-03-08,St. Louis City SC,Seattle Sounders,0,1,2026,EGMPG8eVQa,FullTime,3,1.0422,0.9569,A
2026-03-08,Atlanta United,Real Salt Lake,2,3,2026,gOMnGzrX5w,FullTime,3,1.6803,1.161,A
2026-03-08,Charlotte FC,Austin FC,3,1,2026,vzqoYz9kMa,FullTime,3,3.1786,0.1451,H
2026-03-08,Philadelphia Union,San Jose Earthquakes,0,1,2026,wvq9kwawMW,FullTime,3,1.1874,1.1212,A
2026-03-08,Nashville SC,Minnesota United,3,1,2026,315V9zZ9M9,FullTime,3,2.191,1.116,H
2026-03-14,Toronto FC,New York Red Bulls,1,1,2026,KXMeXzerQ6,FullTime,4,1.9129,2.3851,D
2026-03-14,Atlanta United,Philadelphia Union,3,1,2026,2vQ1g1aK5r,FullTime,4,1.9555,2.1586,H
2026-03-14,Columbus Crew,Nashville SC,0,1,2026,a35ro3dAqL,FullTime,4,0.2393,1.4087,A
2026-03-14,New York City FC,Colorado Rapids,3,1,2026,Vj589JE4q8,FullTime,4,1.4533,0.9615,H
2026-03-14,Charlotte FC,Inter Miami CF,0,0,2026,OlMlWz70QL,FullTime,4,1.1029,0.9376,D
2026-03-14,Orlando City,CF Montréal,2,1,2026,9YqdezXLQv,FullTime,4,2.1364,1.2992,H
2026-03-15,San Jose Earthquakes,Seattle Sounders,0,1,2026,4wM4O82pQj,FullTime,4,2.8438,0.5876,A
2026-03-15,Vancouver Whitecaps,Minnesota United,6,0,2026,kRQalzboqK,FullTime,4,4.544,1.0473,H
2026-03-15,New England Revolution,FC Cincinnati,6,1,2026,4JMA1nakMK,FullTime,4,1.6522,1.4658,H
2026-03-15,LAFC,St. Louis City SC,2,0,2026,xW5pOJxdMg,FullTime,4,1.1324,1.7168,H
2026-03-15,LA Galaxy,Sporting Kansas City,1,2,2026,aDQ0WDaPqE,FullTime,4,2.2325,0.6118,A
2026-03-15,FC Dallas,San Diego FC,3,3,2026,9vQ2GrdaMK,FullTime,4,3.0753,1.8781,D
2026-03-15,Houston Dynamo,Portland Timbers,3,2,2026,NPqxLOmmq9,FullTime,4,1.802,2.5467,H
2026-03-15,Chicago Fire,D.C. United,1,2,2026,odMXVz4WqY,FullTime,4,2.147,1.5611,A
2026-03-15,Real Salt Lake,Austin FC,2,1,2026,KPqj3zoRQ6,FullTime,4,1.7888,0.7792,H
2026-03-21,Toronto FC,Columbus Crew,2,1,2026,e7Mzyo96Qr,FullTime,5,1.0074,0.948,H
2026-03-21,Philadelphia Union,Chicago Fire,1,2,2026,zeQZLzJ15K,FullTime,5,1.1008,1.6617,A
2026-03-21,Nashville SC,Orlando City,5,0,2026,BLMvVGlOMx,FullTime,5,3.6432,0.9888,H
2026-03-21,Charlotte FC,New York Red Bulls,6,1,2026,p6qbYzeB50,FullTime,5,2.7537,1.6139,H
2026-03-21,Atlanta United,D.C. United,0,0,2026,XVqKw7YOq0,FullTime,5,0.5655,0.1664,D
2026-03-22,San Diego FC,Real Salt Lake,2,2,2026,7VqGXPm6Qv,FullTime,5,2.0306,2.8381,D
2026-03-22,Portland Timbers,LA Galaxy,1,1,2026,0x5gxzPZq7,FullTime,5,0.593,2.8079,D
2026-03-22,Minnesota United,Seattle Sounders,0,0,2026,NWMWkzXKMl,FullTime,5,1.2362,0.8746,D
2026-03-22,New York City FC,Inter Miami CF,2,3,2026,KAqBroj4qb,FullTime,5,1.222,1.8881,A
2026-03-22,Vancouver Whitecaps,San Jose Earthquakes,0,1,2026,eVq36laD5W,FullTime,5,1.4468,1.0721,A
2026-03-22,Austin FC,LAFC,0,0,2026,N6Mmgz7ZqE,FullTime,5,1.0558,1.5741,D
2026-03-22,Sporting Kansas City,Colorado Rapids,1,4,2026,jYQJJy1PQG,FullTime,5,0.7109,3.9539,A
2026-03-22,FC Cincinnati,CF Montréal,4,3,2026,ljqEdkjz5x,FullTime,5,1.9008,2.3766,H
2026-03-22,St. Louis City SC,New England Revolution,3,1,2026,Oa5wP6Y8q1,FullTime,5,1.3471,0.8727,H
2026-03-22,FC Dallas,Houston Dynamo,4,3,2026,Xj5YPz8AMb,FullTime,5,1.774,1.4211,H
2026-04-04,New York Red Bulls,FC Cincinnati,4,2,2026,KAqBrojJqb,FullTime,6,2.0907,2.3414,H
2026-04-04,Inter Miami CF,Austin FC,2,2,2026,Oa5wP6Yjq1,FullTime,6,3.4372,1.4582,D
2026-04-04,New York City FC,St. Louis City SC,1,1,2026,eVq36la65W,FullTime,6,2.0239,1.6151,D
2026-04-04,Charlotte FC,Philadelphia Union,2,1,2026,2lqROeR0Qr,FullTime,6,1.4405,1.2977,H
2026-04-04,Atlanta United,Columbus Crew,1,3,2026,vzqoYzrkMa,FullTime,6,1.0983,1.617,A
2026-04-04,New England Revolution,CF Montréal,3,0,2026,0Oq6oelAQ6,FullTime,6,1.5855,1.5499,H
2026-04-04,Real Salt Lake,Sporting Kansas City,3,1,2026,gpMOglzEMz,FullTime,6,2.938,0.6279,H
2026-04-04,Toronto FC,Colorado Rapids,3,2,2026,gOMnGz6X5w,FullTime,6,1.6978,0.4723,H
2026-04-04,D.C. United,FC Dallas,0,4,2026,jYQJJy1yQG,FullTime,6,0.8465,2.3132,A
2026-04-05,Chicago Fire,Nashville SC,1,0,2026,NWMWkzX7Ml,FullTime,6,1.7185,1.2732,H
2026-04-05,Houston Dynamo,Seattle Sounders,0,1,2026,0x5gxzPrq7,FullTime,6,1.1802,1.1123,A
2026-04-05,LAFC,Orlando City,6,0,2026,7VqGXPmeQv,FullTime,6,2.6753,0.9328,H
2026-04-05,San Jose Earthquakes,San Diego FC,3,0,2026,gpMOglznMz,FullTime,6,3.7201,0.56,H
2026-04-05,Vancouver Whitecaps,Portland Timbers,3,2,2026,gOMnGz6m5w,FullTime,6,2.7666,0.7647,H
2026-04-05,LA Galaxy,Minnesota United,1,2,2026,0Oq6oelXQ6,FullTime,6,2.2036,1.7704,A
2026-04-11,Charlotte FC,Nashville SC,1,2,2026,9z5kBzalMA,FullTime,7,2.632,0.5264,A
2026-04-11,Inter Miami CF,New York Red Bulls,2,2,2026,315V9ze6M9,FullTime,7,2.5778,1.1043,D
2026-04-11,New England Revolution,D.C. United,1,0,2026,EGMPG8ljQa,FullTime,7,1.1494,1.7083,H
2026-04-11,CF Montréal,Philadelphia Union,1,2,2026,a35ro3KBqL,FullTime,7,1.1045,1.0615,A
2026-04-11,Portland Timbers,LAFC,2,1,2026,wvq9kwpZMW,FullTime,7,1.1699,1.7832,H
2026-04-11,Austin FC,LA Galaxy,1,2,2026,2lqROeRWQr,FullTime,7,0.961,0.9684,A
2026-04-11,Toronto FC,FC Cincinnati,1,1,2026,vzqoYzrjMa,FullTime,7,0.5803,0.8726,D
2026-04-11,Vancouver Whitecaps,New York City FC,2,0,2026,Pk5L3DgmMO,FullTime,7,3.3608,0.7182,H
2026-04-12,FC Dallas,St. Louis City SC,1,1,2026,raMyNnAA5d,FullTime,7,1.6389,1.052,D
2026-04-12,Chicago Fire,Atlanta United,1,0,2026,gjMNWrRv5K,FullTime,7,2.2486,2.1288,H
2026-04-12,Sporting Kansas City,San Jose Earthquakes,1,3,2026,7vQ7RXrYqD,FullTime,7,0.9363,1.6021,A
2026-04-12,Colorado Rapids,Houston Dynamo,6,2,2026,eV5D89La5K,FullTime,7,1.9167,1.5971,H
2026-04-12,San Diego FC,Minnesota United,1,2,2026,2vQ1g1N45r,FullTime,7,2.4393,3.0564,A
2026-04-12,Columbus Crew,Orlando City,1,1,2026,OlMlWz9gQL,FullTime,7,1.684,0.5413,D
2026-04-18,Atlanta United,Nashville SC,0,2,2026,9vQ2Gr21MK,FullTime,8,0.8429,1.9926,A
2026-04-18,New York City FC,Charlotte FC,1,2,2026,KPqj3z7yQ6,FullTime,8,1.6531,1.1063,A
2026-04-18,FC Cincinnati,Chicago Fire,3,3,2026,NPqxLOegq9,FullTime,8,3.917,2.1811,D
2026-04-18,New England Revolution,Columbus Crew,2,1,2026,aDQ0WDPpqE,FullTime,8,1.3546,1.1811,H
2026-04-18,Colorado Rapids,Inter Miami CF,2,3,2026,KXMeXzkxQ6,FullTime,8,1.3697,1.4536,A
2026-04-18,Orlando City,Houston Dynamo,0,1,2026,xW5pOJrlMg,FullTime,8,1.3202,1.3197,A
2026-04-18,CF Montréal,New York Red Bulls,4,1,2026,XVqKw7WRq0,FullTime,8,2.7215,0.993,H
2026-04-18,Toronto FC,Austin FC,3,3,2026,odMXVzR2qY,FullTime,8,3.4072,1.7534,D
2026-04-18,Vancouver Whitecaps,Sporting Kansas City,3,0,2026,9Yqdez69Qv,FullTime,8,3.6553,0.1389,H
2026-04-18,Philadelphia Union,D.C. United,0,0,2026,kRQalz2gqK,FullTime,8,1.3496,0.6719,D
2026-04-19,Seattle Sounders,St. Louis City SC,4,1,2026,BLMvVGzRMx,FullTime,8,1.7633,0.8205,H
2026-04-19,LAFC,San Jose Earthquakes,1,4,2026,p6qbYzO650,FullTime,8,1.8338,2.1688,A
2026-04-19,FC Dallas,LA Galaxy,2,2,2026,4JMA1n96MK,FullTime,8,1.7334,1.0147,D
2026-04-19,Minnesota United,Portland Timbers,2,0,2026,4wM4O8azQj,FullTime,8,2.2862,1.331,H
2026-04-19,Real Salt Lake,San Diego FC,4,2,2026,zeQZLz7K5K,FullTime,8,2.8847,1.6554,H
2026-04-22,Orlando City,Charlotte FC,4,1,2026,jYQJJyzyQG,FullTime,9,1.6136,1.7971,H
2026-04-22,New York Red Bulls,D.C. United,4,4,2026,Xj5YPz60Mb,FullTime,9,1.8311,3.5316,D
2026-04-22,Toronto FC,Philadelphia Union,3,3,2026,Oa5wP6Vjq1,FullTime,9,1.6737,0.976,D
2026-04-22,New York City FC,FC Cincinnati,4,4,2026,N6MmgzeRqE,FullTime,9,2.3487,1.768,D
2026-04-22,Atlanta United,New England Revolution,1,2,2026,ljqEdk2E5x,FullTime,9,2.6015,0.9455,A
2026-04-23,LAFC,Colorado Rapids,0,0,2026,0x5gxz2rq7,FullTime,9,0.176,0.463,D
2026-04-23,San Jose Earthquakes,Austin FC,5,1,2026,7VqGXPjeQv,FullTime,9,5.6967,0.772,H
2026-04-23,Houston Dynamo,San Diego FC,1,0,2026,KAqBro9Jqb,FullTime,9,0.7324,0.9452,H
2026-04-23,Real Salt Lake,Inter Miami CF,0,2,2026,NWMWkzV7Ml,FullTime,9,1.1873,2.202,A
2026-04-23,FC Dallas,Minnesota United,0,1,2026,eVq36lj65W,FullTime,9,1.2373,0.904,A
2026-04-23,Columbus Crew,LA Galaxy,2,1,2026,e7MzyolXQr,FullTime,9,1.1126,0.8473,H
2026-04-25,Toronto FC,Atlanta United,1,2,2026,gpMOglanMz,FullTime,10,0.6263,0.8104,A
2026-04-25,CF Montréal,New York City FC,1,0,2026,eV5D89Va5K,FullTime,10,0.8969,0.5491,H
2026-04-25,Minnesota United,LAFC,0,1,2026,0Oq6oewXQ6,FullTime,10,2.4538,0.895,A
2026-04-25,Inter Miami CF,New England Revolution,1,1,2026,wvq9kwgZMW,FullTime,10,2.8349,1.615,D
2026-04-25,Columbus Crew,Philadelphia Union,2,0,2026,vzqoYz7jMa,FullTime,10,1.0153,1.1975,H
2026-04-25,FC Cincinnati,New York Red Bulls,2,0,2026,gOMnGzRm5w,FullTime,10,2.6296,1.5667,H
2026-04-25,D.C. United,Orlando City,3,2,2026,2lqROekWQr,FullTime,10,1.0873,1.1305,H
2026-04-26,LA Galaxy,Real Salt Lake,2,1,2026,2vQ1g1Z45r,FullTime,10,2.6877,1.8089,H
2026-04-26,Vancouver Whitecaps,Colorado Rapids,3,1,2026,7vQ7RXYYqD,FullTime,10,4.3601,2.1655,H
2026-04-26,Seattle Sounders,FC Dallas,2,1,2026,raMyNnmA5d,FullTime,10,2.0921,0.7955,H
2026-04-26,Austin FC,Houston Dynamo,2,0,2026,9z5kBz7lMA,FullTime,10,0.8064,1.0032,H
2026-04-26,Chicago Fire,Sporting Kansas City,5,0,2026,315V9zX6M9,FullTime,10,3.363,0.4026,H
2026-04-26,San Diego FC,Portland Timbers,1,2,2026,gjMNWr1v5K,FullTime,10,2.0192,0.9233,A
2026-04-26,Nashville SC,Charlotte FC,4,2,2026,EGMPG8njQa,FullTime,10,1.234,1.0942,H
2026-04-26,St. Louis City SC,San Jose Earthquakes,2,3,2026,Pk5L3DkmMO,FullTime,10,2.7535,1.6096,A
2026-05-02,Toronto FC,San Jose Earthquakes,1,1,2026,4wM4O8lzQj,FullTime,11,0.963,0.9908,D
2026-05-02,Sporting Kansas City,Seattle Sounders,1,1,2026,a35ro3PBqL,FullTime,11,1.8565,2.0768,D
2026-05-02,Real Salt Lake,Portland Timbers,2,0,2026,OlMlWzAgQL,FullTime,11,2.882,1.2068,H
2026-05-02,Inter Miami CF,Orlando City,3,4,2026,Vj589Jy3q8,FullTime,11,3.4394,2.7917,A
2026-05-02,New England Revolution,Charlotte FC,1,0,2026,odMXVzJ2qY,FullTime,11,1.7754,1.4724,H
2026-05-02,Philadelphia Union,Nashville SC,0,0,2026,NPqxLOygq9,FullTime,11,1.7176,0.7216,D
2026-05-02,Columbus Crew,Minnesota United,2,3,2026,KXMeXz7xQ6,FullTime,11,1.6947,1.524,A
2026-05-02,New York Red Bulls,FC Dallas,0,2,2026,9vQ2Grj1MK,FullTime,11,0.7048,1.3912,A
2026-05-02,Atlanta United,CF Montréal,3,1,2026,9Yqdeza9Qv,FullTime,11,1.4716,1.0377,H
2026-05-03,Austin FC,St. Louis City SC,2,0,2026,zeQZLz3K5K,FullTime,11,2.0964,1.6756,H
2026-05-03,New York City FC,D.C. United,0,2,2026,4JMA1nd6MK,FullTime,11,0.545,2.8242,A
2026-05-03,LA Galaxy,Vancouver Whitecaps,1,1,2026,kRQalzngqK,FullTime,11,1.5851,2.2323,D
2026-05-03,San Diego FC,LAFC,2,2,2026,xW5pOJklMg,FullTime,11,1.2903,1.3726,D
2026-05-03,Houston Dynamo,Colorado Rapids,1,0,2026,KPqj3zRyQ6,FullTime,11,0.7833,0.4778,H
2026-05-03,Chicago Fire,FC Cincinnati,2,3,2026,aDQ0WDjpqE,FullTime,11,4.7152,1.8921,A
2026-05-09,Toronto FC,Inter Miami CF,2,4,2026,0x5gxzorq7,FullTime,12,1.0024,1.6333,A
2026-05-09,Chicago Fire,New York Red Bulls,1,3,2026,BLMvVGPRMx,FullTime,12,1.2734,1.5461,A
2026-05-09,CF Montréal,Orlando City,2,0,2026,NWMWkz87Ml,FullTime,12,2.6763,0.7405,H
2026-05-09,Charlotte FC,FC Cincinnati,2,2,2026,p6qbYzX650,FullTime,12,1.6934,1.612,D
2026-05-09,New England Revolution,Philadelphia Union,2,1,2026,ljqEdkDE5x,FullTime,12,1.0613,1.3859,H
2026-05-09,Atlanta United,LA Galaxy,1,2,2026,XVqKw7dRq0,FullTime,12,1.5078,2.3447,A
2026-05-10,New York City FC,Columbus Crew,3,0,2026,KAqBroVJqb,FullTime,12,1.3323,1.2056,H
2026-05-10,San Jose Earthquakes,Vancouver Whitecaps,1,1,2026,Oa5wP6Ojq1,FullTime,12,1.3116,1.9949,D
2026-05-10,Seattle Sounders,San Diego FC,1,1,2026,eVq36lp65W,FullTime,12,3.7565,1.9061,D
2026-05-10,Minnesota United,Austin FC,2,2,2026,7VqGXPNeQv,FullTime,12,2.7571,1.6848,D
2026-05-10,Colorado Rapids,St. Louis City SC,0,1,2026,Xj5YPzw0Mb,FullTime,12,1.7483,1.6896,A
2026-05-10,Nashville SC,D.C. United,2,2,2026,N6MmgzlRqE,FullTime,12,2.0323,2.161,D
2026-05-10,Portland Timbers,Sporting Kansas City,6,0,2026,jYQJJy8yQG,FullTime,12,1.2378,0.4412,H
2026-05-10,FC Dallas,Real Salt Lake,3,1,2026,e7MzyomXQr,FullTime,12,2.3267,0.8413,H
2026-05-11,LAFC,Houston Dynamo,1,4,2026,0Oq6oexXQ6,FullTime,12,1.3936,0.9703,A
2026-05-13,CF Montréal,Portland Timbers,2,2,2026,2lqROe2WQr,FullTime,13,2.1024,1.7891,D
2026-05-13,New York Red Bulls,Columbus Crew,3,2,2026,Oa5wP6O4q1,FullTime,13,2.8158,1.6025,H
2026-05-13,Orlando City,Philadelphia Union,4,3,2026,eVq36lpV5W,FullTime,13,2.5759,1.9926,H
2026-05-13,Charlotte FC,New York City FC,0,1,2026,gpMOgl9nMz,FullTime,13,0.3881,1.0691,A
2026-05-13,New England Revolution,Nashville SC,0,3,2026,jYQJJy8kQG,FullTime,13,0.655,1.2037,A
2026-05-13,D.C. United,Chicago Fire,1,3,2026,vzqoYzPjMa,FullTime,13,1.1058,2.2727,A
2026-05-13,FC Cincinnati,Inter Miami CF,3,5,2026,gOMnGzPm5w,FullTime,13,1.5581,2.8651,A
2026-05-14,Seattle Sounders,San Jose Earthquakes,3,2,2026,gOMnGz2l5w,FullTime,13,3.4179,1.4765,H
2026-05-14,San Diego FC,Austin FC,5,0,2026,gpMOglrrMz,FullTime,13,2.5268,0.6069,H
2026-05-14,Real Salt Lake,Houston Dynamo,3,0,2026,0Oq6oeExQ6,FullTime,13,0.768,0.8641,H
2026-05-14,St. Louis City SC,LAFC,2,1,2026,7VqGXPJjQv,FullTime,13,2.0135,2.2899,H
2026-05-14,FC Dallas,Vancouver Whitecaps,2,3,2026,KAqBroVBqb,FullTime,13,1.4054,0.9729,A
2026-05-14,Minnesota United,Colorado Rapids,0,1,2026,0x5gxz6Pq7,FullTime,13,1.3504,0.4777,A
2026-05-14,Sporting Kansas City,LA Galaxy,3,1,2026,NWMWkzLEMl,FullTime,13,2.5213,1.6221,H
2026-05-16,New York Red Bulls,New York City FC,1,1,2026,315V9zknM9,FullTime,14,2.3025,1.4405,D
2026-05-16,New England Revolution,Minnesota United,2,1,2026,9z5kBzOdMA,FullTime,14,2.0075,2.2697,H
2026-05-16,D.C. United,St. Louis City SC,1,1,2026,2lqROePJQr,FullTime,14,1.273,1.0686,D
2026-05-16,Charlotte FC,Toronto FC,3,1,2026,vzqoYzGJMa,FullTime,14,2.5335,1.3564,H
2026-05-16,CF Montréal,Chicago Fire,0,2,2026,wvq9kw3BMW,FullTime,14,1.3333,1.7665,A
2026-05-16,Philadelphia Union,Columbus Crew,1,1,2026,Pk5L3D7YMO,FullTime,14,0.9828,0.6035,D
2026-05-16,Orlando City,Atlanta United,1,1,2026,EGMPG816Qa,FullTime,14,1.4347,1.6425,D
2026-05-17,Houston Dynamo,Vancouver Whitecaps,1,0,2026,raMyNnyd5d,FullTime,14,1.3951,0.586,H
2026-05-17,Austin FC,Sporting Kansas City,1,2,2026,gjMNWreD5K,FullTime,14,0.3659,1.637,A
2026-05-17,Seattle Sounders,LA Galaxy,0,2,2026,7vQ7RXJGqD,FullTime,14,1.7933,1.8758,A
2026-05-17,Real Salt Lake,Colorado Rapids,2,1,2026,eV5D89an5K,FullTime,14,1.7247,0.8338,H
2026-05-17,San Diego FC,FC Cincinnati,3,3,2026,2vQ1g1jO5r,FullTime,14,1.9386,1.5162,D
2026-05-17,San Jose Earthquakes,FC Dallas,2,3,2026,a35ro3r2qL,FullTime,14,2.085,2.8,A
2026-05-17,Inter Miami CF,Portland Timbers,2,0,2026,OlMlWznDQL,FullTime,14,4.2654,1.29,H
2026-05-18,Nashville SC,LAFC,3,2,2026,Vj589JwLq8,FullTime,14,0.6761,2.541,H
2026-05-23,D.C. United,CF Montréal,4,4,2026,9vQ2Gr9mMK,FullTime,15,2.9925,3.6957,D
2026-05-23,Charlotte FC,New England Revolution,1,0,2026,KXMeXzRPQ6,FullTime,15,1.5937,1.0085,H
2026-05-23,Minnesota United,Real Salt Lake,1,1,2026,KPqj3z6YQ6,FullTime,15,0.9024,0.4121,D
2026-05-23,St. Louis City SC,Austin FC,3,0,2026,9YqdezYEQv,FullTime,15,1.0247,0.6087,H
2026-05-23,FC Cincinnati,Orlando City,6,2,2026,odMXVzPxqY,FullTime,15,3.4671,2.0573,H
2026-05-24,Inter Miami CF,Philadelphia Union,6,4,2026,XVqKw7G0q0,FullTime,15,4.6212,4.1817,H
2026-05-24,LA Galaxy,Houston Dynamo,1,1,2026,zeQZLzjr5K,FullTime,15,3.0485,0.6972,D
2026-05-24,Portland Timbers,San Jose Earthquakes,1,3,2026,4JMA1nL1MK,FullTime,15,2.366,1.052,A
2026-05-24,Columbus Crew,Atlanta United,2,0,2026,BLMvVGkWMx,FullTime,15,1.5188,1.393,H
2026-05-24,Colorado Rapids,FC Dallas,1,2,2026,kRQalzejqK,FullTime,15,1.6117,1.7167,A
2026-05-24,Chicago Fire,Toronto FC,2,1,2026,NPqxLOnXq9,FullTime,15,1.7772,1.5168,H
2026-05-24,Sporting Kansas City,New York Red Bulls,1,2,2026,aDQ0WDL3qE,FullTime,15,1.8081,1.0068,A
2026-05-24,Nashville SC,New York City FC,2,1,2026,xW5pOJdJMg,FullTime,15,1.0139,1.5094,H
2026-05-24,San Diego FC,Vancouver Whitecaps,2,4,2026,4wM4O8ZNQj,FullTime,15,1.1374,4.1175,A
2026-05-25,LAFC,Seattle Sounders,1,0,2026,p6qbYzRw50,FullTime,15,1.9038,1.1582,H
2026-07-16,CF Montréal,Toronto FC,0,0,2026,ljqEdkV45x,FullTime,16,0.9624,0.5362,D
2026-07-17,St. Louis City SC,Sporting Kansas City,3,2,2026,N6MmgzKxqE,FullTime,16,2.9976,1.5524,H
2026-07-17,Seattle Sounders,Portland Timbers,1,5,2026,Xj5YPzLRMb,FullTime,16,0.6297,2.9478,A
2026-07-18,Nashville SC,Atlanta United,1,0,2026,jYQJJyBkQG,FullTime,16,0.7986,1.7461,H
2026-07-18,LA Galaxy,LAFC,0,3,2026,Oa5wP6n4q1,FullTime,16,1.3708,2.2145,A
2026-07-22,New England Revolution,Toronto FC,0,0,2026,0x5gxzLPq7,FullTime,17,1.05,1.4341,D
2026-07-22,Philadelphia Union,New York Red Bulls,3,1,2026,7VqGXP0jQv,FullTime,17,2.9895,0.746,H
2026-07-22,FC Cincinnati,Vancouver Whitecaps,4,3,2026,eVq36l2V5W,FullTime,17,1.9301,1.8818,H
2026-07-22,Inter Miami CF,Chicago Fire,3,2,2026,NWMWkzlEMl,FullTime,17,2.3158,2.0631,H
2026-07-22,Columbus Crew,New York City FC,1,2,2026,KAqBroeBqb,FullTime,17,1.7296,1.5401,A
2026-07-23,Charlotte FC,Atlanta United,2,2,2026,0Oq6oe3xQ6,FullTime,17,3.4885,1.7889,D
2026-07-23,Sporting Kansas City,Minnesota United,2,1,2026,vzqoYzdJMa,FullTime,17,1.2384,1.648,H
2026-07-23,Houston Dynamo,D.C. United,1,1,2026,gOMnGzll5w,FullTime,17,1.07,0.6377,D
2026-07-23,Nashville SC,CF Montréal,1,0,2026,2lqROejJQr,FullTime,17,1.9679,1.0576,H
2026-07-23,Colorado Rapids,San Diego FC,1,0,2026,wvq9kweBMW,FullTime,17,0.5865,0.9786,H
2026-07-23,Austin FC,Seattle Sounders,3,1,2026,gpMOglorMz,FullTime,17,1.6751,1.5406,H
2026-07-23,San Jose Earthquakes,Orlando City,0,4,2026,Pk5L3DeYMO,FullTime,17,1.3957,1.6054,A
2026-07-23,Portland Timbers,FC Dallas,2,2,2026,EGMPG8Z6Qa,FullTime,17,2.6291,1.5536,D
2026-07-23,LA Galaxy,St. Louis City SC,1,3,2026,9z5kBzbdMA,FullTime,17,1.2854,2.1144,A
2026-07-23,LAFC,Real Salt Lake,3,1,2026,315V9zPnM9,FullTime,17,1.4831,2.1721,H
2026-07-25,CF Montréal,Inter Miami CF,0,1,2026,7vQ7RXBGqD,FullTime,18,1.8468,2.0335,A
2026-07-25,New York City FC,Chicago Fire,3,1,2026,2vQ1g14O5r,FullTime,18,1.6477,1.7793,H
2026-07-25,Philadelphia Union,Seattle Sounders,1,0,2026,Vj589JWLq8,FullTime,18,1.4182,0.6519,H
2026-07-25,New England Revolution,Atlanta United,4,1,2026,eV5D89zn5K,FullTime,18,2.2924,1.3094,H
2026-07-25,D.C. United,Toronto FC,2,1,2026,raMyNnrd5d,FullTime,18,2.0775,1.3985,H
2026-07-25,Columbus Crew,FC Cincinnati,2,1,2026,gjMNWrjD5K,FullTime,18,2.1188,0.917,H
2026-07-25,New York Red Bulls,Charlotte FC,0,2,2026,a35ro3y2qL,FullTime,18,2.6788,0.7297,A
2026-07-26,St. Louis City SC,Colorado Rapids,1,0,2026,odMXVz7xqY,FullTime,18,1.0107,0.1292,H
2026-07-26,Minnesota United,Vancouver Whitecaps,0,0,2026,KXMeXz8PQ6,FullTime,18,1.2813,0.5211,D
2026-07-26,Houston Dynamo,Austin FC,3,0,2026,9YqdezoEQv,FullTime,18,1.629,1.2275,H
2026-07-26,Orlando City,Nashville SC,1,0,2026,OlMlWzeDQL,FullTime,18,1.0104,1.0015,H
2026-07-26,San Diego FC,FC Dallas,1,0,2026,9vQ2GrZmMK,FullTime,18,1.6039,0.6699,H
2026-07-26,Portland Timbers,Real Salt Lake,2,1,2026,aDQ0WDN3qE,FullTime,18,2.3597,0.2449,H
2026-07-26,LAFC,Sporting Kansas City,4,0,2026,NPqxLOxXq9,FullTime,18,1.4231,0.6047,H
2026-07-26,San Jose Earthquakes,LA Galaxy,1,1,2026,KPqj3zKYQ6,FullTime,18,4.0209,1.1415,D
2026-07-31,New York City FC,Toronto FC,1,1,2026,xW5pOJyJMg,FullTime,19,2.3255,0.9261,D
2026-08-01,Vancouver Whitecaps,LAFC,1,1,2026,p6qbYzow50,FullTime,19,2.6711,0.3122,D
2026-08-01,Philadelphia Union,Atlanta United,3,2,2026,XVqKw7e0q0,FullTime,19,2.4437,0.6996,H
2026-08-01,New York Red Bulls,Orlando City,3,2,2026,BLMvVG7WMx,FullTime,19,3.8215,3.7768,H
2026-08-01,D.C. United,Nashville SC,2,2,2026,4JMA1no1MK,FullTime,19,2.0278,1.8066,D
2026-08-01,CF Montréal,New England Revolution,2,2,2026,zeQZLzXr5K,FullTime,19,1.1358,4.1208,D
2026-08-02,FC Cincinnati,San Jose Earthquakes,4,2,2026,kRQalzojqK,FullTime,19,2.9736,1.4461,H
2026-08-02,Portland Timbers,Seattle Sounders,2,1,2026,eVq36lxV5W,FullTime,19,2.0247,1.3826,H
2026-08-02,LA Galaxy,FC Dallas,0,0,2026,Oa5wP6A4q1,FullTime,19,1.5921,2.1718,D
2026-08-02,Colorado Rapids,Austin FC,1,0,2026,jYQJJyakQG,FullTime,19,2.9018,0.8553,H
2026-08-02,Chicago Fire,Charlotte FC,2,1,2026,ljqEdkL45x,FullTime,19,1.1705,1.1169,H
2026-08-02,St. Louis City SC,Real Salt Lake,1,1,2026,Xj5YPz9RMb,FullTime,19,2.2198,1.2372,D
2026-08-02,Sporting Kansas City,Houston Dynamo,0,2,2026,e7MzyoJGQr,FullTime,19,0.4956,1.3667,A
2026-08-02,Inter Miami CF,Columbus Crew,2,2,2026,4wM4O8JNQj,FullTime,19,1.5154,1.0136,D
2026-08-02,Minnesota United,San Diego FC,1,1,2026,N6MmgzoxqE,FullTime,19,1.2026,1.8501,D
2026-08-08,New England Revolution,Houston Dynamo,0,2,2026,7VqGXPV6Qv,FullTime,3,0.4275,1.0814,A
2026-08-15,Charlotte FC,Columbus Crew,3,1,2026,NWMWkzoEMl,FullTime,20,1.8463,2.3387,H
2026-08-15,Atlanta United,New York Red Bulls,2,1,2026,KAqBroNBqb,FullTime,20,1.9896,1.3631,H
2026-08-15,Orlando City,FC Cincinnati,1,1,2026,7VqGXP3jQv,FullTime,20,1.8096,0.996,D
2026-08-15,CF Montréal,D.C. United,1,1,2026,0x5gxzWPq7,FullTime,20,2.6921,0.7275,D
2026-08-15,Toronto FC,New England Revolution,2,1,2026,0Oq6oeLxQ6,FullTime,20,0.1609,2.481,H
2026-08-16,New York City FC,Philadelphia Union,2,3,2026,NWMWkzoDMl,FullTime,20,2.6469,2.7083,A
2026-08-16,Chicago Fire,Portland Timbers,2,1,2026,KAqBrokmqb,FullTime,20,1.2706,1.1657,H
2026-08-16,LAFC,San Diego FC,0,1,2026,Oa5wP6dDq1,FullTime,20,1.1002,1.0466,A
2026-08-16,Nashville SC,Inter Miami CF,4,1,2026,vzqoYzJJMa,FullTime,20,2.1994,2.7066,H
2026-08-16,Colorado Rapids,Sporting Kansas City,2,0,2026,2lqROe7JQr,FullTime,20,3.134,0.4142,H
2026-08-16,Real Salt Lake,Minnesota United,1,1,2026,jYQJJygZQG,FullTime,20,1.1911,2.3721,D
2026-08-16,Houston Dynamo,LA Galaxy,1,0,2026,gOMnGzYl5w,FullTime,20,1.3506,0.9571,H
2026-08-16,San Jose Earthquakes,St. Louis City SC,1,3,2026,eVq36lyX5W,FullTime,20,0.2249,3.1113,A
2026-08-17,Austin FC,FC Dallas,1,2,2026,gpMOglerMz,FullTime,20,0.7128,1.6289,A
2026-08-17,Seattle Sounders,Vancouver Whitecaps,0,2,2026,0x5gxzWwq7,FullTime,20,0.8935,1.9301,A
2026-08-19,Toronto FC,Charlotte FC,3,3,2026,wvq9kwXNMW,FullTime,21,2.1344,1.9379,D
2026-08-19,Orlando City,Chicago Fire,1,2,2026,vzqoYzJNMa,FullTime,21,1.725,1.3507,A
2026-08-19,D.C. United,New England Revolution,0,3,2026,gpMOgleDMz,FullTime,21,2.024,2.4503,A
2026-08-19,New York Red Bulls,Nashville SC,0,1,2026,gOMnGzY85w,FullTime,21,2.2977,1.0623,A
2026-08-19,FC Cincinnati,New York City FC,2,1,2026,7VqGXP3zQv,FullTime,21,1.5133,2.147,H
2026-08-19,Philadelphia Union,Inter Miami CF,2,2,2026,2lqROe7aQr,FullTime,21,3.2386,1.5569,D
2026-08-19,Columbus Crew,CF Montréal,1,2,2026,0Oq6oeLgQ6,FullTime,21,0.4171,1.3726,A
2026-08-20,Portland Timbers,San Diego FC,3,1,2026,7vQ7RXxOqD,FullTime,21,1.8458,1.7353,H
2026-08-20,Vancouver Whitecaps,Houston Dynamo,0,1,2026,eV5D89k95K,FullTime,21,1.7628,0.8261,A
2026-08-20,LA Galaxy,San Jose Earthquakes,1,0,2026,raMyNnel5d,FullTime,21,1.7648,2.1219,H
2026-08-20,Seattle Sounders,Austin FC,1,2,2026,gjMNWr635K,FullTime,21,1.5936,1.2353,A
2026-08-20,Real Salt Lake,FC Dallas,3,4,2026,Pk5L3D6EMO,FullTime,21,1.8652,2.3625,A
2026-08-20,Minnesota United,Atlanta United,1,2,2026,9z5kBz3JMA,FullTime,21,2.5159,1.1833,A
2026-08-20,Sporting Kansas City,St. Louis City SC,1,1,2026,315V9z7YM9,FullTime,21,2.2535,0.7152,D
2026-08-20,Colorado Rapids,LAFC,1,0,2026,EGMPG8RxQa,FullTime,21,2.9426,0.5818,H
2026-08-22,FC Cincinnati,Seattle Sounders,1,1,2026,a35ro3BoqL,FullTime,22,1.9387,1.2454,D
2026-08-22,CF Montréal,LA Galaxy,2,2,2026,Vj589JlDq8,FullTime,22,1.7709,1.0714,D
2026-08-22,Inter Miami CF,Toronto FC,1,2,2026,OlMlWzB4QL,FullTime,22,1.8102,0.7741,A
2026-08-22,Orlando City,Real Salt Lake,2,1,2026,KXMeXz3vQ6,FullTime,22,2.2366,0.4049,H
2026-08-22,New York Red Bulls,Chicago Fire,1,1,2026,9Yqdezw7Qv,FullTime,22,0.7292,0.7634,D
2026-08-22,Charlotte FC,D.C. United,3,1,2026,2vQ1g1db5r,FullTime,22,2.0743,1.7516,H
2026-08-23,Atlanta United,Sporting Kansas City,2,1,2026,4wM4O8EyQj,FullTime,22,1.681,0.6244,H
2026-08-23,New England Revolution,New York City FC,1,1,2026,4JMA1nk2MK,FullTime,22,3.0989,1.3501,D
2026-08-23,San Jose Earthquakes,Minnesota United,1,5,2026,kRQalzWkqK,FullTime,22,2.1606,2.057,A
2026-08-23,LAFC,Portland Timbers,1,1,2026,KPqj3zw2Q6,FullTime,22,3.1763,0.8019,D
2026-08-23,Vancouver Whitecaps,FC Dallas,5,0,2026,aDQ0WDlGqE,FullTime,22,1.5477,1.7364,H
2026-08-23,Austin FC,Philadelphia Union,1,1,2026,odMXVzEeqY,FullTime,22,1.4414,0.9627,D
2026-08-23,Nashville SC,Columbus Crew,3,2,2026,9vQ2Gr4LMK,FullTime,22,0.7912,0.2597,H
2026-08-23,St. Louis City SC,Houston Dynamo,2,1,2026,NPqxLOAWq9,FullTime,22,1.3392,1.5931,H
2026-08-23,San Diego FC,Colorado Rapids,3,0,2026,xW5pOJwRMg,FullTime,22,1.2416,0.4908,H
2026-08-29,Seattle Sounders,Chicago Fire,2,2,2026,zeQZLzkY5K,FullTime,23,1.0934,2.3105,D
2026-08-29,D.C. United,LAFC,0,0,2026,p6qbYz3X50,FullTime,23,1.3334,1.7962,D
2026-08-29,Inter Miami CF,CF Montréal,7,1,2026,ljqEdk9V5x,FullTime,23,3.0579,0.7831,H
2026-08-29,New York Red Bulls,Philadelphia Union,1,3,2026,e7Mzyo0JQr,FullTime,23,2.9602,2.528,A
2026-08-29,Toronto FC,New York City FC,1,1,2026,N6MmgzGWqE,FullTime,23,0.5813,0.3027,D
2026-08-29,Atlanta United,Charlotte FC,0,2,2026,BLMvVGrlMx,FullTime,23,1.0745,2.1716,A
2026-08-30,St. Louis City SC,FC Dallas,3,3,2026,7VqGXPLzQv,FullTime,23,1.2734,1.2171,D
2026-08-30,Columbus Crew,New England Revolution,1,3,2026,XVqKw7LWq0,FullTime,23,0.6028,1.4192,A
2026-08-30,Portland Timbers,Austin FC,1,2,2026,NWMWkzgDMl,FullTime,23,1.9686,1.2539,A
2026-08-30,San Diego FC,LA Galaxy,3,1,2026,0x5gxzJwq7,FullTime,23,2.5664,0.895,H
2026-08-30,Minnesota United,Orlando City,3,3,2026,Oa5wP60Dq1,FullTime,23,3.1479,0.995,D
2026-08-30,Houston Dynamo,San Jose Earthquakes,0,0,2026,Xj5YPzyyMb,FullTime,23,0.7018,1.1531,D
2026-08-30,Nashville SC,FC Cincinnati,4,0,2026,eVq36lrX5W,FullTime,23,2.1469,1.9005,H
2026-08-30,Sporting Kansas City,Vancouver Whitecaps,0,3,2026,jYQJJyYZQG,FullTime,23,0.5035,3.3313,A
2026-08-30,Colorado Rapids,Real Salt Lake,1,0,2026,KAqBrovmqb,FullTime,23,2.2858,0.1335,H
2026-09-04,New York City FC,Nashville SC,0,0,2026,0Oq6oe2gQ6,FullTime,24,1.0263,1.293,D
2026-09-05,Philadelphia Union,CF Montréal,2,0,2026,9z5kBzWJMA,FullTime,24,2.9496,1.5557,H
2026-09-05,Toronto FC,Chicago Fire,4,4,2026,315V9zWYM9,FullTime,24,1.8591,2.4521,D
2026-09-05,Columbus Crew,Colorado Rapids,3,0,2026,vzqoYzONMa,FullTime,24,1.8592,0.5244,H
2026-09-05,Orlando City,San Diego FC,1,0,2026,wvq9kwjNMW,FullTime,24,2.3048,0.3349,H
2026-09-05,Charlotte FC,Houston Dynamo,0,0,2026,gpMOglLDMz,FullTime,24,1.0881,1.2637,D
2026-09-06,Seattle Sounders,New York Red Bulls,0,0,2026,gjMNWr735K,FullTime,24,1.4215,0.9894,D
2026-09-06,FC Dallas,Sporting Kansas City,4,3,2026,Pk5L3DzEMO,FullTime,24,2.5473,3.1529,H
2026-09-06,Austin FC,San Jose Earthquakes,1,1,2026,EGMPG8rxQa,FullTime,24,1.6601,1.1369,D
2026-09-06,Inter Miami CF,Atlanta United,2,2,2026,2lqROeJaQr,FullTime,24,1.4928,3.5152,D
2026-09-06,LA Galaxy,New England Revolution,2,1,2026,raMyNnol5d,FullTime,24,1.1773,2.595,H
2026-09-06,Real Salt Lake,LAFC,2,2,2026,7vQ7RXeOqD,FullTime,24,2.8609,2.5414,D
2026-09-06,Portland Timbers,Minnesota United,5,4,2026,eV5D89295K,FullTime,24,2.1376,2.0232,H
2026-09-06,Vancouver Whitecaps,St. Louis City SC,1,3,2026,2vQ1g1Rb5r,FullTime,24,1.3946,1.4975,A
